timestamp,value
2013-12-02 21:15:00,69.827
2013-12-02 21:20:00,69.973
2013-12-02 21:25:00,70.228
2013-12-02 21:30:00,71.384
2013-12-02 21:35:00,70.569
2013-12-02 21:40:00,69.105
2013-12-02 21:45:00,71.48
2013-12-02 21:50:00,70.94
2013-12-02 21:55:00,71.179
2013-12-02 22:00:00,71.756
2013-12-02 22:05:00,72.073
2013-12-02 22:10:00,73.366
2013-12-02 22:15:00,72.933
2013-12-02 22:20:00,72.452
2013-12-02 22:25:00,71.607
2013-12-02 22:30:00,71.447
2013-12-02 22:35:00,73.131
2013-12-02 22:40:00,74.579
2013-12-02 22:45:00,73.224
2013-12-02 22:50:00,73.213
2013-12-02 22:55:00,74.144
2013-12-02 23:00:00,71.925
2013-12-02 23:05:00,73.456
2013-12-02 23:10:00,74.58
2013-12-02 23:15:00,75.198
2013-12-02 23:20:00,74.017
2013-12-02 23:25:00,74.912
2013-12-02 23:30:00,74.911
2013-12-02 23:35:00,75.702
2013-12-02 23:40:00,73.575
2013-12-02 23:45:00,75.739
2013-12-02 23:50:00,73.383
2013-12-02 23:55:00,72.198
2013-12-03 00:00:00,74.752
2013-12-03 00:05:00,74.517
2013-12-03 00:10:00,76.801
2013-12-03 00:15:00,76.678
2013-12-03 00:20:00,74.546
2013-12-03 00:25:00,77.151
2013-12-03 00:30:00,75.055
2013-12-03 00:35:00,76.274
2013-12-03 00:40:00,76.141
2013-12-03 00:45:00,76.745
2013-12-03 00:50:00,77.701
2013-12-03 00:55:00,77.593
2013-12-03 01:00:00,77.351
2013-12-03 01:05:00,77.813
2013-12-03 01:10:00,77.705
2013-12-03 01:15:00,76.474
2013-12-03 01:20:00,76.457
2013-12-03 01:25:00,76.843
2013-12-03 01:30:00,78.091
2013-12-03 01:35:00,77.273
2013-12-03 01:40:00,80.454
2013-12-03 01:45:00,76.743
2013-12-03 01:50:00,76.479
2013-12-03 01:55:00,78.787
2013-12-03 02:00:00,79.635
2013-12-03 02:05:00,78.596
2013-12-03 02:10:00,79.049
2013-12-03 02:15:00,79.811
2013-12-03 02:20:00,78.036
2013-12-03 02:25:00,76.487
2013-12-03 02:30:00,77.598
2013-12-03 02:35:00,79.418
2013-12-03 02:40:00,76.577
2013-12-03 02:45:00,78.38
2013-12-03 02:50:00,78.671
2013-12-03 02:55:00,78.012
2013-12-03 03:00:00,79.278
2013-12-03 03:05:00,79.122
2013-12-03 03:10:00,81.223
2013-12-03 03:15:00,79.189
2013-12-03 03:20:00,77.718
2013-12-03 03:25:00,77.775
2013-12-03 03:30:00,77.448
2013-12-03 03:35:00,79.582
2013-12-03 03:40:00,77.748
2013-12-03 03:45:00,78.329
2013-12-03 03:50:00,79.294
2013-12-03 03:55:00,77.504
2013-12-03 04:00:00,77.993
2013-12-03 04:05:00,76.106
2013-12-03 04:10:00,76.983
2013-12-03 04:15:00,77.564
2013-12-03 04:20:00,78.703
2013-12-03 04:25:00,79.592
2013-12-03 04:30:00,78.089
2013-12-03 04:35:00,78.373
2013-12-03 04:40:00,78.205
2013-12-03 04:45:00,79.246
2013-12-03 04:50:00,78.954
2013-12-03 04:55:00,78.145
2013-12-03 05:00:00,76.533
2013-12-03 05:05:00,78.758
2013-12-03 05:10:00,78.055
2013-12-03 05:15:00,78.99
2013-12-03 05:20:00,77.399
2013-12-03 05:25:00,79.692
2013-12-03 05:30:00,76.828
2013-12-03 05:35:00,79.078
2013-12-03 05:40:00,77.209
2013-12-03 05:45:00,76.352
2013-12-03 05:50:00,75.516
2013-12-03 05:55:00,76.584
2013-12-03 06:00:00,78.366
2013-12-03 06:05:00,77.527
2013-12-03 06:10:00,77.26
2013-12-03 06:15:00,73.466
2013-12-03 06:20:00,77.052
2013-12-03 06:25:00,76.744
2013-12-03 06:30:00,75.293
2013-12-03 06:35:00,75.073
2013-12-03 06:40:00,75.695
2013-12-03 06:45:00,77.636
2013-12-03 06:50:00,74.166
2013-12-03 06:55:00,74.783
2013-12-03 07:00:00,76.792
2013-12-03 07:05:00,74.482
2013-12-03 07:10:00,74.438
2013-12-03 07:15:00,74.848
2013-12-03 07:20:00,73.095
2013-12-03 07:25:00,74.7
2013-12-03 07:30:00,72.835
2013-12-03 07:35:00,75.197
2013-12-03 07:40:00,73.985
2013-12-03 07:45:00,76.567
2013-12-03 07:50:00,74.008
2013-12-03 07:55:00,75.152
2013-12-03 08:00:00,71.79
2013-12-03 08:05:00,73.047
2013-12-03 08:10:00,73.42
2013-12-03 08:15:00,74.965
2013-12-03 08:20:00,70.69
2013-12-03 08:25:00,73.731
2013-12-03 08:30:00,73.087
2013-12-03 08:35:00,74.052
2013-12-03 08:40:00,72.9
2013-12-03 08:45:00,71.941
2013-12-03 08:50:00,71.085
2013-12-03 08:55:00,70.045
2013-12-03 09:00:00,71.609
2013-12-03 09:05:00,70.975
2013-12-03 09:10:00,73.461
2013-12-03 09:15:00,70.135
2013-12-03 09:20:00,71.083
2013-12-03 09:25:00,68.647
2013-12-03 09:30:00,69.887
2013-12-03 09:35:00,70.506
2013-12-03 09:40:00,71.014
2013-12-03 09:45:00,71.595
2013-12-03 09:50:00,69.637
2013-12-03 09:55:00,68.183
2013-12-03 10:00:00,69.907
2013-12-03 10:05:00,69.812
2013-12-03 10:10:00,69.618
2013-12-03 10:15:00,68.024
2013-12-03 10:20:00,70.061
2013-12-03 10:25:00,68.645
2013-12-03 10:30:00,69.219
2013-12-03 10:35:00,69.749
2013-12-03 10:40:00,68.794
2013-12-03 10:45:00,68.25
2013-12-03 10:50:00,70.334
2013-12-03 10:55:00,67.89
2013-12-03 11:00:00,67.09
2013-12-03 11:05:00,67.43
2013-12-03 11:10:00,68.926
2013-12-03 11:15:00,67.142
2013-12-03 11:20:00,67.478
2013-12-03 11:25:00,68.147
2013-12-03 11:30:00,65.956
2013-12-03 11:35:00,64.361
2013-12-03 11:40:00,66.656
2013-12-03 11:45:00,66.438
2013-12-03 11:50:00,65.301
2013-12-03 11:55:00,66.946
2013-12-03 12:00:00,66.502
2013-12-03 12:05:00,64.455
2013-12-03 12:10:00,66.149
2013-12-03 12:15:00,65.172
2013-12-03 12:20:00,63.511
2013-12-03 12:25:00,65.72
2013-12-03 12:30:00,65.011
2013-12-03 12:35:00,64.062
2013-12-03 12:40:00,65.479
2013-12-03 12:45:00,65.334
2013-12-03 12:50:00,63.956
2013-12-03 12:55:00,65.033
2013-12-03 13:00:00,65.677
2013-12-03 13:05:00,63.514
2013-12-03 13:10:00,64.739
2013-12-03 13:15:00,64.202
2013-12-03 13:20:00,66.837
2013-12-03 13:25:00,61.806
2013-12-03 13:30:00,64.801
2013-12-03 13:35:00,63.529
2013-12-03 13:40:00,63.71
2013-12-03 13:45:00,66.048
2013-12-03 13:50:00,63.696
2013-12-03 13:55:00,66.339
2013-12-03 14:00:00,63.067
2013-12-03 14:05:00,63.968
2013-12-03 14:10:00,62.913
2013-12-03 14:15:00,62.631
2013-12-03 14:20:00,63.497
2013-12-03 14:25:00,63.048
2013-12-03 14:30:00,63.599
2013-12-03 14:35:00,60.803
2013-12-03 14:40:00,65.709
2013-12-03 14:45:00,63.086
2013-12-03 14:50:00,65.361
2013-12-03 14:55:00,62.049
2013-12-03 15:00:00,63.6
2013-12-03 15:05:00,67.043
2013-12-03 15:10:00,62.2
2013-12-03 15:15:00,61.453
2013-12-03 15:20:00,62.598
2013-12-03 15:25:00,63.831
2013-12-03 15:30:00,64.111
2013-12-03 15:35:00,64.845
2013-12-03 15:40:00,63.01
2013-12-03 15:45:00,61.422
2013-12-03 15:50:00,62.852
2013-12-03 15:55:00,64.895
2013-12-03 16:00:00,64.003
2013-12-03 16:05:00,61.136
2013-12-03 16:10:00,63.487
2013-12-03 16:15:00,65.255
2013-12-03 16:20:00,66.181
2013-12-03 16:25:00,64.358
2013-12-03 16:30:00,64.114
2013-12-03 16:35:00,62.318
2013-12-03 16:40:00,62.86
2013-12-03 16:45:00,63.998
2013-12-03 16:50:00,64.619
2013-12-03 16:55:00,64.788
2013-12-03 17:00:00,63.598
2013-12-03 17:05:00,62.873
2013-12-03 17:10:00,63.409
2013-12-03 17:15:00,63.044
2013-12-03 17:20:00,65.298
2013-12-03 17:25:00,61.848
2013-12-03 17:30:00,64.322
2013-12-03 17:35:00,65.365
2013-12-03 17:40:00,66.758
2013-12-03 17:45:00,65.126
2013-12-03 17:50:00,66.354
2013-12-03 17:55:00,64.789
2013-12-03 18:00:00,64.493
2013-12-03 18:05:00,64.698
2013-12-03 18:10:00,67.464
2013-12-03 18:15:00,66.95
2013-12-03 18:20:00,66.471
2013-12-03 18:25:00,70.015
2013-12-03 18:30:00,66.114
2013-12-03 18:35:00,67.034
2013-12-03 18:40:00,66.798
2013-12-03 18:45:00,66.304
2013-12-03 18:50:00,69.494
2013-12-03 18:55:00,68.668
2013-12-03 19:00:00,65.329
2013-12-03 19:05:00,66.679
2013-12-03 19:10:00,67.826
2013-12-03 19:15:00,68.406
2013-12-03 19:20:00,66.004
2013-12-03 19:25:00,65.074
2013-12-03 19:30:00,65.653
2013-12-03 19:35:00,68.017
2013-12-03 19:40:00,68.141
2013-12-03 19:45:00,68.844
2013-12-03 19:50:00,67.672
2013-12-03 19:55:00,67.294
2013-12-03 20:00:00,66.505
2013-12-03 20:05:00,69.497
2013-12-03 20:10:00,69.717
2013-12-03 20:15:00,70.637
2013-12-03 20:20:00,70.567
2013-12-03 20:25:00,69.564
2013-12-03 20:30:00,71.586
2013-12-03 20:35:00,69.979
2013-12-03 20:40:00,69.526
2013-12-03 20:45:00,69.871
2013-12-03 20:50:00,69.971
2013-12-03 20:55:00,68.252
2013-12-03 21:00:00,71.216
2013-12-03 21:05:00,71.507
2013-12-03 21:10:00,70.951
2013-12-03 21:15:00,70.707
2013-12-03 21:20:00,72.188
2013-12-03 21:25:00,73.981
2013-12-03 21:30:00,72.144
2013-12-03 21:35:00,71.667
2013-12-03 21:40:00,71.744
2013-12-03 21:45:00,72.547
2013-12-03 21:50:00,71.29
2013-12-03 21:55:00,72.833
2013-12-03 22:00:00,73.232
2013-12-03 22:05:00,75.547
2013-12-03 22:10:00,74.639
2013-12-03 22:15:00,74.921
2013-12-03 22:20:00,72.996
2013-12-03 22:25:00,74.826
2013-12-03 22:30:00,72.824
2013-12-03 22:35:00,74.734
2013-12-03 22:40:00,75.029
2013-12-03 22:45:00,73.773
2013-12-03 22:50:00,77.256
2013-12-03 22:55:00,75.7
2013-12-03 23:00:00,72.897
2013-12-03 23:05:00,76.003
2013-12-03 23:10:00,75.008
2013-12-03 23:15:00,75.654
2013-12-03 23:20:00,76.365
2013-12-03 23:25:00,76.427
2013-12-03 23:30:00,73.661
2013-12-03 23:35:00,74.865
2013-12-03 23:40:00,77.327
2013-12-03 23:45:00,78.105
2013-12-03 23:50:00,78.968
2013-12-03 23:55:00,78.986
2013-12-04 00:00:00,74.492
2013-12-04 00:05:00,78.015
2013-12-04 00:10:00,74.923
2013-12-04 00:15:00,79.287
2013-12-04 00:20:00,77.78
2013-12-04 00:25:00,76.229
2013-12-04 00:30:00,80.13
2013-12-04 00:35:00,78.608
2013-12-04 00:40:00,75.68
2013-12-04 00:45:00,78.412
2013-12-04 00:50:00,77.29
2013-12-04 00:55:00,78.406
2013-12-04 01:00:00,77.816
2013-12-04 01:05:00,80.121
2013-12-04 01:10:00,76.86
2013-12-04 01:15:00,79.041
2013-12-04 01:20:00,80.926
2013-12-04 01:25:00,77.842
2013-12-04 01:30:00,79.169
2013-12-04 01:35:00,79.237
2013-12-04 01:40:00,78.242
2013-12-04 01:45:00,79.919
2013-12-04 01:50:00,79.326
2013-12-04 01:55:00,78.141
2013-12-04 02:00:00,81.449
2013-12-04 02:05:00,80.342
2013-12-04 02:10:00,79.245
2013-12-04 02:15:00,78.732
2013-12-04 02:20:00,78.601
2013-12-04 02:25:00,81.062
2013-12-04 02:30:00,79.447
2013-12-04 02:35:00,80.21
2013-12-04 02:40:00,79.468
2013-12-04 02:45:00,80.457
2013-12-04 02:50:00,79.601
2013-12-04 02:55:00,80.677
2013-12-04 03:00:00,79.557
2013-12-04 03:05:00,80.784
2013-12-04 03:10:00,80.604
2013-12-04 03:15:00,79.662
2013-12-04 03:20:00,78.771
2013-12-04 03:25:00,78.672
2013-12-04 03:30:00,78.904
2013-12-04 03:35:00,78.601
2013-12-04 03:40:00,80.807
2013-12-04 03:45:00,79.693
2013-12-04 03:50:00,81.611
2013-12-04 03:55:00,82.437
2013-12-04 04:00:00,79.701
2013-12-04 04:05:00,77.781
2013-12-04 04:10:00,79.144
2013-12-04 04:15:00,79.47
2013-12-04 04:20:00,77.73
2013-12-04 04:25:00,79.167
2013-12-04 04:30:00,79.76
2013-12-04 04:35:00,78.809
2013-12-04 04:40:00,78.379
2013-12-04 04:45:00,78.328
2013-12-04 04:50:00,81.317
2013-12-04 04:55:00,78.911
2013-12-04 05:00:00,78.034
2013-12-04 05:05:00,78.506
2013-12-04 05:10:00,80.018
2013-12-04 05:15:00,77.968
2013-12-04 05:20:00,79.282
2013-12-04 05:25:00,79.487
2013-12-04 05:30:00,79.419
2013-12-04 05:35:00,80.104
2013-12-04 05:40:00,77.664
2013-12-04 05:45:00,79.581
2013-12-04 05:50:00,77.165
2013-12-04 05:55:00,77.532
2013-12-04 06:00:00,79.332
2013-12-04 06:05:00,78.769
2013-12-04 06:10:00,77.667
2013-12-04 06:15:00,76.115
2013-12-04 06:20:00,78.096
2013-12-04 06:25:00,76.54
2013-12-04 06:30:00,76.06
2013-12-04 06:35:00,76.26
2013-12-04 06:40:00,77.201
2013-12-04 06:45:00,74.225
2013-12-04 06:50:00,77.065
2013-12-04 06:55:00,76.701
2013-12-04 07:00:00,75.649
2013-12-04 07:05:00,77.45
2013-12-04 07:10:00,76.793
2013-12-04 07:15:00,75.184
2013-12-04 07:20:00,74.957
2013-12-04 07:25:00,76.443
2013-12-04 07:30:00,73.636
2013-12-04 07:35:00,74.9
2013-12-04 07:40:00,74.385
2013-12-04 07:45:00,75.067
2013-12-04 07:50:00,75.076
2013-12-04 07:55:00,74.706
2013-12-04 08:00:00,75.86
2013-12-04 08:05:00,74.608
2013-12-04 08:10:00,73.791
2013-12-04 08:15:00,72.549
2013-12-04 08:20:00,74.701
2013-12-04 08:25:00,74.3
2013-12-04 08:30:00,75.238
2013-12-04 08:35:00,72.43
2013-12-04 08:40:00,73.188
2013-12-04 08:45:00,72.915
2013-12-04 08:50:00,72.708
2013-12-04 08:55:00,72.654
2013-12-04 09:00:00,70.411
2013-12-04 09:05:00,73.286
2013-12-04 09:10:00,72.907
2013-12-04 09:15:00,73.306
2013-12-04 09:20:00,74.476
2013-12-04 09:25:00,71.221
2013-12-04 09:30:00,71.387
2013-12-04 09:35:00,71.27
2013-12-04 09:40:00,73.416
2013-12-04 09:45:00,68.836
2013-12-04 09:50:00,71.325
2013-12-04 09:55:00,68.806
2013-12-04 10:00:00,67.303
2013-12-04 10:05:00,67.806
2013-12-04 10:10:00,68.404
2013-12-04 10:15:00,71.177
2013-12-04 10:20:00,68.686
2013-12-04 10:25:00,69.289
2013-12-04 10:30:00,68.001
2013-12-04 10:35:00,69.967
2013-12-04 10:40:00,67.749
2013-12-04 10:45:00,70.491
2013-12-04 10:50:00,67.559
2013-12-04 10:55:00,67.675
2013-12-04 11:00:00,68.584
2013-12-04 11:05:00,68.311
2013-12-04 11:10:00,69.838
2013-12-04 11:15:00,68.122
2013-12-04 11:20:00,66.379
2013-12-04 11:25:00,67.009
2013-12-04 11:30:00,66.848
2013-12-04 11:35:00,68.263
2013-12-04 11:40:00,67.712
2013-12-04 11:45:00,66.97
2013-12-04 11:50:00,68.02
2013-12-04 11:55:00,66.208
2013-12-04 12:00:00,66.547
2013-12-04 12:05:00,66.798
2013-12-04 12:10:00,68.288
2013-12-04 12:15:00,66.212
2013-12-04 12:20:00,65.788
2013-12-04 12:25:00,64.836
2013-12-04 12:30:00,66.798
2013-12-04 12:35:00,65.157
2013-12-04 12:40:00,66.164
2013-12-04 12:45:00,63.363
2013-12-04 12:50:00,66.792
2013-12-04 12:55:00,63.841
2013-12-04 13:00:00,64.408
2013-12-04 13:05:00,66.517
2013-12-04 13:10:00,63.553
2013-12-04 13:15:00,64.971
2013-12-04 13:20:00,65.07
2013-12-04 13:25:00,63.701
2013-12-04 13:30:00,66.432
2013-12-04 13:35:00,66.544
2013-12-04 13:40:00,62.308
2013-12-04 13:45:00,62.867
2013-12-04 13:50:00,65.511
2013-12-04 13:55:00,62.916
2013-12-04 14:00:00,63.956
2013-12-04 14:05:00,64.524
2013-12-04 14:10:00,65.148
2013-12-04 14:15:00,64.003
2013-12-04 14:20:00,64.342
2013-12-04 14:25:00,63.257
2013-12-04 14:30:00,65.704
2013-12-04 14:35:00,63.527
2013-12-04 14:40:00,64.5
2013-12-04 14:45:00,63.454
2013-12-04 14:50:00,64.175
2013-12-04 14:55:00,63.828
2013-12-04 15:00:00,63.822
2013-12-04 15:05:00,62.791
2013-12-04 15:10:00,64.958
2013-12-04 15:15:00,65.697
2013-12-04 15:20:00,64.294
2013-12-04 15:25:00,64.886
2013-12-04 15:30:00,65.023
2013-12-04 15:35:00,65.144
2013-12-04 15:40:00,64.411
2013-12-04 15:45:00,64.323
2013-12-04 15:50:00,65.129
2013-12-04 15:55:00,64.204
2013-12-04 16:00:00,62.984
2013-12-04 16:05:00,64.217
2013-12-04 16:10:00,61.962
2013-12-04 16:15:00,64.264
2013-12-04 16:20:00,64.814
2013-12-04 16:25:00,65.852
2013-12-04 16:30:00,64.604
2013-12-04 16:35:00,65.594
2013-12-04 16:40:00,64.54
2013-12-04 16:45:00,63.378
2013-12-04 16:50:00,62.98
2013-12-04 16:55:00,63.582
2013-12-04 17:00:00,63.181
2013-12-04 17:05:00,65.66
2013-12-04 17:10:00,64.732
2013-12-04 17:15:00,65.751
2013-12-04 17:20:00,65.243
2013-12-04 17:25:00,66.499
2013-12-04 17:30:00,66.613
2013-12-04 17:35:00,64.665
2013-12-04 17:40:00,65.211
2013-12-04 17:45:00,65.005
2013-12-04 17:50:00,63.806
2013-12-04 17:55:00,66.672
2013-12-04 18:00:00,67.401
2013-12-04 18:05:00,66.083
2013-12-04 18:10:00,65.617
2013-12-04 18:15:00,67.64
2013-12-04 18:20:00,63.641
2013-12-04 18:25:00,66.794
2013-12-04 18:30:00,66.882
2013-12-04 18:35:00,66.157
2013-12-04 18:40:00,68.646
2013-12-04 18:45:00,68.278
2013-12-04 18:50:00,66.938
2013-12-04 18:55:00,67.289
2013-12-04 19:00:00,67.07
2013-12-04 19:05:00,67.067
2013-12-04 19:10:00,66.259
2013-12-04 19:15:00,69.634
2013-12-04 19:20:00,69.362
2013-12-04 19:25:00,69.24
2013-12-04 19:30:00,67.123
2013-12-04 19:35:00,71.09
2013-12-04 19:40:00,71.127
2013-12-04 19:45:00,69.136
2013-12-04 19:50:00,67.986
2013-12-04 19:55:00,68.194
2013-12-04 20:00:00,69.899
2013-12-04 20:05:00,68.466
2013-12-04 20:10:00,69.687
2013-12-04 20:15:00,71.201
2013-12-04 20:20:00,68.254
2013-12-04 20:25:00,72.638
2013-12-04 20:30:00,72.281
2013-12-04 20:35:00,69.087
2013-12-04 20:40:00,69.046
2013-12-04 20:45:00,70.574
2013-12-04 20:50:00,69.848
2013-12-04 20:55:00,70.942
2013-12-04 21:00:00,68.333
2013-12-04 21:05:00,71.329
2013-12-04 21:10:00,73.94
2013-12-04 21:15:00,70.61
2013-12-04 21:20:00,71.795
2013-12-04 21:25:00,70.508
2013-12-04 21:30:00,73.235
2013-12-04 21:35:00,72.371
2013-12-04 21:40:00,75.142
2013-12-04 21:45:00,73.234
2013-12-04 21:50:00,72.71
2013-12-04 21:55:00,73.988
2013-12-04 22:00:00,72.89
2013-12-04 22:05:00,72.059
2013-12-04 22:10:00,74.197
2013-12-04 22:15:00,73.793
2013-12-04 22:20:00,74.368
2013-12-04 22:25:00,74.785
2013-12-04 22:30:00,73.886
2013-12-04 22:35:00,75.167
2013-12-04 22:40:00,76.908
2013-12-04 22:45:00,73.654
2013-12-04 22:50:00,77.227
2013-12-04 22:55:00,75.008
2013-12-04 23:00:00,74.535
2013-12-04 23:05:00,78.521
2013-12-04 23:10:00,75.947
2013-12-04 23:15:00,77.556
2013-12-04 23:20:00,77.041
2013-12-04 23:25:00,74.189
2013-12-04 23:30:00,76.495
2013-12-04 23:35:00,75.862
2013-12-04 23:40:00,75.022
2013-12-04 23:45:00,74.644
2013-12-04 23:50:00,77.028
2013-12-04 23:55:00,77.746
2013-12-05 00:00:00,77.637
2013-12-05 00:05:00,76.93
2013-12-05 00:10:00,76.464
2013-12-05 00:15:00,76.36
2013-12-05 00:20:00,76.998
2013-12-05 00:25:00,76.542
2013-12-05 00:30:00,77.652
2013-12-05 00:35:00,77.98
2013-12-05 00:40:00,77.041
2013-12-05 00:45:00,77.943
2013-12-05 00:50:00,77.412
2013-12-05 00:55:00,78.419
2013-12-05 01:00:00,79.129
2013-12-05 01:05:00,78.827
2013-12-05 01:10:00,79.27
2013-12-05 01:15:00,76.808
2013-12-05 01:20:00,78.419
2013-12-05 01:25:00,79.285
2013-12-05 01:30:00,79.799
2013-12-05 01:35:00,77.185
2013-12-05 01:40:00,79.364
2013-12-05 01:45:00,80.687
2013-12-05 01:50:00,79.087
2013-12-05 01:55:00,79.247
2013-12-05 02:00:00,79.957
2013-12-05 02:05:00,79.764
2013-12-05 02:10:00,80.326
2013-12-05 02:15:00,79.647
2013-12-05 02:20:00,79.784
2013-12-05 02:25:00,78.7
2013-12-05 02:30:00,79.467
2013-12-05 02:35:00,81.205
2013-12-05 02:40:00,79.482
2013-12-05 02:45:00,79.547
2013-12-05 02:50:00,79.178
2013-12-05 02:55:00,80.727
2013-12-05 03:00:00,78.767
2013-12-05 03:05:00,80.892
2013-12-05 03:10:00,78.678
2013-12-05 03:15:00,78.533
2013-12-05 03:20:00,80.044
2013-12-05 03:25:00,79.945
2013-12-05 03:30:00,80.134
2013-12-05 03:35:00,81.036
2013-12-05 03:40:00,79.246
2013-12-05 03:45:00,80.249
2013-12-05 03:50:00,78.598
2013-12-05 03:55:00,81.169
2013-12-05 04:00:00,80.382
2013-12-05 04:05:00,80.228
2013-12-05 04:10:00,79.767
2013-12-05 04:15:00,78.553
2013-12-05 04:20:00,79.053
2013-12-05 04:25:00,79.994
2013-12-05 04:30:00,79.312
2013-12-05 04:35:00,79.422
2013-12-05 04:40:00,77.578
2013-12-05 04:45:00,79.359
2013-12-05 04:50:00,78.24
2013-12-05 04:55:00,77.695
2013-12-05 05:00:00,78.731
2013-12-05 05:05:00,76.607
2013-12-05 05:10:00,79.587
2013-12-05 05:15:00,79.683
2013-12-05 05:20:00,78.504
2013-12-05 05:25:00,77.28
2013-12-05 05:30:00,77.24
2013-12-05 05:35:00,78.091
2013-12-05 05:40:00,75.259
2013-12-05 05:45:00,78.276
2013-12-05 05:50:00,78.746
2013-12-05 05:55:00,77.461
2013-12-05 06:00:00,77.125
2013-12-05 06:05:00,77.817
2013-12-05 06:10:00,77.896
2013-12-05 06:15:00,78.663
2013-12-05 06:20:00,77.244
2013-12-05 06:25:00,76.264
2013-12-05 06:30:00,76.405
2013-12-05 06:35:00,77.041
2013-12-05 06:40:00,78.551
2013-12-05 06:45:00,76.159
2013-12-05 06:50:00,75.137
2013-12-05 06:55:00,75.211
2013-12-05 07:00:00,73.592
2013-12-05 07:05:00,76.354
2013-12-05 07:10:00,74.173
2013-12-05 07:15:00,74.172
2013-12-05 07:20:00,73.126
2013-12-05 07:25:00,73.998
2013-12-05 07:30:00,75.862
2013-12-05 07:35:00,73.446
2013-12-05 07:40:00,72.757
2013-12-05 07:45:00,74.907
2013-12-05 07:50:00,74.118
2013-12-05 07:55:00,74.879
2013-12-05 08:00:00,75.08
2013-12-05 08:05:00,74.012
2013-12-05 08:10:00,72.294
2013-12-05 08:15:00,73.531
2013-12-05 08:20:00,74.107
2013-12-05 08:25:00,72.634
2013-12-05 08:30:00,71.434
2013-12-05 08:35:00,74.307
2013-12-05 08:40:00,72.309
2013-12-05 08:45:00,72.14
2013-12-05 08:50:00,72.473
2013-12-05 08:55:00,73.513
2013-12-05 09:00:00,72.415
2013-12-05 09:05:00,71.52
2013-12-05 09:10:00,72.561
2013-12-05 09:15:00,74.14
2013-12-05 09:20:00,73.051
2013-12-05 09:25:00,72.014
2013-12-05 09:30:00,69.682
2013-12-05 09:35:00,75.353
2013-12-05 09:40:00,69.235
2013-12-05 09:45:00,70.05
2013-12-05 09:50:00,69.479
2013-12-05 09:55:00,72.095
2013-12-05 10:00:00,70.472
2013-12-05 10:05:00,68.08
2013-12-05 10:10:00,69.94
2013-12-05 10:15:00,70.102
2013-12-05 10:20:00,68.891
2013-12-05 10:25:00,67.638
2013-12-05 10:30:00,68.062
2013-12-05 10:35:00,68.239
2013-12-05 10:40:00,68.623
2013-12-05 10:45:00,67.806
2013-12-05 10:50:00,69.147
2013-12-05 10:55:00,66.962
2013-12-05 11:00:00,65.863
2013-12-05 11:05:00,66.893
2013-12-05 11:10:00,69.241
2013-12-05 11:15:00,66.778
2013-12-05 11:20:00,70.121
2013-12-05 11:25:00,67.749
2013-12-05 11:30:00,65.611
2013-12-05 11:35:00,65.859
2013-12-05 11:40:00,67.006
2013-12-05 11:45:00,65.157
2013-12-05 11:50:00,69.278
2013-12-05 11:55:00,65.1
2013-12-05 12:00:00,66.97
2013-12-05 12:05:00,67.77
2013-12-05 12:10:00,65.755
2013-12-05 12:15:00,64.562
2013-12-05 12:20:00,65.303
2013-12-05 12:25:00,65.942
2013-12-05 12:30:00,66.437
2013-12-05 12:35:00,65.336
2013-12-05 12:40:00,63.473
2013-12-05 12:45:00,65.091
2013-12-05 12:50:00,64.123
2013-12-05 12:55:00,62.205
2013-12-05 13:00:00,63.885
2013-12-05 13:05:00,62.903
2013-12-05 13:10:00,65.23
2013-12-05 13:15:00,66.765
2013-12-05 13:20:00,66.572
2013-12-05 13:25:00,63.567
2013-12-05 13:30:00,63.611
2013-12-05 13:35:00,64.918
2013-12-05 13:40:00,65.288
2013-12-05 13:45:00,63.439
2013-12-05 13:50:00,63.701
2013-12-05 13:55:00,66.454
2013-12-05 14:00:00,63.614
2013-12-05 14:05:00,63.102
2013-12-05 14:10:00,63.773
2013-12-05 14:15:00,64.273
2013-12-05 14:20:00,62.303
2013-12-05 14:25:00,63.187
2013-12-05 14:30:00,62.044
2013-12-05 14:35:00,63.073
2013-12-05 14:40:00,65.626
2013-12-05 14:45:00,64.235
2013-12-05 14:50:00,63.208
2013-12-05 14:55:00,62.177
2013-12-05 15:00:00,62.905
2013-12-05 15:05:00,64.525
2013-12-05 15:10:00,62.58
2013-12-05 15:15:00,64.987
2013-12-05 15:20:00,61.596
2013-12-05 15:25:00,62.897
2013-12-05 15:30:00,65.341
2013-12-05 15:35:00,60.848
2013-12-05 15:40:00,64.696
2013-12-05 15:45:00,61.064
2013-12-05 15:50:00,63.198
2013-12-05 15:55:00,63.122
2013-12-05 16:00:00,64.346
2013-12-05 16:05:00,59.602
2013-12-05 16:10:00,61.121
2013-12-05 16:15:00,62.781
2013-12-05 16:20:00,63.546
2013-12-05 16:25:00,62.476
2013-12-05 16:30:00,63.332
2013-12-05 16:35:00,62.227
2013-12-05 16:40:00,63.225
2013-12-05 16:45:00,62.75
2013-12-05 16:50:00,64.123
2013-12-05 16:55:00,64.594
2013-12-05 17:00:00,65.687
2013-12-05 17:05:00,63.253
2013-12-05 17:10:00,63.736
2013-12-05 17:15:00,64.256
2013-12-05 17:20:00,63.928
2013-12-05 17:25:00,64.307
2013-12-05 17:30:00,62.585
2013-12-05 17:35:00,64.999
2013-12-05 17:40:00,63.551
2013-12-05 17:45:00,63.6
2013-12-05 17:50:00,62.945
2013-12-05 17:55:00,66.35
2013-12-05 18:00:00,64.896
2013-12-05 18:05:00,66.556
2013-12-05 18:10:00,65.617
2013-12-05 18:15:00,63.363
2013-12-05 18:20:00,64.226
2013-12-05 18:25:00,66.558
2013-12-05 18:30:00,64.855
2013-12-05 18:35:00,64.592
2013-12-05 18:40:00,65.815
2013-12-05 18:45:00,65.95
2013-12-05 18:50:00,65.082
2013-12-05 18:55:00,66.042
2013-12-05 19:00:00,65.997
2013-12-05 19:05:00,63.604
2013-12-05 19:10:00,67.458
2013-12-05 19:15:00,66.026
2013-12-05 19:20:00,68.712
2013-12-05 19:25:00,65.915
2013-12-05 19:30:00,65.55
2013-12-05 19:35:00,69.023
2013-12-05 19:40:00,65.849
2013-12-05 19:45:00,67.143
2013-12-05 19:50:00,68.779
2013-12-05 19:55:00,67.825
2013-12-05 20:00:00,66.393
2013-12-05 20:05:00,68.766
2013-12-05 20:10:00,68.468
2013-12-05 20:15:00,70.405
2013-12-05 20:20:00,69.734
2013-12-05 20:25:00,72.835
2013-12-05 20:30:00,67.382
2013-12-05 20:35:00,69.497
2013-12-05 20:40:00,68.41
2013-12-05 20:45:00,71.243
2013-12-05 20:50:00,71.011
2013-12-05 20:55:00,71.098
2013-12-05 21:00:00,69.429
2013-12-05 21:05:00,69.636
2013-12-05 21:10:00,68.263
2013-12-05 21:15:00,72.919
2013-12-05 21:20:00,71.647
2013-12-05 21:25:00,70.892
2013-12-05 21:30:00,72.494
2013-12-05 21:35:00,72.444
2013-12-05 21:40:00,72.881
2013-12-05 21:45:00,69.93
2013-12-05 21:50:00,71.189
2013-12-05 21:55:00,72.446
2013-12-05 22:00:00,72.804
2013-12-05 22:05:00,73.691
2013-12-05 22:10:00,71.497
2013-12-05 22:15:00,73.023
2013-12-05 22:20:00,75.679
2013-12-05 22:25:00,74.024
2013-12-05 22:30:00,74.399
2013-12-05 22:35:00,73.49
2013-12-05 22:40:00,74.592
2013-12-05 22:45:00,75.992
2013-12-05 22:50:00,74.11
2013-12-05 22:55:00,75.604
2013-12-05 23:00:00,73.236
2013-12-05 23:05:00,75.144
2013-12-05 23:10:00,75.669
2013-12-05 23:15:00,73.828
2013-12-05 23:20:00,76.193
2013-12-05 23:25:00,74.207
2013-12-05 23:30:00,74.192
2013-12-05 23:35:00,75.295
2013-12-05 23:40:00,77.75
2013-12-05 23:45:00,75.937
2013-12-05 23:50:00,76.82
2013-12-05 23:55:00,74.948
2013-12-06 00:00:00,76.046
2013-12-06 00:05:00,74.665
2013-12-06 00:10:00,75.513
2013-12-06 00:15:00,77.32
2013-12-06 00:20:00,76.388
2013-12-06 00:25:00,78.289
2013-12-06 00:30:00,76.415
2013-12-06 00:35:00,76.528
2013-12-06 00:40:00,78.402
2013-12-06 00:45:00,76.194
2013-12-06 00:50:00,75.247
2013-12-06 00:55:00,78.728
2013-12-06 01:00:00,77.756
2013-12-06 01:05:00,74.75
2013-12-06 01:10:00,77.488
2013-12-06 01:15:00,77.033
2013-12-06 01:20:00,79.691
2013-12-06 01:25:00,76.799
2013-12-06 01:30:00,77.05
2013-12-06 01:35:00,76.724
2013-12-06 01:40:00,76.617
2013-12-06 01:45:00,77.104
2013-12-06 01:50:00,76.281
2013-12-06 01:55:00,76.822
2013-12-06 02:00:00,76.183
2013-12-06 02:05:00,76.363
2013-12-06 02:10:00,76.332
2013-12-06 02:15:00,77.62
2013-12-06 02:20:00,77.462
2013-12-06 02:25:00,76.844
2013-12-06 02:30:00,78.92
2013-12-06 02:35:00,78.314
2013-12-06 02:40:00,77.876
2013-12-06 02:45:00,77.856
2013-12-06 02:50:00,80.339
2013-12-06 02:55:00,78.727
2013-12-06 03:00:00,79.017
2013-12-06 03:05:00,75.346
2013-12-06 03:10:00,77.665
2013-12-06 03:15:00,75.84
2013-12-06 03:20:00,77.926
2013-12-06 03:25:00,78.873
2013-12-06 03:30:00,77.601
2013-12-06 03:35:00,79.013
2013-12-06 03:40:00,77.14
2013-12-06 03:45:00,79.031
2013-12-06 03:50:00,76.445
2013-12-06 03:55:00,77.961
2013-12-06 04:00:00,78.74
2013-12-06 04:05:00,78.838
2013-12-06 04:10:00,77.996
2013-12-06 04:15:00,80.427
2013-12-06 04:20:00,77.549
2013-12-06 04:25:00,77.448
2013-12-06 04:30:00,74.617
2013-12-06 04:35:00,79.988
2013-12-06 04:40:00,77.354
2013-12-06 04:45:00,76.315
2013-12-06 04:50:00,79.236
2013-12-06 04:55:00,79.056
2013-12-06 05:00:00,77.622
2013-12-06 05:05:00,75.685
2013-12-06 05:10:00,77.821
2013-12-06 05:15:00,76.481
2013-12-06 05:20:00,75.726
2013-12-06 05:25:00,78.285
2013-12-06 05:30:00,74.372
2013-12-06 05:35:00,77.507
2013-12-06 05:40:00,77.27
2013-12-06 05:45:00,79.069
2013-12-06 05:50:00,76.884
2013-12-06 05:55:00,73.907
2013-12-06 06:00:00,75.254
2013-12-06 06:05:00,76.212
2013-12-06 06:10:00,76.436
2013-12-06 06:15:00,77.058
2013-12-06 06:20:00,73.398
2013-12-06 06:25:00,75.22
2013-12-06 06:30:00,76.644
2013-12-06 06:35:00,77.194
2013-12-06 06:40:00,77.434
2013-12-06 06:45:00,74.589
2013-12-06 06:50:00,76.228
2013-12-06 06:55:00,76.817
2013-12-06 07:00:00,76.05
2013-12-06 07:05:00,75.329
2013-12-06 07:10:00,75.299
2013-12-06 07:15:00,73.202
2013-12-06 07:20:00,72.254
2013-12-06 07:25:00,75.01
2013-12-06 07:30:00,73.253
2013-12-06 07:35:00,73.472
2013-12-06 07:40:00,72.646
2013-12-06 07:45:00,72.702
2013-12-06 07:50:00,73.285
2013-12-06 07:55:00,71.61
2013-12-06 08:00:00,72.747
2013-12-06 08:05:00,72.788
2013-12-06 08:10:00,72.227
2013-12-06 08:15:00,71.253
2013-12-06 08:20:00,72.914
2013-12-06 08:25:00,74.041
2013-12-06 08:30:00,70.895
2013-12-06 08:35:00,72.92
2013-12-06 08:40:00,72.328
2013-12-06 08:45:00,67.898
2013-12-06 08:50:00,69.989
2013-12-06 08:55:00,69.959
2013-12-06 09:00:00,71.48
2013-12-06 09:05:00,70.588
2013-12-06 09:10:00,70.75
2013-12-06 09:15:00,70.764
2013-12-06 09:20:00,68.741
2013-12-06 09:25:00,68.743
2013-12-06 09:30:00,67.991
2013-12-06 09:35:00,69.073
2013-12-06 09:40:00,68.955
2013-12-06 09:45:00,69.124
2013-12-06 09:50:00,67.867
2013-12-06 09:55:00,69.649
2013-12-06 10:00:00,69.484
2013-12-06 10:05:00,70.062
2013-12-06 10:10:00,68.884
2013-12-06 10:15:00,68.077
2013-12-06 10:20:00,68.487
2013-12-06 10:25:00,68.239
2013-12-06 10:30:00,66.553
2013-12-06 10:35:00,68.711
2013-12-06 10:40:00,69.057
2013-12-06 10:45:00,69.199
2013-12-06 10:50:00,66.702
2013-12-06 10:55:00,66.884
2013-12-06 11:00:00,66.831
2013-12-06 11:05:00,66.166
2013-12-06 11:10:00,66.752
2013-12-06 11:15:00,65.705
2013-12-06 11:20:00,65.462
2013-12-06 11:25:00,67.65
2013-12-06 11:30:00,65.585
2013-12-06 11:35:00,65.317
2013-12-06 11:40:00,66.147
2013-12-06 11:45:00,65.124
2013-12-06 11:50:00,65.15
2013-12-06 11:55:00,64.582
2013-12-06 12:00:00,63.055
2013-12-06 12:05:00,64.347
2013-12-06 12:10:00,62.886
2013-12-06 12:15:00,64.371
2013-12-06 12:20:00,62.573
2013-12-06 12:25:00,64.966
2013-12-06 12:30:00,64.642
2013-12-06 12:35:00,63.959
2013-12-06 12:40:00,63.386
2013-12-06 12:45:00,63.892
2013-12-06 12:50:00,60.923
2013-12-06 12:55:00,61.857
2013-12-06 13:00:00,62.89
2013-12-06 13:05:00,63.381
2013-12-06 13:10:00,62.774
2013-12-06 13:15:00,61.568
2013-12-06 13:20:00,62.842
2013-12-06 13:25:00,62.049
2013-12-06 13:30:00,61.226
2013-12-06 13:35:00,62.822
2013-12-06 13:40:00,62.097
2013-12-06 13:45:00,63.71
2013-12-06 13:50:00,63.001
2013-12-06 13:55:00,63.017
2013-12-06 14:00:00,62.457
2013-12-06 14:05:00,60.996
2013-12-06 14:10:00,60.831
2013-12-06 14:15:00,60.135
2013-12-06 14:20:00,65.306
2013-12-06 14:25:00,60.51
2013-12-06 14:30:00,61.512
2013-12-06 14:35:00,61.293
2013-12-06 14:40:00,61.353
2013-12-06 14:45:00,60.959
2013-12-06 14:50:00,59.391
2013-12-06 14:55:00,60.412
2013-12-06 15:00:00,59.922
2013-12-06 15:05:00,61.423
2013-12-06 15:10:00,60.742
2013-12-06 15:15:00,60.73
2013-12-06 15:20:00,61.81
2013-12-06 15:25:00,60.851
2013-12-06 15:30:00,62.672
2013-12-06 15:35:00,61.098
2013-12-06 15:40:00,61.842
2013-12-06 15:45:00,59.997
2013-12-06 15:50:00,62.394
2013-12-06 15:55:00,61.142
2013-12-06 16:00:00,62.145
2013-12-06 16:05:00,62.08
2013-12-06 16:10:00,61.51
2013-12-06 16:15:00,62.016
2013-12-06 16:20:00,61.334
2013-12-06 16:25:00,63.456
2013-12-06 16:30:00,63.01
2013-12-06 16:35:00,62.52
2013-12-06 16:40:00,60.58
2013-12-06 16:45:00,60.736
2013-12-06 16:50:00,61.321
2013-12-06 16:55:00,61.89
2013-12-06 17:00:00,62.791
2013-12-06 17:05:00,61.25
2013-12-06 17:10:00,63.815
2013-12-06 17:15:00,62.487
2013-12-06 17:20:00,60.15
2013-12-06 17:25:00,62.081
2013-12-06 17:30:00,59.639
2013-12-06 17:35:00,61.931
2013-12-06 17:40:00,62.27
2013-12-06 17:45:00,62.296
2013-12-06 17:50:00,62.74
2013-12-06 17:55:00,62.762
2013-12-06 18:00:00,62.63
2013-12-06 18:05:00,65.256
2013-12-06 18:10:00,65.024
2013-12-06 18:15:00,62.312
2013-12-06 18:20:00,65.306
2013-12-06 18:25:00,61.977
2013-12-06 18:30:00,63.07
2013-12-06 18:35:00,66.004
2013-12-06 18:40:00,61.615
2013-12-06 18:45:00,65.124
2013-12-06 18:50:00,63.064
2013-12-06 18:55:00,64.531
2013-12-06 19:00:00,64.626
2013-12-06 19:05:00,67.019
2013-12-06 19:10:00,64.152
2013-12-06 19:15:00,65.186
2013-12-06 19:20:00,66.168
2013-12-06 19:25:00,65.262
2013-12-06 19:30:00,64.727
2013-12-06 19:35:00,65.794
2013-12-06 19:40:00,66.131
2013-12-06 19:45:00,67.234
2013-12-06 19:50:00,65.198
2013-12-06 19:55:00,65.948
2013-12-06 20:00:00,67.033
2013-12-06 20:05:00,66.605
2013-12-06 20:10:00,66.745
2013-12-06 20:15:00,67.109
2013-12-06 20:20:00,66.458
2013-12-06 20:25:00,66.498
2013-12-06 20:30:00,68.151
2013-12-06 20:35:00,66.474
2013-12-06 20:40:00,69.353
2013-12-06 20:45:00,68.383
2013-12-06 20:50:00,66.758
2013-12-06 20:55:00,68.797
2013-12-06 21:00:00,68.827
2013-12-06 21:05:00,69.709
2013-12-06 21:10:00,70.354
2013-12-06 21:15:00,68.693
2013-12-06 21:20:00,68.452
2013-12-06 21:25:00,68.743
2013-12-06 21:30:00,68.461
2013-12-06 21:35:00,68.911
2013-12-06 21:40:00,70.317
2013-12-06 21:45:00,70.161
2013-12-06 21:50:00,69.72
2013-12-06 21:55:00,69.591
2013-12-06 22:00:00,71.06
2013-12-06 22:05:00,70.206
2013-12-06 22:10:00,69.724
2013-12-06 22:15:00,70.954
2013-12-06 22:20:00,70.981
2013-12-06 22:25:00,70.176
2013-12-06 22:30:00,72.613
2013-12-06 22:35:00,72.795
2013-12-06 22:40:00,71.987
2013-12-06 22:45:00,72.251
2013-12-06 22:50:00,72.882
2013-12-06 22:55:00,72.366
2013-12-06 23:00:00,73.624
2013-12-06 23:05:00,74.692
2013-12-06 23:10:00,72.95
2013-12-06 23:15:00,73.528
2013-12-06 23:20:00,74.193
2013-12-06 23:25:00,72.882
2013-12-06 23:30:00,72.074
2013-12-06 23:35:00,74.654
2013-12-06 23:40:00,71.821
2013-12-06 23:45:00,75.984
2013-12-06 23:50:00,75.014
2013-12-06 23:55:00,74.325
2013-12-07 00:00:00,74.288
2013-12-07 00:05:00,76.453
2013-12-07 00:10:00,73.338
2013-12-07 00:15:00,73.201
2013-12-07 00:20:00,73.992
2013-12-07 00:25:00,74.509
2013-12-07 00:30:00,73.727
2013-12-07 00:35:00,75.228
2013-12-07 00:40:00,75.312
2013-12-07 00:45:00,74.275
2013-12-07 00:50:00,77.274
2013-12-07 00:55:00,73.777
2013-12-07 01:00:00,74.009
2013-12-07 01:05:00,76.082
2013-12-07 01:10:00,75.469
2013-12-07 01:15:00,76.303
2013-12-07 01:20:00,75.139
2013-12-07 01:25:00,74.719
2013-12-07 01:30:00,75.258
2013-12-07 01:35:00,75.283
2013-12-07 01:40:00,76.8
2013-12-07 01:45:00,75.658
2013-12-07 01:50:00,77.207
2013-12-07 01:55:00,77.056
2013-12-07 02:00:00,77.652
2013-12-07 02:05:00,77.533
2013-12-07 02:10:00,77.439
2013-12-07 02:15:00,77.464
2013-12-07 02:20:00,75.958
2013-12-07 02:25:00,76.298
2013-12-07 02:30:00,74.447
2013-12-07 02:35:00,77.021
2013-12-07 02:40:00,75.886
2013-12-07 02:45:00,77.196
2013-12-07 02:50:00,77.363
2013-12-07 02:55:00,75.12
2013-12-07 03:00:00,75.534
2013-12-07 03:05:00,76.336
2013-12-07 03:10:00,76.135
2013-12-07 03:15:00,76.953
2013-12-07 03:20:00,75.36
2013-12-07 03:25:00,76.792
2013-12-07 03:30:00,74.695
2013-12-07 03:35:00,74.117
2013-12-07 03:40:00,77.541
2013-12-07 03:45:00,75.089
2013-12-07 03:50:00,75.954
2013-12-07 03:55:00,74.892
2013-12-07 04:00:00,74.865
2013-12-07 04:05:00,76.037
2013-12-07 04:10:00,75.979
2013-12-07 04:15:00,77.602
2013-12-07 04:20:00,76.911
2013-12-07 04:25:00,76.002
2013-12-07 04:30:00,77.166
2013-12-07 04:35:00,77.534
2013-12-07 04:40:00,76.622
2013-12-07 04:45:00,75.571
2013-12-07 04:50:00,77.207
2013-12-07 04:55:00,78.031
2013-12-07 05:00:00,76.621
2013-12-07 05:05:00,77.87
2013-12-07 05:10:00,76.77
2013-12-07 05:15:00,76.586
2013-12-07 05:20:00,74.166
2013-12-07 05:25:00,74.041
2013-12-07 05:30:00,75.218
2013-12-07 05:35:00,73.171
2013-12-07 05:40:00,74.357
2013-12-07 05:45:00,76.0
2013-12-07 05:50:00,74.049
2013-12-07 05:55:00,75.372
2013-12-07 06:00:00,72.992
2013-12-07 06:05:00,73.9
2013-12-07 06:10:00,75.597
2013-12-07 06:15:00,74.493
2013-12-07 06:20:00,74.462
2013-12-07 06:25:00,76.027
2013-12-07 06:30:00,75.404
2013-12-07 06:35:00,72.658
2013-12-07 06:40:00,75.153
2013-12-07 06:45:00,72.691
2013-12-07 06:50:00,73.265
2013-12-07 06:55:00,73.158
2013-12-07 07:00:00,74.279
2013-12-07 07:05:00,71.486
2013-12-07 07:10:00,73.231
2013-12-07 07:15:00,73.163
2013-12-07 07:20:00,73.351
2013-12-07 07:25:00,71.967
2013-12-07 07:30:00,73.264
2013-12-07 07:35:00,71.044
2013-12-07 07:40:00,73.111
2013-12-07 07:45:00,71.993
2013-12-07 07:50:00,69.724
2013-12-07 07:55:00,71.726
2013-12-07 08:00:00,71.283
2013-12-07 08:05:00,70.471
2013-12-07 08:10:00,69.843
2013-12-07 08:15:00,70.266
2013-12-07 08:20:00,68.651
2013-12-07 08:25:00,72.236
2013-12-07 08:30:00,68.679
2013-12-07 08:35:00,69.064
2013-12-07 08:40:00,71.055
2013-12-07 08:45:00,70.206
2013-12-07 08:50:00,70.191
2013-12-07 08:55:00,70.969
2013-12-07 09:00:00,68.597
2013-12-07 09:05:00,67.537
2013-12-07 09:10:00,69.628
2013-12-07 09:15:00,69.392
2013-12-07 09:20:00,67.866
2013-12-07 09:25:00,66.561
2013-12-07 09:30:00,69.389
2013-12-07 09:35:00,68.415
2013-12-07 09:40:00,65.898
2013-12-07 09:45:00,68.305
2013-12-07 09:50:00,65.463
2013-12-07 09:55:00,66.437
2013-12-07 10:00:00,65.493
2013-12-07 10:05:00,65.901
2013-12-07 10:10:00,65.493
2013-12-07 10:15:00,65.584
2013-12-07 10:20:00,67.018
2013-12-07 10:25:00,66.331
2013-12-07 10:30:00,66.563
2013-12-07 10:35:00,66.951
2013-12-07 10:40:00,65.026
2013-12-07 10:45:00,65.403
2013-12-07 10:50:00,65.789
2013-12-07 10:55:00,67.029
2013-12-07 11:00:00,65.899
2013-12-07 11:05:00,66.318
2013-12-07 11:10:00,65.726
2013-12-07 11:15:00,65.616
2013-12-07 11:20:00,62.052
2013-12-07 11:25:00,65.099
2013-12-07 11:30:00,64.148
2013-12-07 11:35:00,63.81
2013-12-07 11:40:00,62.967
2013-12-07 11:45:00,62.946
2013-12-07 11:50:00,63.815
2013-12-07 11:55:00,64.186
2013-12-07 12:00:00,61.244
2013-12-07 12:05:00,63.17
2013-12-07 12:10:00,62.105
2013-12-07 12:15:00,61.509
2013-12-07 12:20:00,62.995
2013-12-07 12:25:00,62.007
2013-12-07 12:30:00,61.491
2013-12-07 12:35:00,61.242
2013-12-07 12:40:00,62.389
2013-12-07 12:45:00,61.928
2013-12-07 12:50:00,60.522
2013-12-07 12:55:00,60.718
2013-12-07 13:00:00,61.407
2013-12-07 13:05:00,62.013
2013-12-07 13:10:00,60.172
2013-12-07 13:15:00,61.925
2013-12-07 13:20:00,60.262
2013-12-07 13:25:00,64.439
2013-12-07 13:30:00,59.954
2013-12-07 13:35:00,60.057
2013-12-07 13:40:00,61.163
2013-12-07 13:45:00,59.776
2013-12-07 13:50:00,61.784
2013-12-07 13:55:00,62.888
2013-12-07 14:00:00,60.2
2013-12-07 14:05:00,60.815
2013-12-07 14:10:00,59.933
2013-12-07 14:15:00,60.504
2013-12-07 14:20:00,62.176
2013-12-07 14:25:00,61.489
2013-12-07 14:30:00,59.292
2013-12-07 14:35:00,62.197
2013-12-07 14:40:00,61.705
2013-12-07 14:45:00,60.867
2013-12-07 14:50:00,59.468
2013-12-07 14:55:00,60.318
2013-12-07 15:00:00,59.269
2013-12-07 15:05:00,60.772
2013-12-07 15:10:00,59.823
2013-12-07 15:15:00,57.516
2013-12-07 15:20:00,61.309
2013-12-07 15:25:00,60.43
2013-12-07 15:30:00,61.501
2013-12-07 15:35:00,60.054
2013-12-07 15:40:00,60.458
2013-12-07 15:45:00,61.589
2013-12-07 15:50:00,60.738
2013-12-07 15:55:00,60.644
2013-12-07 16:00:00,64.185
2013-12-07 16:05:00,60.159
2013-12-07 16:10:00,60.602
2013-12-07 16:15:00,62.52
2013-12-07 16:20:00,59.518
2013-12-07 16:25:00,59.283
2013-12-07 16:30:00,58.866
2013-12-07 16:35:00,61.28
2013-12-07 16:40:00,61.449
2013-12-07 16:45:00,61.651
2013-12-07 16:50:00,59.203
2013-12-07 16:55:00,62.104
2013-12-07 17:00:00,62.407
2013-12-07 17:05:00,60.93
2013-12-07 17:10:00,61.166
2013-12-07 17:15:00,62.021
2013-12-07 17:20:00,61.737
2013-12-07 17:25:00,62.157
2013-12-07 17:30:00,60.176
2013-12-07 17:35:00,61.367
2013-12-07 17:40:00,60.221
2013-12-07 17:45:00,62.536
2013-12-07 17:50:00,62.52
2013-12-07 17:55:00,61.874
2013-12-07 18:00:00,62.46
2013-12-07 18:05:00,60.35
2013-12-07 18:10:00,63.365
2013-12-07 18:15:00,61.895
2013-12-07 18:20:00,62.733
2013-12-07 18:25:00,64.042
2013-12-07 18:30:00,61.924
2013-12-07 18:35:00,64.399
2013-12-07 18:40:00,63.244
2013-12-07 18:45:00,63.264
2013-12-07 18:50:00,64.035
2013-12-07 18:55:00,62.011
2013-12-07 19:00:00,64.363
2013-12-07 19:05:00,63.868
2013-12-07 19:10:00,65.184
2013-12-07 19:15:00,63.829
2013-12-07 19:20:00,63.803
2013-12-07 19:25:00,64.835
2013-12-07 19:30:00,64.474
2013-12-07 19:35:00,63.292
2013-12-07 19:40:00,64.625
2013-12-07 19:45:00,66.538
2013-12-07 19:50:00,65.065
2013-12-07 19:55:00,64.294
2013-12-07 20:00:00,66.361
2013-12-07 20:05:00,63.442
2013-12-07 20:10:00,63.287
2013-12-07 20:15:00,65.993
2013-12-07 20:20:00,66.382
2013-12-07 20:25:00,66.598
2013-12-07 20:30:00,65.431
2013-12-07 20:35:00,66.492
2013-12-07 20:40:00,65.165
2013-12-07 20:45:00,67.278
2013-12-07 20:50:00,65.248
2013-12-07 20:55:00,67.18
2013-12-07 21:00:00,67.845
2013-12-07 21:05:00,65.596
2013-12-07 21:10:00,67.25
2013-12-07 21:15:00,68.996
2013-12-07 21:20:00,70.082
2013-12-07 21:25:00,66.592
2013-12-07 21:30:00,68.977
2013-12-07 21:35:00,67.259
2013-12-07 21:40:00,67.3
2013-12-07 21:45:00,71.002
2013-12-07 21:50:00,70.06
2013-12-07 21:55:00,68.464
2013-12-07 22:00:00,69.862
2013-12-07 22:05:00,70.539
2013-12-07 22:10:00,70.155
2013-12-07 22:15:00,72.802
2013-12-07 22:20:00,70.999
2013-12-07 22:25:00,66.847
2013-12-07 22:30:00,70.255
2013-12-07 22:35:00,69.883
2013-12-07 22:40:00,70.684
2013-12-07 22:45:00,71.106
2013-12-07 22:50:00,70.468
2013-12-07 22:55:00,70.105
2013-12-07 23:00:00,73.2
2013-12-07 23:05:00,72.435
2013-12-07 23:10:00,71.066
2013-12-07 23:15:00,72.838
2013-12-07 23:20:00,72.982
2013-12-07 23:25:00,73.84
2013-12-07 23:30:00,71.198
2013-12-07 23:35:00,73.543
2013-12-07 23:40:00,72.019
2013-12-07 23:45:00,74.273
2013-12-07 23:50:00,72.793
2013-12-07 23:55:00,70.432
2013-12-08 00:00:00,73.332
2013-12-08 00:05:00,71.278
2013-12-08 00:10:00,73.285
2013-12-08 00:15:00,73.6
2013-12-08 00:20:00,73.309
2013-12-08 00:25:00,72.125
2013-12-08 00:30:00,72.686
2013-12-08 00:35:00,73.125
2013-12-08 00:40:00,73.951
2013-12-08 00:45:00,75.902
2013-12-08 00:50:00,75.311
2013-12-08 00:55:00,73.994
2013-12-08 01:00:00,76.187
2013-12-08 01:05:00,73.112
2013-12-08 01:10:00,75.667
2013-12-08 01:15:00,74.724
2013-12-08 01:20:00,75.303
2013-12-08 01:25:00,75.867
2013-12-08 01:30:00,74.364
2013-12-08 01:35:00,76.216
2013-12-08 01:40:00,75.315
2013-12-08 01:45:00,78.288
2013-12-08 01:50:00,75.094
2013-12-08 01:55:00,77.043
2013-12-08 02:00:00,76.354
2013-12-08 02:05:00,74.223
2013-12-08 02:10:00,77.315
2013-12-08 02:15:00,74.456
2013-12-08 02:20:00,73.094
2013-12-08 02:25:00,76.835
2013-12-08 02:30:00,77.13
2013-12-08 02:35:00,75.942
2013-12-08 02:40:00,75.594
2013-12-08 02:45:00,77.832
2013-12-08 02:50:00,76.807
2013-12-08 02:55:00,75.183
2013-12-08 03:00:00,76.861
2013-12-08 03:05:00,74.5
2013-12-08 03:10:00,75.327
2013-12-08 03:15:00,74.739
2013-12-08 03:20:00,73.358
2013-12-08 03:25:00,74.58
2013-12-08 03:30:00,77.45
2013-12-08 03:35:00,74.652
2013-12-08 03:40:00,75.293
2013-12-08 03:45:00,74.539
2013-12-08 03:50:00,76.946
2013-12-08 03:55:00,75.881
2013-12-08 04:00:00,76.436
2013-12-08 04:05:00,75.685
2013-12-08 04:10:00,74.367
2013-12-08 04:15:00,74.56
2013-12-08 04:20:00,76.687
2013-12-08 04:25:00,75.563
2013-12-08 04:30:00,76.507
2013-12-08 04:35:00,71.725
2013-12-08 04:40:00,76.791
2013-12-08 04:45:00,74.801
2013-12-08 04:50:00,77.933
2013-12-08 04:55:00,74.641
2013-12-08 05:00:00,75.213
2013-12-08 05:05:00,75.893
2013-12-08 05:10:00,73.968
2013-12-08 05:15:00,75.981
2013-12-08 05:20:00,74.071
2013-12-08 05:25:00,76.301
2013-12-08 05:30:00,75.611
2013-12-08 05:35:00,75.156
2013-12-08 05:40:00,73.591
2013-12-08 05:45:00,74.103
2013-12-08 05:50:00,74.608
2013-12-08 05:55:00,71.698
2013-12-08 06:00:00,73.363
2013-12-08 06:05:00,75.035
2013-12-08 06:10:00,72.269
2013-12-08 06:15:00,75.204
2013-12-08 06:20:00,72.791
2013-12-08 06:25:00,73.807
2013-12-08 06:30:00,71.912
2013-12-08 06:35:00,73.739
2013-12-08 06:40:00,73.579
2013-12-08 06:45:00,74.251
2013-12-08 06:50:00,74.373
2013-12-08 06:55:00,74.112
2013-12-08 07:00:00,72.715
2013-12-08 07:05:00,70.848
2013-12-08 07:10:00,73.76
2013-12-08 07:15:00,70.457
2013-12-08 07:20:00,71.345
2013-12-08 07:25:00,72.603
2013-12-08 07:30:00,72.096
2013-12-08 07:35:00,73.319
2013-12-08 07:40:00,71.244
2013-12-08 07:45:00,69.062
2013-12-08 07:50:00,70.599
2013-12-08 07:55:00,70.975
2013-12-08 08:00:00,70.182
2013-12-08 08:05:00,72.133
2013-12-08 08:10:00,69.975
2013-12-08 08:15:00,68.382
2013-12-08 08:20:00,70.498
2013-12-08 08:25:00,68.392
2013-12-08 08:30:00,71.639
2013-12-08 08:35:00,69.753
2013-12-08 08:40:00,67.574
2013-12-08 08:45:00,70.382
2013-12-08 08:50:00,71.757
2013-12-08 08:55:00,66.337
2013-12-08 09:00:00,69.653
2013-12-08 09:05:00,68.977
2013-12-08 09:10:00,68.434
2013-12-08 09:15:00,68.462
2013-12-08 09:20:00,68.467
2013-12-08 09:25:00,66.872
2013-12-08 09:30:00,69.224
2013-12-08 09:35:00,65.739
2013-12-08 09:40:00,69.537
2013-12-08 09:45:00,68.848
2013-12-08 09:50:00,65.42
2013-12-08 09:55:00,66.666
2013-12-08 10:00:00,68.207
2013-12-08 10:05:00,65.744
2013-12-08 10:10:00,65.97
2013-12-08 10:15:00,65.515
2013-12-08 10:20:00,67.232
2013-12-08 10:25:00,64.937
2013-12-08 10:30:00,65.49
2013-12-08 10:35:00,65.987
2013-12-08 10:40:00,64.928
2013-12-08 10:45:00,63.977
2013-12-08 10:50:00,63.248
2013-12-08 10:55:00,62.879
2013-12-08 11:00:00,63.129
2013-12-08 11:05:00,62.327
2013-12-08 11:10:00,63.367
2013-12-08 11:15:00,64.449
2013-12-08 11:20:00,64.005
2013-12-08 11:25:00,62.802
2013-12-08 11:30:00,62.428
2013-12-08 11:35:00,62.316
2013-12-08 11:40:00,61.702
2013-12-08 11:45:00,61.747
2013-12-08 11:50:00,63.952
2013-12-08 11:55:00,61.276
2013-12-08 12:00:00,62.852
2013-12-08 12:05:00,61.962
2013-12-08 12:10:00,65.492
2013-12-08 12:15:00,60.299
2013-12-08 12:20:00,62.567
2013-12-08 12:25:00,61.818
2013-12-08 12:30:00,61.178
2013-12-08 12:35:00,62.371
2013-12-08 12:40:00,62.07
2013-12-08 12:45:00,60.495
2013-12-08 12:50:00,62.187
2013-12-08 12:55:00,62.043
2013-12-08 13:00:00,63.051
2013-12-08 13:05:00,60.655
2013-12-08 13:10:00,63.061
2013-12-08 13:15:00,60.974
2013-12-08 13:20:00,58.756
2013-12-08 13:25:00,61.674
2013-12-08 13:30:00,60.872
2013-12-08 13:35:00,59.838
2013-12-08 13:40:00,61.947
2013-12-08 13:45:00,60.195
2013-12-08 13:50:00,61.919
2013-12-08 13:55:00,60.54
2013-12-08 14:00:00,61.484
2013-12-08 14:05:00,61.348
2013-12-08 14:10:00,61.052
2013-12-08 14:15:00,59.201
2013-12-08 14:20:00,61.502
2013-12-08 14:25:00,60.388
2013-12-08 14:30:00,62.731
2013-12-08 14:35:00,60.873
2013-12-08 14:40:00,61.174
2013-12-08 14:45:00,59.333
2013-12-08 14:50:00,59.745
2013-12-08 14:55:00,60.334
2013-12-08 15:00:00,58.803
2013-12-08 15:05:00,58.796
2013-12-08 15:10:00,60.067
2013-12-08 15:15:00,60.105
2013-12-08 15:20:00,60.445
2013-12-08 15:25:00,61.552
2013-12-08 15:30:00,59.743
2013-12-08 15:35:00,61.057
2013-12-08 15:40:00,60.086
2013-12-08 15:45:00,60.05
2013-12-08 15:50:00,60.619
2013-12-08 15:55:00,57.861
2013-12-08 16:00:00,60.456
2013-12-08 16:05:00,59.65
2013-12-08 16:10:00,59.342
2013-12-08 16:15:00,58.24
2013-12-08 16:20:00,60.023
2013-12-08 16:25:00,58.355
2013-12-08 16:30:00,61.709
2013-12-08 16:35:00,60.439
2013-12-08 16:40:00,58.772
2013-12-08 16:45:00,60.05
2013-12-08 16:50:00,61.836
2013-12-08 16:55:00,60.291
2013-12-08 17:00:00,60.746
2013-12-08 17:05:00,60.723
2013-12-08 17:10:00,61.097
2013-12-08 17:15:00,59.3
2013-12-08 17:20:00,61.377
2013-12-08 17:25:00,60.857
2013-12-08 17:30:00,65.17
2013-12-08 17:35:00,61.472
2013-12-08 17:40:00,61.285
2013-12-08 17:45:00,63.126
2013-12-08 17:50:00,61.864
2013-12-08 17:55:00,62.469
2013-12-08 18:00:00,61.233
2013-12-08 18:05:00,64.268
2013-12-08 18:10:00,61.771
2013-12-08 18:15:00,63.1
2013-12-08 18:20:00,64.137
2013-12-08 18:25:00,62.543
2013-12-08 18:30:00,63.042
2013-12-08 18:35:00,63.881
2013-12-08 18:40:00,64.135
2013-12-08 18:45:00,62.149
2013-12-08 18:50:00,63.817
2013-12-08 18:55:00,62.611
2013-12-08 19:00:00,62.998
2013-12-08 19:05:00,63.264
2013-12-08 19:10:00,65.653
2013-12-08 19:15:00,66.263
2013-12-08 19:20:00,67.63
2013-12-08 19:25:00,64.593
2013-12-08 19:30:00,63.81
2013-12-08 19:35:00,63.817
2013-12-08 19:40:00,67.072
2013-12-08 19:45:00,63.461
2013-12-08 19:50:00,65.093
2013-12-08 19:55:00,64.961
2013-12-08 20:00:00,67.908
2013-12-08 20:05:00,64.762
2013-12-08 20:10:00,67.47
2013-12-08 20:15:00,67.896
2013-12-08 20:20:00,66.293
2013-12-08 20:25:00,67.225
2013-12-08 20:30:00,64.995
2013-12-08 20:35:00,66.911
2013-12-08 20:40:00,66.934
2013-12-08 20:45:00,64.274
2013-12-08 20:50:00,68.045
2013-12-08 20:55:00,68.15
2013-12-08 21:00:00,65.869
2013-12-08 21:05:00,66.385
2013-12-08 21:10:00,67.359
2013-12-08 21:15:00,67.801
2013-12-08 21:20:00,68.247
2013-12-08 21:25:00,67.643
2013-12-08 21:30:00,67.762
2013-12-08 21:35:00,69.517
2013-12-08 21:40:00,68.757
2013-12-08 21:45:00,69.376
2013-12-08 21:50:00,69.405
2013-12-08 21:55:00,70.406
2013-12-08 22:00:00,69.848
2013-12-08 22:05:00,71.241
2013-12-08 22:10:00,70.505
2013-12-08 22:15:00,71.621
2013-12-08 22:20:00,72.223
2013-12-08 22:25:00,69.145
2013-12-08 22:30:00,72.174
2013-12-08 22:35:00,73.376
2013-12-08 22:40:00,70.237
2013-12-08 22:45:00,71.532
2013-12-08 22:50:00,71.306
2013-12-08 22:55:00,72.427
2013-12-08 23:00:00,72.684
2013-12-08 23:05:00,71.416
2013-12-08 23:10:00,73.953
2013-12-08 23:15:00,71.506
2013-12-08 23:20:00,72.522
2013-12-08 23:25:00,74.069
2013-12-08 23:30:00,75.335
2013-12-08 23:35:00,72.524
2013-12-08 23:40:00,74.225
2013-12-08 23:45:00,73.694
2013-12-08 23:50:00,71.672
2013-12-08 23:55:00,72.564
2013-12-09 00:00:00,72.402
2013-12-09 00:05:00,73.378
2013-12-09 00:10:00,73.613
2013-12-09 00:15:00,74.276
2013-12-09 00:20:00,75.902
2013-12-09 00:25:00,75.0
2013-12-09 00:30:00,77.797
2013-12-09 00:35:00,74.44
2013-12-09 00:40:00,75.794
2013-12-09 00:45:00,75.457
2013-12-09 00:50:00,76.876
2013-12-09 00:55:00,74.72
2013-12-09 01:00:00,76.292
2013-12-09 01:05:00,77.333
2013-12-09 01:10:00,74.609
2013-12-09 01:15:00,75.478
2013-12-09 01:20:00,76.263
2013-12-09 01:25:00,75.223
2013-12-09 01:30:00,74.778
2013-12-09 01:35:00,78.108
2013-12-09 01:40:00,75.71
2013-12-09 01:45:00,78.139
2013-12-09 01:50:00,75.518
2013-12-09 01:55:00,75.946
2013-12-09 02:00:00,77.213
2013-12-09 02:05:00,76.069
2013-12-09 02:10:00,75.292
2013-12-09 02:15:00,75.559
2013-12-09 02:20:00,76.798
2013-12-09 02:25:00,75.716
2013-12-09 02:30:00,76.662
2013-12-09 02:35:00,73.884
2013-12-09 02:40:00,75.956
2013-12-09 02:45:00,76.439
2013-12-09 02:50:00,76.066
2013-12-09 02:55:00,75.511
2013-12-09 03:00:00,75.661
2013-12-09 03:05:00,76.82
2013-12-09 03:10:00,78.531
2013-12-09 03:15:00,75.075
2013-12-09 03:20:00,76.424
2013-12-09 03:25:00,77.928
2013-12-09 03:30:00,77.152
2013-12-09 03:35:00,76.63
2013-12-09 03:40:00,76.189
2013-12-09 03:45:00,76.73
2013-12-09 03:50:00,76.573
2013-12-09 03:55:00,74.047
2013-12-09 04:00:00,75.785
2013-12-09 04:05:00,74.273
2013-12-09 04:10:00,78.127
2013-12-09 04:15:00,77.527
2013-12-09 04:20:00,75.552
2013-12-09 04:25:00,77.418
2013-12-09 04:30:00,79.341
2013-12-09 04:35:00,75.602
2013-12-09 04:40:00,77.853
2013-12-09 04:45:00,76.669
2013-12-09 04:50:00,75.886
2013-12-09 04:55:00,74.776
2013-12-09 05:00:00,75.366
2013-12-09 05:05:00,75.485
2013-12-09 05:10:00,73.103
2013-12-09 05:15:00,76.438
2013-12-09 05:20:00,75.332
2013-12-09 05:25:00,76.182
2013-12-09 05:30:00,75.038
2013-12-09 05:35:00,79.045
2013-12-09 05:40:00,73.362
2013-12-09 05:45:00,74.132
2013-12-09 05:50:00,75.995
2013-12-09 05:55:00,77.873
2013-12-09 06:00:00,73.744
2013-12-09 06:05:00,77.019
2013-12-09 06:10:00,73.609
2013-12-09 06:15:00,76.145
2013-12-09 06:20:00,74.564
2013-12-09 06:25:00,77.027
2013-12-09 06:30:00,76.365
2013-12-09 06:35:00,73.322
2013-12-09 06:40:00,77.493
2013-12-09 06:45:00,72.489
2013-12-09 06:50:00,73.327
2013-12-09 06:55:00,75.737
2013-12-09 07:00:00,72.547
2013-12-09 07:05:00,72.518
2013-12-09 07:10:00,73.302
2013-12-09 07:15:00,73.543
2013-12-09 07:20:00,73.318
2013-12-09 07:25:00,71.81
2013-12-09 07:30:00,72.791
2013-12-09 07:35:00,73.168
2013-12-09 07:40:00,74.054
2013-12-09 07:45:00,72.488
2013-12-09 07:50:00,70.434
2013-12-09 07:55:00,71.814
2013-12-09 08:00:00,70.876
2013-12-09 08:05:00,73.043
2013-12-09 08:10:00,69.288
2013-12-09 08:15:00,71.808
2013-12-09 08:20:00,69.694
2013-12-09 08:25:00,72.334
2013-12-09 08:30:00,71.568
2013-12-09 08:35:00,70.74
2013-12-09 08:40:00,70.916
2013-12-09 08:45:00,69.739
2013-12-09 08:50:00,70.786
2013-12-09 08:55:00,69.748
2013-12-09 09:00:00,70.516
2013-12-09 09:05:00,69.54
2013-12-09 09:10:00,66.324
2013-12-09 09:15:00,68.516
2013-12-09 09:20:00,70.784
2013-12-09 09:25:00,70.538
2013-12-09 09:30:00,68.751
2013-12-09 09:35:00,68.306
2013-12-09 09:40:00,67.887
2013-12-09 09:45:00,68.879
2013-12-09 09:50:00,68.65
2013-12-09 09:55:00,66.613
2013-12-09 10:00:00,68.416
2013-12-09 10:05:00,68.937
2013-12-09 10:10:00,66.147
2013-12-09 10:15:00,66.905
2013-12-09 10:20:00,67.524
2013-12-09 10:25:00,67.673
2013-12-09 10:30:00,66.141
2013-12-09 10:35:00,65.853
2013-12-09 10:40:00,65.773
2013-12-09 10:45:00,66.635
2013-12-09 10:50:00,66.533
2013-12-09 10:55:00,65.842
2013-12-09 11:00:00,64.077
2013-12-09 11:05:00,64.256
2013-12-09 11:10:00,66.18
2013-12-09 11:15:00,63.804
2013-12-09 11:20:00,65.397
2013-12-09 11:25:00,64.55
2013-12-09 11:30:00,64.12
2013-12-09 11:35:00,64.736
2013-12-09 11:40:00,66.58
2013-12-09 11:45:00,64.781
2013-12-09 11:50:00,63.948
2013-12-09 11:55:00,62.406
2013-12-09 12:00:00,64.662
2013-12-09 12:05:00,65.287
2013-12-09 12:10:00,64.53
2013-12-09 12:15:00,65.082
2013-12-09 12:20:00,64.138
2013-12-09 12:25:00,61.889
2013-12-09 12:30:00,63.288
2013-12-09 12:35:00,63.865
2013-12-09 12:40:00,63.995
2013-12-09 12:45:00,62.436
2013-12-09 12:50:00,62.853
2013-12-09 12:55:00,63.273
2013-12-09 13:00:00,64.266
2013-12-09 13:05:00,63.858
2013-12-09 13:10:00,63.341
2013-12-09 13:15:00,62.958
2013-12-09 13:20:00,61.172
2013-12-09 13:25:00,61.005
2013-12-09 13:30:00,62.143
2013-12-09 13:35:00,63.434
2013-12-09 13:40:00,62.592
2013-12-09 13:45:00,62.729
2013-12-09 13:50:00,60.194
2013-12-09 13:55:00,60.187
2013-12-09 14:00:00,63.233
2013-12-09 14:05:00,61.799
2013-12-09 14:10:00,60.22
2013-12-09 14:15:00,62.814
2013-12-09 14:20:00,62.027
2013-12-09 14:25:00,65.226
2013-12-09 14:30:00,63.154
2013-12-09 14:35:00,62.044
2013-12-09 14:40:00,61.424
2013-12-09 14:45:00,61.866
2013-12-09 14:50:00,61.449
2013-12-09 14:55:00,59.835
2013-12-09 15:00:00,62.667
2013-12-09 15:05:00,61.88
2013-12-09 15:10:00,58.245
2013-12-09 15:15:00,60.792
2013-12-09 15:20:00,60.568
2013-12-09 15:25:00,62.752
2013-12-09 15:30:00,61.537
2013-12-09 15:35:00,63.395
2013-12-09 15:40:00,59.723
2013-12-09 15:45:00,60.369
2013-12-09 15:50:00,62.971
2013-12-09 15:55:00,60.939
2013-12-09 16:00:00,60.493
2013-12-09 16:05:00,61.174
2013-12-09 16:10:00,60.94
2013-12-09 16:15:00,62.548
2013-12-09 16:20:00,63.296
2013-12-09 16:25:00,60.106
2013-12-09 16:30:00,61.722
2013-12-09 16:35:00,62.152
2013-12-09 16:40:00,62.301
2013-12-09 16:45:00,63.274
2013-12-09 16:50:00,62.492
2013-12-09 16:55:00,61.731
2013-12-09 17:00:00,61.174
2013-12-09 17:05:00,60.404
2013-12-09 17:10:00,62.237
2013-12-09 17:15:00,62.791
2013-12-09 17:20:00,63.975
2013-12-09 17:25:00,62.514
2013-12-09 17:30:00,65.857
2013-12-09 17:35:00,63.082
2013-12-09 17:40:00,62.701
2013-12-09 17:45:00,63.849
2013-12-09 17:50:00,62.341
2013-12-09 17:55:00,63.874
2013-12-09 18:00:00,61.266
2013-12-09 18:05:00,64.677
2013-12-09 18:10:00,64.071
2013-12-09 18:15:00,64.372
2013-12-09 18:20:00,64.436
2013-12-09 18:25:00,62.855
2013-12-09 18:30:00,63.442
2013-12-09 18:35:00,66.538
2013-12-09 18:40:00,65.393
2013-12-09 18:45:00,64.226
2013-12-09 18:50:00,65.594
2013-12-09 18:55:00,65.726
2013-12-09 19:00:00,67.733
2013-12-09 19:05:00,66.872
2013-12-09 19:10:00,66.188
2013-12-09 19:15:00,65.312
2013-12-09 19:20:00,68.149
2013-12-09 19:25:00,66.047
2013-12-09 19:30:00,65.286
2013-12-09 19:35:00,65.03
2013-12-09 19:40:00,65.625
2013-12-09 19:45:00,66.389
2013-12-09 19:50:00,67.913
2013-12-09 19:55:00,68.26
2013-12-09 20:00:00,68.716
2013-12-09 20:05:00,67.691
2013-12-09 20:10:00,68.678
2013-12-09 20:15:00,70.566
2013-12-09 20:20:00,69.122
2013-12-09 20:25:00,70.13
2013-12-09 20:30:00,66.57
2013-12-09 20:35:00,67.671
2013-12-09 20:40:00,67.838
2013-12-09 20:45:00,65.706
2013-12-09 20:50:00,69.186
2013-12-09 20:55:00,70.949
2013-12-09 21:00:00,68.816
2013-12-09 21:05:00,69.873
2013-12-09 21:10:00,68.794
2013-12-09 21:15:00,69.41
2013-12-09 21:20:00,70.523
2013-12-09 21:25:00,68.926
2013-12-09 21:30:00,71.951
2013-12-09 21:35:00,68.42
2013-12-09 21:40:00,71.289
2013-12-09 21:45:00,70.492
2013-12-09 21:50:00,73.048
2013-12-09 21:55:00,72.353
2013-12-09 22:00:00,69.116
2013-12-09 22:05:00,68.887
2013-12-09 22:10:00,70.768
2013-12-09 22:15:00,71.543
2013-12-09 22:20:00,72.093
2013-12-09 22:25:00,72.529
2013-12-09 22:30:00,73.473
2013-12-09 22:35:00,71.197
2013-12-09 22:40:00,70.845
2013-12-09 22:45:00,73.477
2013-12-09 22:50:00,72.907
2013-12-09 22:55:00,73.381
2013-12-09 23:00:00,72.899
2013-12-09 23:05:00,73.623
2013-12-09 23:10:00,75.775
2013-12-09 23:15:00,72.202
2013-12-09 23:20:00,72.835
2013-12-09 23:25:00,75.23
2013-12-09 23:30:00,76.494
2013-12-09 23:35:00,74.516
2013-12-09 23:40:00,73.396
2013-12-09 23:45:00,72.655
2013-12-09 23:50:00,75.513
2013-12-09 23:55:00,73.842
2013-12-10 00:00:00,78.091
2013-12-10 00:05:00,78.426
2013-12-10 00:10:00,76.021
2013-12-10 00:15:00,76.463
2013-12-10 00:20:00,75.868
2013-12-10 00:25:00,77.505
2013-12-10 00:30:00,76.254
2013-12-10 00:35:00,76.453
2013-12-10 00:40:00,78.126
2013-12-10 00:45:00,77.359
2013-12-10 00:50:00,79.276
2013-12-10 00:55:00,74.862
2013-12-10 01:00:00,76.265
2013-12-10 01:05:00,75.948
2013-12-10 01:10:00,78.141
2013-12-10 01:15:00,76.634
2013-12-10 01:20:00,78.041
2013-12-10 01:25:00,76.004
2013-12-10 01:30:00,77.378
2013-12-10 01:35:00,80.33
2013-12-10 01:40:00,79.617
2013-12-10 01:45:00,75.472
2013-12-10 01:50:00,78.235
2013-12-10 01:55:00,78.856
2013-12-10 02:00:00,77.337
2013-12-10 02:05:00,76.666
2013-12-10 02:10:00,78.84
2013-12-10 02:15:00,78.22
2013-12-10 02:20:00,78.812
2013-12-10 02:25:00,78.005
2013-12-10 02:30:00,81.034
2013-12-10 02:35:00,77.178
2013-12-10 02:40:00,77.714
2013-12-10 02:45:00,78.958
2013-12-10 02:50:00,79.245
2013-12-10 02:55:00,76.736
2013-12-10 03:00:00,79.966
2013-12-10 03:05:00,76.676
2013-12-10 03:10:00,78.445
2013-12-10 03:15:00,78.077
2013-12-10 03:20:00,77.6
2013-12-10 03:25:00,79.809
2013-12-10 03:30:00,75.63
2013-12-10 03:35:00,77.562
2013-12-10 03:40:00,77.345
2013-12-10 03:45:00,79.463
2013-12-10 03:50:00,80.255
2013-12-10 03:55:00,79.303
2013-12-10 04:00:00,80.02
2013-12-10 04:05:00,75.646
2013-12-10 04:10:00,78.479
2013-12-10 04:15:00,76.585
2013-12-10 04:20:00,77.754
2013-12-10 04:25:00,78.453
2013-12-10 04:30:00,78.225
2013-12-10 04:35:00,79.71
2013-12-10 04:40:00,75.629
2013-12-10 04:45:00,76.942
2013-12-10 04:50:00,76.105
2013-12-10 04:55:00,75.85
2013-12-10 05:00:00,78.954
2013-12-10 05:05:00,77.893
2013-12-10 05:10:00,79.465
2013-12-10 05:15:00,78.94
2013-12-10 05:20:00,77.517
2013-12-10 05:25:00,76.185
2013-12-10 05:30:00,78.449
2013-12-10 05:35:00,76.337
2013-12-10 05:40:00,75.631
2013-12-10 05:45:00,75.591
2013-12-10 05:50:00,77.016
2013-12-10 05:55:00,78.284
2013-12-10 06:00:00,76.721
2013-12-10 06:05:00,78.016
2013-12-10 06:10:00,76.543
2013-12-10 06:15:00,75.806
2013-12-10 06:20:00,79.464
2013-12-10 06:25:00,78.262
2013-12-10 06:30:00,76.189
2013-12-10 06:35:00,74.828
2013-12-10 06:40:00,73.766
2013-12-10 06:45:00,76.047
2013-12-10 06:50:00,75.125
2013-12-10 06:55:00,75.856
2013-12-10 07:00:00,75.545
2013-12-10 07:05:00,75.541
2013-12-10 07:10:00,76.246
2013-12-10 07:15:00,75.108
2013-12-10 07:20:00,73.716
2013-12-10 07:25:00,73.512
2013-12-10 07:30:00,74.986
2013-12-10 07:35:00,72.849
2013-12-10 07:40:00,74.844
2013-12-10 07:45:00,74.684
2013-12-10 07:50:00,73.618
2013-12-10 07:55:00,72.575
2013-12-10 08:00:00,71.223
2013-12-10 08:05:00,71.845
2013-12-10 08:10:00,71.082
2013-12-10 08:15:00,72.902
2013-12-10 08:20:00,72.176
2013-12-10 08:25:00,71.438
2013-12-10 08:30:00,73.425
2013-12-10 08:35:00,72.367
2013-12-10 08:40:00,72.102
2013-12-10 08:45:00,72.548
2013-12-10 08:50:00,72.954
2013-12-10 08:55:00,69.619
2013-12-10 09:00:00,72.222
2013-12-10 09:05:00,69.035
2013-12-10 09:10:00,70.083
2013-12-10 09:15:00,72.082
2013-12-10 09:20:00,71.528
2013-12-10 09:25:00,71.328
2013-12-10 09:30:00,70.58
2013-12-10 09:35:00,71.888
2013-12-10 09:40:00,68.176
2013-12-10 09:45:00,69.491
2013-12-10 09:50:00,69.747
2013-12-10 09:55:00,71.966
2013-12-10 10:00:00,70.589
2013-12-10 10:05:00,70.438
2013-12-10 10:10:00,68.114
2013-12-10 10:15:00,71.564
2013-12-10 10:20:00,69.268
2013-12-10 10:25:00,67.333
2013-12-10 10:30:00,71.194
2013-12-10 10:35:00,66.508
2013-12-10 10:40:00,67.02
2013-12-10 10:45:00,67.625
2013-12-10 10:50:00,66.574
2013-12-10 10:55:00,68.23
2013-12-10 11:00:00,67.778
2013-12-10 11:05:00,67.431
2013-12-10 11:10:00,69.419
2013-12-10 11:15:00,65.039
2013-12-10 11:20:00,68.495
2013-12-10 11:25:00,65.723
2013-12-10 11:30:00,68.326
2013-12-10 11:35:00,68.719
2013-12-10 11:40:00,69.058
2013-12-10 11:45:00,65.934
2013-12-10 11:50:00,64.634
2013-12-10 11:55:00,66.294
2013-12-10 12:00:00,65.709
2013-12-10 12:05:00,63.533
2013-12-10 12:10:00,66.409
2013-12-10 12:15:00,64.3
2013-12-10 12:20:00,67.021
2013-12-10 12:25:00,66.335
2013-12-10 12:30:00,64.728
2013-12-10 12:35:00,65.0
2013-12-10 12:40:00,64.56
2013-12-10 12:45:00,64.2
2013-12-10 12:50:00,68.367
2013-12-10 12:55:00,63.429
2013-12-10 13:00:00,64.526
2013-12-10 13:05:00,65.559
2013-12-10 13:10:00,63.821
2013-12-10 13:15:00,63.444
2013-12-10 13:20:00,62.523
2013-12-10 13:25:00,65.471
2013-12-10 13:30:00,64.821
2013-12-10 13:35:00,64.461
2013-12-10 13:40:00,62.019
2013-12-10 13:45:00,64.371
2013-12-10 13:50:00,64.049
2013-12-10 13:55:00,63.244
2013-12-10 14:00:00,61.945
2013-12-10 14:05:00,63.48
2013-12-10 14:10:00,62.457
2013-12-10 14:15:00,63.556
2013-12-10 14:20:00,63.498
2013-12-10 14:25:00,62.981
2013-12-10 14:30:00,64.415
2013-12-10 14:35:00,63.25
2013-12-10 14:40:00,63.941
2013-12-10 14:45:00,63.788
2013-12-10 14:50:00,64.48
2013-12-10 14:55:00,62.101
2013-12-10 15:00:00,62.835
2013-12-10 15:05:00,64.351
2013-12-10 15:10:00,63.428
2013-12-10 15:15:00,64.598
2013-12-10 15:20:00,64.148
2013-12-10 15:25:00,62.731
2013-12-10 15:30:00,64.335
2013-12-10 15:35:00,62.988
2013-12-10 15:40:00,64.467
2013-12-10 15:45:00,65.569
2013-12-10 15:50:00,64.684
2013-12-10 15:55:00,66.155
2013-12-10 16:00:00,61.582
2013-12-10 16:05:00,62.827
2013-12-10 16:10:00,63.209
2013-12-10 16:15:00,63.097
2013-12-10 16:20:00,64.076
2013-12-10 16:25:00,63.243
2013-12-10 16:30:00,65.071
2013-12-10 16:35:00,64.988
2013-12-10 16:40:00,64.368
2013-12-10 16:45:00,62.727
2013-12-10 16:50:00,64.672
2013-12-10 16:55:00,64.901
2013-12-10 17:00:00,64.596
2013-12-10 17:05:00,64.291
2013-12-10 17:10:00,66.022
2013-12-10 17:15:00,63.774
2013-12-10 17:20:00,64.086
2013-12-10 17:25:00,65.423
2013-12-10 17:30:00,65.359
2013-12-10 17:35:00,65.848
2013-12-10 17:40:00,64.591
2013-12-10 17:45:00,63.463
2013-12-10 17:50:00,63.668
2013-12-10 17:55:00,64.749
2013-12-10 18:00:00,66.337
2013-12-10 18:05:00,66.458
2013-12-10 18:10:00,63.452
2013-12-10 18:15:00,66.398
2013-12-10 18:20:00,65.782
2013-12-10 18:25:00,64.768
2013-12-10 18:30:00,68.782
2013-12-10 18:35:00,66.606
2013-12-10 18:40:00,67.422
2013-12-10 18:45:00,69.651
2013-12-10 18:50:00,66.017
2013-12-10 18:55:00,66.384
2013-12-10 19:00:00,68.796
2013-12-10 19:05:00,65.59
2013-12-10 19:10:00,67.4
2013-12-10 19:15:00,67.522
2013-12-10 19:20:00,68.787
2013-12-10 19:25:00,68.267
2013-12-10 19:30:00,66.845
2013-12-10 19:35:00,69.269
2013-12-10 19:40:00,69.279
2013-12-10 19:45:00,67.169
2013-12-10 19:50:00,67.771
2013-12-10 19:55:00,68.132
2013-12-10 20:00:00,67.553
2013-12-10 20:05:00,70.38
2013-12-10 20:10:00,68.885
2013-12-10 20:15:00,69.112
2013-12-10 20:20:00,68.373
2013-12-10 20:25:00,69.319
2013-12-10 20:30:00,71.749
2013-12-10 20:35:00,71.041
2013-12-10 20:40:00,68.378
2013-12-10 20:45:00,69.308
2013-12-10 20:50:00,71.436
2013-12-10 20:55:00,70.253
2013-12-10 21:00:00,70.365
2013-12-10 21:05:00,70.174
2013-12-10 21:10:00,69.788
2013-12-10 21:15:00,71.678
2013-12-10 21:20:00,71.286
2013-12-10 21:25:00,73.289
2013-12-10 21:30:00,72.018
2013-12-10 21:35:00,71.118
2013-12-10 21:40:00,73.286
2013-12-10 21:45:00,74.246
2013-12-10 21:50:00,71.925
2013-12-10 21:55:00,70.94
2013-12-10 22:00:00,72.584
2013-12-10 22:05:00,71.713
2013-12-10 22:10:00,75.477
2013-12-10 22:15:00,72.014
2013-12-10 22:20:00,73.458
2013-12-10 22:25:00,75.79
2013-12-10 22:30:00,75.237
2013-12-10 22:35:00,73.744
2013-12-10 22:40:00,73.587
2013-12-10 22:45:00,74.475
2013-12-10 22:50:00,74.569
2013-12-10 22:55:00,76.815
2013-12-10 23:00:00,74.995
2013-12-10 23:05:00,73.719
2013-12-10 23:10:00,76.68
2013-12-10 23:15:00,76.896
2013-12-10 23:20:00,75.534
2013-12-10 23:25:00,76.884
2013-12-10 23:30:00,76.169
2013-12-10 23:35:00,74.807
2013-12-10 23:40:00,76.303
2013-12-10 23:45:00,75.17
2013-12-10 23:50:00,75.923
2013-12-10 23:55:00,75.696
2013-12-11 00:00:00,77.358
2013-12-11 00:05:00,77.315
2013-12-11 00:10:00,75.639
2013-12-11 00:15:00,76.246
2013-12-11 00:20:00,77.472
2013-12-11 00:25:00,78.156
2013-12-11 00:30:00,77.805
2013-12-11 00:35:00,75.187
2013-12-11 00:40:00,79.493
2013-12-11 00:45:00,80.187
2013-12-11 00:50:00,80.068
2013-12-11 00:55:00,78.926
2013-12-11 01:00:00,79.181
2013-12-11 01:05:00,77.688
2013-12-11 01:10:00,78.795
2013-12-11 01:15:00,77.303
2013-12-11 01:20:00,78.895
2013-12-11 01:25:00,77.119
2013-12-11 01:30:00,79.619
2013-12-11 01:35:00,78.569
2013-12-11 01:40:00,79.99
2013-12-11 01:45:00,79.361
2013-12-11 01:50:00,78.658
2013-12-11 01:55:00,80.286
2013-12-11 02:00:00,77.927
2013-12-11 02:05:00,79.074
2013-12-11 02:10:00,78.801
2013-12-11 02:15:00,80.388
2013-12-11 02:20:00,79.451
2013-12-11 02:25:00,79.908
2013-12-11 02:30:00,80.254
2013-12-11 02:35:00,76.843
2013-12-11 02:40:00,78.578
2013-12-11 02:45:00,79.856
2013-12-11 02:50:00,80.956
2013-12-11 02:55:00,80.448
2013-12-11 03:00:00,81.35
2013-12-11 03:05:00,79.523
2013-12-11 03:10:00,79.918
2013-12-11 03:15:00,79.202
2013-12-11 03:20:00,79.28
2013-12-11 03:25:00,78.803
2013-12-11 03:30:00,79.141
2013-12-11 03:35:00,79.554
2013-12-11 03:40:00,78.986
2013-12-11 03:45:00,79.781
2013-12-11 03:50:00,77.545
2013-12-11 03:55:00,80.215
2013-12-11 04:00:00,79.885
2013-12-11 04:05:00,80.174
2013-12-11 04:10:00,79.045
2013-12-11 04:15:00,78.951
2013-12-11 04:20:00,80.695
2013-12-11 04:25:00,79.282
2013-12-11 04:30:00,81.8
2013-12-11 04:35:00,77.673
2013-12-11 04:40:00,79.005
2013-12-11 04:45:00,77.886
2013-12-11 04:50:00,78.229
2013-12-11 04:55:00,78.155
2013-12-11 05:00:00,78.453
2013-12-11 05:05:00,79.893
2013-12-11 05:10:00,77.501
2013-12-11 05:15:00,79.522
2013-12-11 05:20:00,76.974
2013-12-11 05:25:00,78.127
2013-12-11 05:30:00,80.104
2013-12-11 05:35:00,78.978
2013-12-11 05:40:00,78.651
2013-12-11 05:45:00,78.978
2013-12-11 05:50:00,78.807
2013-12-11 05:55:00,78.761
2013-12-11 06:00:00,79.581
2013-12-11 06:05:00,76.536
2013-12-11 06:10:00,77.58
2013-12-11 06:15:00,78.309
2013-12-11 06:20:00,78.321
2013-12-11 06:25:00,77.966
2013-12-11 06:30:00,78.736
2013-12-11 06:35:00,76.437
2013-12-11 06:40:00,75.286
2013-12-11 06:45:00,78.297
2013-12-11 06:50:00,76.631
2013-12-11 06:55:00,75.834
2013-12-11 07:00:00,76.393
2013-12-11 07:05:00,75.687
2013-12-11 07:10:00,77.267
2013-12-11 07:15:00,76.979
2013-12-11 07:20:00,76.135
2013-12-11 07:25:00,76.258
2013-12-11 07:30:00,75.494
2013-12-11 07:35:00,76.531
2013-12-11 07:40:00,72.306
2013-12-11 07:45:00,73.581
2013-12-11 07:50:00,74.775
2013-12-11 07:55:00,74.165
2013-12-11 08:00:00,73.358
2013-12-11 08:05:00,75.078
2013-12-11 08:10:00,72.995
2013-12-11 08:15:00,74.263
2013-12-11 08:20:00,73.984
2013-12-11 08:25:00,73.736
2013-12-11 08:30:00,72.502
2013-12-11 08:35:00,73.096
2013-12-11 08:40:00,74.629
2013-12-11 08:45:00,73.638
2013-12-11 08:50:00,73.969
2013-12-11 08:55:00,72.545
2013-12-11 09:00:00,70.426
2013-12-11 09:05:00,71.736
2013-12-11 09:10:00,71.942
2013-12-11 09:15:00,73.512
2013-12-11 09:20:00,73.14
2013-12-11 09:25:00,72.113
2013-12-11 09:30:00,70.403
2013-12-11 09:35:00,71.412
2013-12-11 09:40:00,70.772
2013-12-11 09:45:00,70.621
2013-12-11 09:50:00,69.262
2013-12-11 09:55:00,71.128
2013-12-11 10:00:00,70.365
2013-12-11 10:05:00,71.197
2013-12-11 10:10:00,68.309
2013-12-11 10:15:00,68.542
2013-12-11 10:20:00,74.103
2013-12-11 10:25:00,68.506
2013-12-11 10:30:00,69.742
2013-12-11 10:35:00,69.759
2013-12-11 10:40:00,67.893
2013-12-11 10:45:00,70.983
2013-12-11 10:50:00,68.672
2013-12-11 10:55:00,68.772
2013-12-11 11:00:00,70.619
2013-12-11 11:05:00,67.333
2013-12-11 11:10:00,67.544
2013-12-11 11:15:00,67.563
2013-12-11 11:20:00,66.181
2013-12-11 11:25:00,68.012
2013-12-11 11:30:00,68.103
2013-12-11 11:35:00,67.613
2013-12-11 11:40:00,68.039
2013-12-11 11:45:00,68.152
2013-12-11 11:50:00,67.383
2013-12-11 11:55:00,66.552
2013-12-11 12:00:00,68.175
2013-12-11 12:05:00,65.745
2013-12-11 12:10:00,68.13
2013-12-11 12:15:00,66.099
2013-12-11 12:20:00,67.127
2013-12-11 12:25:00,68.282
2013-12-11 12:30:00,63.257
2013-12-11 12:35:00,65.631
2013-12-11 12:40:00,65.267
2013-12-11 12:45:00,67.693
2013-12-11 12:50:00,65.052
2013-12-11 12:55:00,68.714
2013-12-11 13:00:00,63.508
2013-12-11 13:05:00,65.666
2013-12-11 13:10:00,64.691
2013-12-11 13:15:00,65.672
2013-12-11 13:20:00,64.303
2013-12-11 13:25:00,64.358
2013-12-11 13:30:00,62.633
2013-12-11 13:35:00,64.875
2013-12-11 13:40:00,62.876
2013-12-11 13:45:00,63.034
2013-12-11 13:50:00,64.645
2013-12-11 13:55:00,64.334
2013-12-11 14:00:00,65.655
2013-12-11 14:05:00,62.745
2013-12-11 14:10:00,64.823
2013-12-11 14:15:00,64.658
2013-12-11 14:20:00,63.865
2013-12-11 14:25:00,63.224
2013-12-11 14:30:00,64.058
2013-12-11 14:35:00,65.182
2013-12-11 14:40:00,63.644
2013-12-11 14:45:00,65.085
2013-12-11 14:50:00,63.719
2013-12-11 14:55:00,66.1
2013-12-11 15:00:00,64.049
2013-12-11 15:05:00,63.797
2013-12-11 15:10:00,62.069
2013-12-11 15:15:00,62.287
2013-12-11 15:20:00,64.459
2013-12-11 15:25:00,63.735
2013-12-11 15:30:00,64.355
2013-12-11 15:35:00,63.209
2013-12-11 15:40:00,63.867
2013-12-11 15:45:00,63.32
2013-12-11 15:50:00,64.447
2013-12-11 15:55:00,63.859
2013-12-11 16:00:00,66.391
2013-12-11 16:05:00,63.363
2013-12-11 16:10:00,65.571
2013-12-11 16:15:00,63.006
2013-12-11 16:20:00,63.76
2013-12-11 16:25:00,63.359
2013-12-11 16:30:00,65.934
2013-12-11 16:35:00,65.004
2013-12-11 16:40:00,64.706
2013-12-11 16:45:00,64.887
2013-12-11 16:50:00,63.373
2013-12-11 16:55:00,66.429
2013-12-11 17:00:00,66.488
2013-12-11 17:05:00,64.858
2013-12-11 17:10:00,64.997
2013-12-11 17:15:00,65.845
2013-12-11 17:20:00,64.944
2013-12-11 17:25:00,65.006
2013-12-11 17:30:00,64.75
2013-12-11 17:35:00,65.024
2013-12-11 17:40:00,64.969
2013-12-11 17:45:00,66.52
2013-12-11 17:50:00,65.358
2013-12-11 17:55:00,65.348
2013-12-11 18:00:00,65.223
2013-12-11 18:05:00,64.291
2013-12-11 18:10:00,68.081
2013-12-11 18:15:00,66.941
2013-12-11 18:20:00,67.494
2013-12-11 18:25:00,65.945
2013-12-11 18:30:00,68.459
2013-12-11 18:35:00,67.016
2013-12-11 18:40:00,68.719
2013-12-11 18:45:00,67.097
2013-12-11 18:50:00,67.198
2013-12-11 18:55:00,66.759
2013-12-11 19:00:00,67.629
2013-12-11 19:05:00,67.951
2013-12-11 19:10:00,69.62
2013-12-11 19:15:00,69.825
2013-12-11 19:20:00,68.237
2013-12-11 19:25:00,69.745
2013-12-11 19:30:00,65.175
2013-12-11 19:35:00,68.028
2013-12-11 19:40:00,69.05
2013-12-11 19:45:00,69.975
2013-12-11 19:50:00,69.579
2013-12-11 19:55:00,69.166
2013-12-11 20:00:00,68.843
2013-12-11 20:05:00,68.602
2013-12-11 20:10:00,72.01
2013-12-11 20:15:00,71.241
2013-12-11 20:20:00,71.632
2013-12-11 20:25:00,70.244
2013-12-11 20:30:00,69.759
2013-12-11 20:35:00,71.237
2013-12-11 20:40:00,70.713
2013-12-11 20:45:00,70.76
2013-12-11 20:50:00,71.056
2013-12-11 20:55:00,70.498
2013-12-11 21:00:00,70.385
2013-12-11 21:05:00,71.313
2013-12-11 21:10:00,70.114
2013-12-11 21:15:00,72.668
2013-12-11 21:20:00,73.129
2013-12-11 21:25:00,71.373
2013-12-11 21:30:00,70.276
2013-12-11 21:35:00,73.114
2013-12-11 21:40:00,73.1
2013-12-11 21:45:00,73.01
2013-12-11 21:50:00,71.555
2013-12-11 21:55:00,71.026
2013-12-11 22:00:00,75.551
2013-12-11 22:05:00,73.407
2013-12-11 22:10:00,74.44
2013-12-11 22:15:00,73.918
2013-12-11 22:20:00,74.665
2013-12-11 22:25:00,72.8
2013-12-11 22:30:00,73.964
2013-12-11 22:35:00,73.035
2013-12-11 22:40:00,73.518
2013-12-11 22:45:00,74.132
2013-12-11 22:50:00,72.974
2013-12-11 22:55:00,74.746
2013-12-11 23:00:00,74.602
2013-12-11 23:05:00,74.185
2013-12-11 23:10:00,75.601
2013-12-11 23:15:00,75.898
2013-12-11 23:20:00,75.055
2013-12-11 23:25:00,78.62
2013-12-11 23:30:00,77.212
2013-12-11 23:35:00,77.838
2013-12-11 23:40:00,76.238
2013-12-11 23:45:00,77.842
2013-12-11 23:50:00,77.824
2013-12-11 23:55:00,75.816
2013-12-12 00:00:00,76.35
2013-12-12 00:05:00,80.795
2013-12-12 00:10:00,76.928
2013-12-12 00:15:00,78.129
2013-12-12 00:20:00,77.407
2013-12-12 00:25:00,78.78
2013-12-12 00:30:00,76.703
2013-12-12 00:35:00,76.801
2013-12-12 00:40:00,79.478
2013-12-12 00:45:00,78.46
2013-12-12 00:50:00,75.351
2013-12-12 00:55:00,78.452
2013-12-12 01:00:00,78.302
2013-12-12 01:05:00,79.466
2013-12-12 01:10:00,79.089
2013-12-12 01:15:00,79.201
2013-12-12 01:20:00,78.978
2013-12-12 01:25:00,79.302
2013-12-12 01:30:00,77.647
2013-12-12 01:35:00,78.125
2013-12-12 01:40:00,78.15
2013-12-12 01:45:00,77.629
2013-12-12 01:50:00,80.247
2013-12-12 01:55:00,80.654
2013-12-12 02:00:00,80.153
2013-12-12 02:05:00,78.746
2013-12-12 02:10:00,78.871
2013-12-12 02:15:00,79.033
2013-12-12 02:20:00,80.937
2013-12-12 02:25:00,80.27
2013-12-12 02:30:00,81.759
2013-12-12 02:35:00,78.538
2013-12-12 02:40:00,79.457
2013-12-12 02:45:00,78.237
2013-12-12 02:50:00,78.067
2013-12-12 02:55:00,79.596
2013-12-12 03:00:00,79.39
2013-12-12 03:05:00,79.184
2013-12-12 03:10:00,77.961
2013-12-12 03:15:00,80.038
2013-12-12 03:20:00,79.457
2013-12-12 03:25:00,80.887
2013-12-12 03:30:00,80.437
2013-12-12 03:35:00,78.186
2013-12-12 03:40:00,80.215
2013-12-12 03:45:00,78.998
2013-12-12 03:50:00,81.528
2013-12-12 03:55:00,79.623
2013-12-12 04:00:00,79.019
2013-12-12 04:05:00,79.097
2013-12-12 04:10:00,77.741
2013-12-12 04:15:00,81.025
2013-12-12 04:20:00,81.989
2013-12-12 04:25:00,77.316
2013-12-12 04:30:00,79.033
2013-12-12 04:35:00,79.141
2013-12-12 04:40:00,78.496
2013-12-12 04:45:00,80.603
2013-12-12 04:50:00,80.567
2013-12-12 04:55:00,78.7
2013-12-12 05:00:00,81.402
2013-12-12 05:05:00,78.874
2013-12-12 05:10:00,78.459
2013-12-12 05:15:00,78.996
2013-12-12 05:20:00,77.673
2013-12-12 05:25:00,80.217
2013-12-12 05:30:00,79.114
2013-12-12 05:35:00,77.847
2013-12-12 05:40:00,77.945
2013-12-12 05:45:00,76.971
2013-12-12 05:50:00,78.264
2013-12-12 05:55:00,76.283
2013-12-12 06:00:00,77.722
2013-12-12 06:05:00,76.978
2013-12-12 06:10:00,78.156
2013-12-12 06:15:00,78.601
2013-12-12 06:20:00,78.167
2013-12-12 06:25:00,76.944
2013-12-12 06:30:00,76.107
2013-12-12 06:35:00,76.463
2013-12-12 06:40:00,76.664
2013-12-12 06:45:00,77.129
2013-12-12 06:50:00,75.719
2013-12-12 06:55:00,75.094
2013-12-12 07:00:00,76.316
2013-12-12 07:05:00,77.588
2013-12-12 07:10:00,78.053
2013-12-12 07:15:00,76.604
2013-12-12 07:20:00,74.309
2013-12-12 07:25:00,77.03
2013-12-12 07:30:00,74.165
2013-12-12 07:35:00,74.095
2013-12-12 07:40:00,75.37
2013-12-12 07:45:00,73.036
2013-12-12 07:50:00,75.489
2013-12-12 07:55:00,74.296
2013-12-12 08:00:00,74.671
2013-12-12 08:05:00,73.034
2013-12-12 08:10:00,74.867
2013-12-12 08:15:00,74.295
2013-12-12 08:20:00,73.071
2013-12-12 08:25:00,74.468
2013-12-12 08:30:00,69.966
2013-12-12 08:35:00,73.418
2013-12-12 08:40:00,72.678
2013-12-12 08:45:00,71.677
2013-12-12 08:50:00,72.666
2013-12-12 08:55:00,72.876
2013-12-12 09:00:00,71.214
2013-12-12 09:05:00,71.777
2013-12-12 09:10:00,71.692
2013-12-12 09:15:00,72.035
2013-12-12 09:20:00,72.857
2013-12-12 09:25:00,70.65
2013-12-12 09:30:00,72.609
2013-12-12 09:35:00,69.286
2013-12-12 09:40:00,71.034
2013-12-12 09:45:00,68.432
2013-12-12 09:50:00,70.405
2013-12-12 09:55:00,71.01
2013-12-12 10:00:00,72.395
2013-12-12 10:05:00,69.852
2013-12-12 10:10:00,68.721
2013-12-12 10:15:00,70.677
2013-12-12 10:20:00,69.323
2013-12-12 10:25:00,69.22
2013-12-12 10:30:00,70.033
2013-12-12 10:35:00,70.075
2013-12-12 10:40:00,66.517
2013-12-12 10:45:00,68.492
2013-12-12 10:50:00,68.245
2013-12-12 10:55:00,66.819
2013-12-12 11:00:00,65.992
2013-12-12 11:05:00,67.7
2013-12-12 11:10:00,67.066
2013-12-12 11:15:00,66.596
2013-12-12 11:20:00,67.147
2013-12-12 11:25:00,66.738
2013-12-12 11:30:00,67.03
2013-12-12 11:35:00,68.753
2013-12-12 11:40:00,66.678
2013-12-12 11:45:00,68.827
2013-12-12 11:50:00,67.922
2013-12-12 11:55:00,67.451
2013-12-12 12:00:00,65.278
2013-12-12 12:05:00,65.666
2013-12-12 12:10:00,64.783
2013-12-12 12:15:00,66.256
2013-12-12 12:20:00,65.55
2013-12-12 12:25:00,66.037
2013-12-12 12:30:00,65.749
2013-12-12 12:35:00,65.47
2013-12-12 12:40:00,64.725
2013-12-12 12:45:00,63.873
2013-12-12 12:50:00,64.401
2013-12-12 12:55:00,65.685
2013-12-12 13:00:00,64.526
2013-12-12 13:05:00,64.55
2013-12-12 13:10:00,65.567
2013-12-12 13:15:00,65.017
2013-12-12 13:20:00,62.572
2013-12-12 13:25:00,64.159
2013-12-12 13:30:00,63.126
2013-12-12 13:35:00,64.026
2013-12-12 13:40:00,64.483
2013-12-12 13:45:00,64.553
2013-12-12 13:50:00,65.869
2013-12-12 13:55:00,63.205
2013-12-12 14:00:00,63.389
2013-12-12 14:05:00,64.373
2013-12-12 14:10:00,64.783
2013-12-12 14:15:00,62.339
2013-12-12 14:20:00,64.353
2013-12-12 14:25:00,64.283
2013-12-12 14:30:00,63.264
2013-12-12 14:35:00,63.07
2013-12-12 14:40:00,64.253
2013-12-12 14:45:00,63.857
2013-12-12 14:50:00,63.8
2013-12-12 14:55:00,62.419
2013-12-12 15:00:00,61.212
2013-12-12 15:05:00,63.152
2013-12-12 15:10:00,62.928
2013-12-12 15:15:00,63.797
2013-12-12 15:20:00,62.327
2013-12-12 15:25:00,64.006
2013-12-12 15:30:00,63.741
2013-12-12 15:35:00,62.37
2013-12-12 15:40:00,64.404
2013-12-12 15:45:00,62.874
2013-12-12 15:50:00,62.47
2013-12-12 15:55:00,63.63
2013-12-12 16:00:00,63.339
2013-12-12 16:05:00,62.301
2013-12-12 16:10:00,64.166
2013-12-12 16:15:00,63.449
2013-12-12 16:20:00,62.592
2013-12-12 16:25:00,61.443
2013-12-12 16:30:00,64.109
2013-12-12 16:35:00,63.769
2013-12-12 16:40:00,63.85
2013-12-12 16:45:00,65.418
2013-12-12 16:50:00,60.841
2013-12-12 16:55:00,65.42
2013-12-12 17:00:00,65.604
2013-12-12 17:05:00,62.865
2013-12-12 17:10:00,65.336
2013-12-12 17:15:00,63.224
2013-12-12 17:20:00,63.031
2013-12-12 17:25:00,64.248
2013-12-12 17:30:00,66.653
2013-12-12 17:35:00,64.987
2013-12-12 17:40:00,64.709
2013-12-12 17:45:00,65.812
2013-12-12 17:50:00,64.104
2013-12-12 17:55:00,66.754
2013-12-12 18:00:00,66.95
2013-12-12 18:05:00,65.691
2013-12-12 18:10:00,64.345
2013-12-12 18:15:00,66.694
2013-12-12 18:20:00,65.88
2013-12-12 18:25:00,66.421
2013-12-12 18:30:00,67.137
2013-12-12 18:35:00,66.424
2013-12-12 18:40:00,64.947
2013-12-12 18:45:00,67.951
2013-12-12 18:50:00,66.632
2013-12-12 18:55:00,66.822
2013-12-12 19:00:00,67.31
2013-12-12 19:05:00,67.086
2013-12-12 19:10:00,67.753
2013-12-12 19:15:00,67.237
2013-12-12 19:20:00,66.934
2013-12-12 19:25:00,66.635
2013-12-12 19:30:00,66.832
2013-12-12 19:35:00,67.252
2013-12-12 19:40:00,68.938
2013-12-12 19:45:00,67.502
2013-12-12 19:50:00,67.929
2013-12-12 19:55:00,68.099
2013-12-12 20:00:00,69.02
2013-12-12 20:05:00,69.319
2013-12-12 20:10:00,71.071
2013-12-12 20:15:00,67.192
2013-12-12 20:20:00,68.754
2013-12-12 20:25:00,69.88
2013-12-12 20:30:00,67.335
2013-12-12 20:35:00,71.613
2013-12-12 20:40:00,69.551
2013-12-12 20:45:00,68.904
2013-12-12 20:50:00,71.19
2013-12-12 20:55:00,67.555
2013-12-12 21:00:00,70.616
2013-12-12 21:05:00,69.34
2013-12-12 21:10:00,70.681
2013-12-12 21:15:00,71.317
2013-12-12 21:20:00,71.988
2013-12-12 21:25:00,71.699
2013-12-12 21:30:00,73.878
2013-12-12 21:35:00,71.617
2013-12-12 21:40:00,71.3
2013-12-12 21:45:00,73.349
2013-12-12 21:50:00,71.967
2013-12-12 21:55:00,72.714
2013-12-12 22:00:00,67.653
2013-12-12 22:05:00,73.087
2013-12-12 22:10:00,72.617
2013-12-12 22:15:00,72.348
2013-12-12 22:20:00,72.245
2013-12-12 22:25:00,74.278
2013-12-12 22:30:00,70.904
2013-12-12 22:35:00,77.292
2013-12-12 22:40:00,75.056
2013-12-12 22:45:00,74.271
2013-12-12 22:50:00,76.262
2013-12-12 22:55:00,74.464
2013-12-12 23:00:00,73.212
2013-12-12 23:05:00,75.669
2013-12-12 23:10:00,72.621
2013-12-12 23:15:00,75.451
2013-12-12 23:20:00,76.313
2013-12-12 23:25:00,75.659
2013-12-12 23:30:00,73.416
2013-12-12 23:35:00,75.542
2013-12-12 23:40:00,75.284
2013-12-12 23:45:00,74.675
2013-12-12 23:50:00,72.923
2013-12-12 23:55:00,74.404
2013-12-13 00:00:00,75.352
2013-12-13 00:05:00,77.428
2013-12-13 00:10:00,79.502
2013-12-13 00:15:00,77.346
2013-12-13 00:20:00,75.488
2013-12-13 00:25:00,76.042
2013-12-13 00:30:00,77.956
2013-12-13 00:35:00,77.502
2013-12-13 00:40:00,77.339
2013-12-13 00:45:00,77.258
2013-12-13 00:50:00,78.51
2013-12-13 00:55:00,79.85
2013-12-13 01:00:00,77.271
2013-12-13 01:05:00,77.539
2013-12-13 01:10:00,78.04
2013-12-13 01:15:00,76.963
2013-12-13 01:20:00,74.966
2013-12-13 01:25:00,78.266
2013-12-13 01:30:00,76.866
2013-12-13 01:35:00,79.396
2013-12-13 01:40:00,78.101
2013-12-13 01:45:00,79.742
2013-12-13 01:50:00,76.975
2013-12-13 01:55:00,79.417
2013-12-13 02:00:00,76.153
2013-12-13 02:05:00,79.285
2013-12-13 02:10:00,77.919
2013-12-13 02:15:00,79.37
2013-12-13 02:20:00,77.853
2013-12-13 02:25:00,79.135
2013-12-13 02:30:00,78.949
2013-12-13 02:35:00,78.832
2013-12-13 02:40:00,78.926
2013-12-13 02:45:00,80.43
2013-12-13 02:50:00,77.754
2013-12-13 02:55:00,80.123
2013-12-13 03:00:00,78.021
2013-12-13 03:05:00,79.898
2013-12-13 03:10:00,81.257
2013-12-13 03:15:00,77.487
2013-12-13 03:20:00,75.85
2013-12-13 03:25:00,78.622
2013-12-13 03:30:00,77.58
2013-12-13 03:35:00,77.758
2013-12-13 03:40:00,77.972
2013-12-13 03:45:00,77.7
2013-12-13 03:50:00,80.026
2013-12-13 03:55:00,79.625
2013-12-13 04:00:00,79.627
2013-12-13 04:05:00,80.969
2013-12-13 04:10:00,77.224
2013-12-13 04:15:00,75.103
2013-12-13 04:20:00,80.474
2013-12-13 04:25:00,78.29
2013-12-13 04:30:00,77.862
2013-12-13 04:35:00,75.701
2013-12-13 04:40:00,76.175
2013-12-13 04:45:00,78.556
2013-12-13 04:50:00,77.48
2013-12-13 04:55:00,74.99
2013-12-13 05:00:00,76.363
2013-12-13 05:05:00,78.665
2013-12-13 05:10:00,78.852
2013-12-13 05:15:00,77.483
2013-12-13 05:20:00,80.532
2013-12-13 05:25:00,78.265
2013-12-13 05:30:00,79.104
2013-12-13 05:35:00,78.427
2013-12-13 05:40:00,77.716
2013-12-13 05:45:00,75.001
2013-12-13 05:50:00,74.574
2013-12-13 05:55:00,75.487
2013-12-13 06:00:00,76.567
2013-12-13 06:05:00,76.136
2013-12-13 06:10:00,76.459
2013-12-13 06:15:00,75.857
2013-12-13 06:20:00,76.323
2013-12-13 06:25:00,76.801
2013-12-13 06:30:00,75.49
2013-12-13 06:35:00,74.996
2013-12-13 06:40:00,72.055
2013-12-13 06:45:00,76.103
2013-12-13 06:50:00,73.983
2013-12-13 06:55:00,73.672
2013-12-13 07:00:00,75.654
2013-12-13 07:05:00,75.562
2013-12-13 07:10:00,75.122
2013-12-13 07:15:00,75.293
2013-12-13 07:20:00,72.678
2013-12-13 07:25:00,73.556
2013-12-13 07:30:00,73.009
2013-12-13 07:35:00,75.581
2013-12-13 07:40:00,74.377
2013-12-13 07:45:00,72.881
2013-12-13 07:50:00,74.015
2013-12-13 07:55:00,73.285
2013-12-13 08:00:00,72.524
2013-12-13 08:05:00,73.053
2013-12-13 08:10:00,73.34
2013-12-13 08:15:00,71.975
2013-12-13 08:20:00,70.469
2013-12-13 08:25:00,72.219
2013-12-13 08:30:00,71.3
2013-12-13 08:35:00,70.065
2013-12-13 08:40:00,70.339
2013-12-13 08:45:00,70.782
2013-12-13 08:50:00,70.935
2013-12-13 08:55:00,71.396
2013-12-13 09:00:00,70.287
2013-12-13 09:05:00,70.901
2013-12-13 09:10:00,69.733
2013-12-13 09:15:00,70.655
2013-12-13 09:20:00,70.303
2013-12-13 09:25:00,70.322
2013-12-13 09:30:00,71.183
2013-12-13 09:35:00,68.938
2013-12-13 09:40:00,67.186
2013-12-13 09:45:00,68.825
2013-12-13 09:50:00,69.711
2013-12-13 09:55:00,68.591
2013-12-13 10:00:00,68.765
2013-12-13 10:05:00,66.139
2013-12-13 10:10:00,67.029
2013-12-13 10:15:00,68.501
2013-12-13 10:20:00,68.614
2013-12-13 10:25:00,66.607
2013-12-13 10:30:00,67.775
2013-12-13 10:35:00,66.311
2013-12-13 10:40:00,65.612
2013-12-13 10:45:00,66.912
2013-12-13 10:50:00,66.92
2013-12-13 10:55:00,66.97
2013-12-13 11:00:00,67.207
2013-12-13 11:05:00,68.182
2013-12-13 11:10:00,67.147
2013-12-13 11:15:00,65.418
2013-12-13 11:20:00,66.822
2013-12-13 11:25:00,63.779
2013-12-13 11:30:00,65.508
2013-12-13 11:35:00,66.501
2013-12-13 11:40:00,65.904
2013-12-13 11:45:00,65.937
2013-12-13 11:50:00,67.092
2013-12-13 11:55:00,63.77
2013-12-13 12:00:00,65.474
2013-12-13 12:05:00,64.272
2013-12-13 12:10:00,65.588
2013-12-13 12:15:00,64.26
2013-12-13 12:20:00,64.929
2013-12-13 12:25:00,65.722
2013-12-13 12:30:00,64.5
2013-12-13 12:35:00,63.371
2013-12-13 12:40:00,63.065
2013-12-13 12:45:00,62.559
2013-12-13 12:50:00,64.527
2013-12-13 12:55:00,64.748
2013-12-13 13:00:00,62.775
2013-12-13 13:05:00,60.796
2013-12-13 13:10:00,62.109
2013-12-13 13:15:00,63.294
2013-12-13 13:20:00,61.546
2013-12-13 13:25:00,60.243
2013-12-13 13:30:00,61.975
2013-12-13 13:35:00,59.979
2013-12-13 13:40:00,62.739
2013-12-13 13:45:00,61.793
2013-12-13 13:50:00,62.275
2013-12-13 13:55:00,63.691
2013-12-13 14:00:00,60.982
2013-12-13 14:05:00,59.433
2013-12-13 14:10:00,61.92
2013-12-13 14:15:00,62.464
2013-12-13 14:20:00,60.136
2013-12-13 14:25:00,61.363
2013-12-13 14:30:00,61.347
2013-12-13 14:35:00,61.759
2013-12-13 14:40:00,60.952
2013-12-13 14:45:00,64.856
2013-12-13 14:50:00,61.318
2013-12-13 14:55:00,61.834
2013-12-13 15:00:00,61.009
2013-12-13 15:05:00,58.403
2013-12-13 15:10:00,63.22
2013-12-13 15:15:00,57.767
2013-12-13 15:20:00,63.179
2013-12-13 15:25:00,59.965
2013-12-13 15:30:00,59.923
2013-12-13 15:35:00,61.43
2013-12-13 15:40:00,64.207
2013-12-13 15:45:00,61.971
2013-12-13 15:50:00,61.376
2013-12-13 15:55:00,60.707
2013-12-13 16:00:00,62.435
2013-12-13 16:05:00,61.24
2013-12-13 16:10:00,62.574
2013-12-13 16:15:00,59.399
2013-12-13 16:20:00,62.43
2013-12-13 16:25:00,62.222
2013-12-13 16:30:00,60.257
2013-12-13 16:35:00,60.702
2013-12-13 16:40:00,61.819
2013-12-13 16:45:00,61.471
2013-12-13 16:50:00,62.466
2013-12-13 16:55:00,60.462
2013-12-13 17:00:00,61.192
2013-12-13 17:05:00,64.863
2013-12-13 17:10:00,61.392
2013-12-13 17:15:00,61.971
2013-12-13 17:20:00,62.353
2013-12-13 17:25:00,62.317
2013-12-13 17:30:00,64.189
2013-12-13 17:35:00,62.147
2013-12-13 17:40:00,63.955
2013-12-13 17:45:00,62.001
2013-12-13 17:50:00,64.058
2013-12-13 17:55:00,62.978
2013-12-13 18:00:00,63.133
2013-12-13 18:05:00,63.347
2013-12-13 18:10:00,64.227
2013-12-13 18:15:00,62.25
2013-12-13 18:20:00,62.637
2013-12-13 18:25:00,66.368
2013-12-13 18:30:00,64.655
2013-12-13 18:35:00,63.741
2013-12-13 18:40:00,65.073
2013-12-13 18:45:00,64.362
2013-12-13 18:50:00,61.866
2013-12-13 18:55:00,64.898
2013-12-13 19:00:00,64.696
2013-12-13 19:05:00,65.402
2013-12-13 19:10:00,64.195
2013-12-13 19:15:00,65.005
2013-12-13 19:20:00,66.786
2013-12-13 19:25:00,65.383
2013-12-13 19:30:00,65.199
2013-12-13 19:35:00,66.303
2013-12-13 19:40:00,65.545
2013-12-13 19:45:00,67.455
2013-12-13 19:50:00,66.12
2013-12-13 19:55:00,66.923
2013-12-13 20:00:00,65.801
2013-12-13 20:05:00,65.309
2013-12-13 20:10:00,67.83
2013-12-13 20:15:00,67.444
2013-12-13 20:20:00,68.058
2013-12-13 20:25:00,68.341
2013-12-13 20:30:00,65.859
2013-12-13 20:35:00,67.932
2013-12-13 20:40:00,65.548
2013-12-13 20:45:00,68.745
2013-12-13 20:50:00,66.987
2013-12-13 20:55:00,69.018
2013-12-13 21:00:00,69.497
2013-12-13 21:05:00,68.147
2013-12-13 21:10:00,68.936
2013-12-13 21:15:00,70.599
2013-12-13 21:20:00,67.316
2013-12-13 21:25:00,70.242
2013-12-13 21:30:00,69.781
2013-12-13 21:35:00,70.945
2013-12-13 21:40:00,67.993
2013-12-13 21:45:00,70.147
2013-12-13 21:50:00,71.635
2013-12-13 21:55:00,72.108
2013-12-13 22:00:00,69.72
2013-12-13 22:05:00,70.473
2013-12-13 22:10:00,73.182
2013-12-13 22:15:00,69.432
2013-12-13 22:20:00,71.244
2013-12-13 22:25:00,71.673
2013-12-13 22:30:00,71.83
2013-12-13 22:35:00,70.659
2013-12-13 22:40:00,73.095
2013-12-13 22:45:00,73.16
2013-12-13 22:50:00,74.428
2013-12-13 22:55:00,71.451
2013-12-13 23:00:00,71.977
2013-12-13 23:05:00,74.021
2013-12-13 23:10:00,75.032
2013-12-13 23:15:00,72.988
2013-12-13 23:20:00,71.311
2013-12-13 23:25:00,73.028
2013-12-13 23:30:00,74.586
2013-12-13 23:35:00,74.381
2013-12-13 23:40:00,75.039
2013-12-13 23:45:00,76.148
2013-12-13 23:50:00,73.452
2013-12-13 23:55:00,73.014
2013-12-14 00:00:00,72.783
2013-12-14 00:05:00,74.204
2013-12-14 00:10:00,75.696
2013-12-14 00:15:00,76.665
2013-12-14 00:20:00,74.972
2013-12-14 00:25:00,74.841
2013-12-14 00:30:00,74.775
2013-12-14 00:35:00,76.515
2013-12-14 00:40:00,74.234
2013-12-14 00:45:00,75.125
2013-12-14 00:50:00,75.258
2013-12-14 00:55:00,75.415
2013-12-14 01:00:00,77.71
2013-12-14 01:05:00,74.56
2013-12-14 01:10:00,78.664
2013-12-14 01:15:00,75.015
2013-12-14 01:20:00,74.897
2013-12-14 01:25:00,75.166
2013-12-14 01:30:00,76.811
2013-12-14 01:35:00,76.086
2013-12-14 01:40:00,77.516
2013-12-14 01:45:00,75.245
2013-12-14 01:50:00,74.286
2013-12-14 01:55:00,75.905
2013-12-14 02:00:00,76.739
2013-12-14 02:05:00,74.688
2013-12-14 02:10:00,76.37
2013-12-14 02:15:00,77.182
2013-12-14 02:20:00,75.61
2013-12-14 02:25:00,75.624
2013-12-14 02:30:00,75.329
2013-12-14 02:35:00,76.499
2013-12-14 02:40:00,77.242
2013-12-14 02:45:00,80.011
2013-12-14 02:50:00,78.128
2013-12-14 02:55:00,75.228
2013-12-14 03:00:00,74.906
2013-12-14 03:05:00,76.623
2013-12-14 03:10:00,78.642
2013-12-14 03:15:00,77.542
2013-12-14 03:20:00,76.113
2013-12-14 03:25:00,77.938
2013-12-14 03:30:00,78.374
2013-12-14 03:35:00,78.457
2013-12-14 03:40:00,75.402
2013-12-14 03:45:00,77.18
2013-12-14 03:50:00,75.089
2013-12-14 03:55:00,75.626
2013-12-14 04:00:00,75.022
2013-12-14 04:05:00,76.201
2013-12-14 04:10:00,74.748
2013-12-14 04:15:00,77.353
2013-12-14 04:20:00,76.356
2013-12-14 04:25:00,75.278
2013-12-14 04:30:00,76.839
2013-12-14 04:35:00,78.031
2013-12-14 04:40:00,76.542
2013-12-14 04:45:00,75.358
2013-12-14 04:50:00,75.645
2013-12-14 04:55:00,75.784
2013-12-14 05:00:00,74.987
2013-12-14 05:05:00,73.691
2013-12-14 05:10:00,75.204
2013-12-14 05:15:00,77.059
2013-12-14 05:20:00,74.482
2013-12-14 05:25:00,73.061
2013-12-14 05:30:00,75.171
2013-12-14 05:35:00,76.498
2013-12-14 05:40:00,73.002
2013-12-14 05:45:00,75.187
2013-12-14 05:50:00,75.341
2013-12-14 05:55:00,75.376
2013-12-14 06:00:00,75.282
2013-12-14 06:05:00,75.223
2013-12-14 06:10:00,72.468
2013-12-14 06:15:00,74.982
2013-12-14 06:20:00,75.767
2013-12-14 06:25:00,73.716
2013-12-14 06:30:00,74.293
2013-12-14 06:35:00,72.493
2013-12-14 06:40:00,75.135
2013-12-14 06:45:00,72.688
2013-12-14 06:50:00,75.265
2013-12-14 06:55:00,72.684
2013-12-14 07:00:00,73.805
2013-12-14 07:05:00,72.201
2013-12-14 07:10:00,74.942
2013-12-14 07:15:00,70.167
2013-12-14 07:20:00,72.821
2013-12-14 07:25:00,69.724
2013-12-14 07:30:00,70.614
2013-12-14 07:35:00,74.168
2013-12-14 07:40:00,72.824
2013-12-14 07:45:00,69.158
2013-12-14 07:50:00,71.397
2013-12-14 07:55:00,70.493
2013-12-14 08:00:00,71.752
2013-12-14 08:05:00,73.118
2013-12-14 08:10:00,71.511
2013-12-14 08:15:00,71.076
2013-12-14 08:20:00,70.991
2013-12-14 08:25:00,68.896
2013-12-14 08:30:00,70.874
2013-12-14 08:35:00,70.962
2013-12-14 08:40:00,68.946
2013-12-14 08:45:00,68.733
2013-12-14 08:50:00,71.067
2013-12-14 08:55:00,69.4
2013-12-14 09:00:00,67.607
2013-12-14 09:05:00,68.284
2013-12-14 09:10:00,68.066
2013-12-14 09:15:00,68.359
2013-12-14 09:20:00,68.171
2013-12-14 09:25:00,67.781
2013-12-14 09:30:00,69.91
2013-12-14 09:35:00,68.722
2013-12-14 09:40:00,69.326
2013-12-14 09:45:00,65.336
2013-12-14 09:50:00,67.326
2013-12-14 09:55:00,68.426
2013-12-14 10:00:00,67.712
2013-12-14 10:05:00,65.852
2013-12-14 10:10:00,65.586
2013-12-14 10:15:00,67.472
2013-12-14 10:20:00,65.893
2013-12-14 10:25:00,66.756
2013-12-14 10:30:00,65.996
2013-12-14 10:35:00,65.499
2013-12-14 10:40:00,65.618
2013-12-14 10:45:00,64.312
2013-12-14 10:50:00,67.185
2013-12-14 10:55:00,65.639
2013-12-14 11:00:00,66.499
2013-12-14 11:05:00,64.026
2013-12-14 11:10:00,63.854
2013-12-14 11:15:00,63.964
2013-12-14 11:20:00,63.16
2013-12-14 11:25:00,64.856
2013-12-14 11:30:00,64.748
2013-12-14 11:35:00,63.129
2013-12-14 11:40:00,63.216
2013-12-14 11:45:00,63.909
2013-12-14 11:50:00,62.413
2013-12-14 11:55:00,62.686
2013-12-14 12:00:00,64.914
2013-12-14 12:05:00,62.013
2013-12-14 12:10:00,62.158
2013-12-14 12:15:00,65.655
2013-12-14 12:20:00,59.973
2013-12-14 12:25:00,60.98
2013-12-14 12:30:00,64.439
2013-12-14 12:35:00,61.674
2013-12-14 12:40:00,62.651
2013-12-14 12:45:00,64.484
2013-12-14 12:50:00,60.972
2013-12-14 12:55:00,61.018
2013-12-14 13:00:00,62.119
2013-12-14 13:05:00,61.436
2013-12-14 13:10:00,60.802
2013-12-14 13:15:00,61.18
2013-12-14 13:20:00,59.657
2013-12-14 13:25:00,61.725
2013-12-14 13:30:00,62.085
2013-12-14 13:35:00,60.811
2013-12-14 13:40:00,60.662
2013-12-14 13:45:00,61.517
2013-12-14 13:50:00,60.145
2013-12-14 13:55:00,60.356
2013-12-14 14:00:00,60.583
2013-12-14 14:05:00,62.374
2013-12-14 14:10:00,60.495
2013-12-14 14:15:00,60.368
2013-12-14 14:20:00,60.261
2013-12-14 14:25:00,59.955
2013-12-14 14:30:00,59.219
2013-12-14 14:35:00,59.239
2013-12-14 14:40:00,61.343
2013-12-14 14:45:00,59.6
2013-12-14 14:50:00,60.37
2013-12-14 14:55:00,59.668
2013-12-14 15:00:00,58.63
2013-12-14 15:05:00,59.653
2013-12-14 15:10:00,61.879
2013-12-14 15:15:00,59.701
2013-12-14 15:20:00,59.386
2013-12-14 15:25:00,59.687
2013-12-14 15:30:00,59.806
2013-12-14 15:35:00,60.492
2013-12-14 15:40:00,59.738
2013-12-14 15:45:00,60.133
2013-12-14 15:50:00,59.684
2013-12-14 15:55:00,60.728
2013-12-14 16:00:00,60.702
2013-12-14 16:05:00,60.616
2013-12-14 16:10:00,61.158
2013-12-14 16:15:00,60.32
2013-12-14 16:20:00,61.94
2013-12-14 16:25:00,61.092
2013-12-14 16:30:00,62.369
2013-12-14 16:35:00,60.544
2013-12-14 16:40:00,61.025
2013-12-14 16:45:00,59.943
2013-12-14 16:50:00,60.846
2013-12-14 16:55:00,61.879
2013-12-14 17:00:00,60.532
2013-12-14 17:05:00,62.837
2013-12-14 17:10:00,61.158
2013-12-14 17:15:00,63.11
2013-12-14 17:20:00,60.038
2013-12-14 17:25:00,61.054
2013-12-14 17:30:00,60.884
2013-12-14 17:35:00,62.789
2013-12-14 17:40:00,62.446
2013-12-14 17:45:00,61.686
2013-12-14 17:50:00,61.337
2013-12-14 17:55:00,61.96
2013-12-14 18:00:00,62.973
2013-12-14 18:05:00,63.221
2013-12-14 18:10:00,62.264
2013-12-14 18:15:00,61.919
2013-12-14 18:20:00,62.701
2013-12-14 18:25:00,62.859
2013-12-14 18:30:00,63.134
2013-12-14 18:35:00,62.418
2013-12-14 18:40:00,65.183
2013-12-14 18:45:00,62.476
2013-12-14 18:50:00,65.183
2013-12-14 18:55:00,65.18
2013-12-14 19:00:00,64.786
2013-12-14 19:05:00,66.043
2013-12-14 19:10:00,64.608
2013-12-14 19:15:00,63.709
2013-12-14 19:20:00,63.611
2013-12-14 19:25:00,63.586
2013-12-14 19:30:00,65.55
2013-12-14 19:35:00,62.924
2013-12-14 19:40:00,63.151
2013-12-14 19:45:00,66.856
2013-12-14 19:50:00,66.392
2013-12-14 19:55:00,65.836
2013-12-14 20:00:00,66.61
2013-12-14 20:05:00,66.595
2013-12-14 20:10:00,65.607
2013-12-14 20:15:00,64.235
2013-12-14 20:20:00,67.705
2013-12-14 20:25:00,66.869
2013-12-14 20:30:00,64.851
2013-12-14 20:35:00,66.843
2013-12-14 20:40:00,66.281
2013-12-14 20:45:00,66.876
2013-12-14 20:50:00,66.793
2013-12-14 20:55:00,68.02
2013-12-14 21:00:00,67.281
2013-12-14 21:05:00,66.318
2013-12-14 21:10:00,68.685
2013-12-14 21:15:00,68.633
2013-12-14 21:20:00,66.512
2013-12-14 21:25:00,68.887
2013-12-14 21:30:00,69.634
2013-12-14 21:35:00,68.559
2013-12-14 21:40:00,69.14
2013-12-14 21:45:00,68.169
2013-12-14 21:50:00,67.158
2013-12-14 21:55:00,70.055
2013-12-14 22:00:00,69.494
2013-12-14 22:05:00,70.284
2013-12-14 22:10:00,69.656
2013-12-14 22:15:00,69.793
2013-12-14 22:20:00,70.467
2013-12-14 22:25:00,70.362
2013-12-14 22:30:00,71.643
2013-12-14 22:35:00,70.258
2013-12-14 22:40:00,69.196
2013-12-14 22:45:00,71.263
2013-12-14 22:50:00,69.685
2013-12-14 22:55:00,68.366
2013-12-14 23:00:00,70.247
2013-12-14 23:05:00,71.192
2013-12-14 23:10:00,70.916
2013-12-14 23:15:00,70.178
2013-12-14 23:20:00,71.902
2013-12-14 23:25:00,73.779
2013-12-14 23:30:00,73.46
2013-12-14 23:35:00,72.617
2013-12-14 23:40:00,73.854
2013-12-14 23:45:00,72.359
2013-12-14 23:50:00,71.965
2013-12-14 23:55:00,73.972
2013-12-15 00:00:00,71.989
2013-12-15 00:05:00,73.82
2013-12-15 00:10:00,73.515
2013-12-15 00:15:00,73.234
2013-12-15 00:20:00,73.241
2013-12-15 00:25:00,75.274
2013-12-15 00:30:00,72.118
2013-12-15 00:35:00,74.461
2013-12-15 00:40:00,73.902
2013-12-15 00:45:00,73.466
2013-12-15 00:50:00,74.506
2013-12-15 00:55:00,74.94
2013-12-15 01:00:00,74.587
2013-12-15 01:05:00,75.048
2013-12-15 01:10:00,76.543
2013-12-15 01:15:00,74.213
2013-12-15 01:20:00,75.52
2013-12-15 01:25:00,73.014
2013-12-15 01:30:00,75.728
2013-12-15 01:35:00,73.014
2013-12-15 01:40:00,76.084
2013-12-15 01:45:00,74.824
2013-12-15 01:50:00,75.656
2013-12-15 01:55:00,73.773
2013-12-15 02:00:00,75.606
2013-12-15 02:05:00,76.62
2013-12-15 02:10:00,76.426
2013-12-15 02:15:00,75.708
2013-12-15 02:20:00,75.764
2013-12-15 02:25:00,77.186
2013-12-15 02:30:00,76.73
2013-12-15 02:35:00,75.129
2013-12-15 02:40:00,75.212
2013-12-15 02:45:00,75.116
2013-12-15 02:50:00,75.91
2013-12-15 02:55:00,74.577
2013-12-15 03:00:00,73.393
2013-12-15 03:05:00,75.73
2013-12-15 03:10:00,76.302
2013-12-15 03:15:00,76.224
2013-12-15 03:20:00,77.3
2013-12-15 03:25:00,74.441
2013-12-15 03:30:00,75.367
2013-12-15 03:35:00,74.239
2013-12-15 03:40:00,76.248
2013-12-15 03:45:00,75.806
2013-12-15 03:50:00,75.33
2013-12-15 03:55:00,75.929
2013-12-15 04:00:00,74.999
2013-12-15 04:05:00,74.585
2013-12-15 04:10:00,77.669
2013-12-15 04:15:00,76.701
2013-12-15 04:20:00,75.461
2013-12-15 04:25:00,73.782
2013-12-15 04:30:00,75.32
2013-12-15 04:35:00,76.209
2013-12-15 04:40:00,75.663
2013-12-15 04:45:00,76.605
2013-12-15 04:50:00,76.798
2013-12-15 04:55:00,75.153
2013-12-15 05:00:00,74.618
2013-12-15 05:05:00,74.508
2013-12-15 05:10:00,74.523
2013-12-15 05:15:00,76.019
2013-12-15 05:20:00,74.336
2013-12-15 05:25:00,72.737
2013-12-15 05:30:00,75.217
2013-12-15 05:35:00,74.442
2013-12-15 05:40:00,73.899
2013-12-15 05:45:00,71.999
2013-12-15 05:50:00,75.652
2013-12-15 05:55:00,74.974
2013-12-15 06:00:00,72.661
2013-12-15 06:05:00,74.092
2013-12-15 06:10:00,72.49
2013-12-15 06:15:00,72.037
2013-12-15 06:20:00,71.027
2013-12-15 06:25:00,74.354
2013-12-15 06:30:00,74.345
2013-12-15 06:35:00,72.786
2013-12-15 06:40:00,72.952
2013-12-15 06:45:00,74.993
2013-12-15 06:50:00,71.842
2013-12-15 06:55:00,71.186
2013-12-15 07:00:00,72.617
2013-12-15 07:05:00,72.978
2013-12-15 07:10:00,71.815
2013-12-15 07:15:00,70.311
2013-12-15 07:20:00,70.951
2013-12-15 07:25:00,72.54
2013-12-15 07:30:00,72.421
2013-12-15 07:35:00,69.402
2013-12-15 07:40:00,69.782
2013-12-15 07:45:00,69.908
2013-12-15 07:50:00,70.898
2013-12-15 07:55:00,73.415
2013-12-15 08:00:00,70.26
2013-12-15 08:05:00,70.513
2013-12-15 08:10:00,69.316
2013-12-15 08:15:00,73.208
2013-12-15 08:20:00,69.215
2013-12-15 08:25:00,69.155
2013-12-15 08:30:00,69.787
2013-12-15 08:35:00,67.84
2013-12-15 08:40:00,70.228
2013-12-15 08:45:00,69.076
2013-12-15 08:50:00,67.903
2013-12-15 08:55:00,68.027
2013-12-15 09:00:00,66.296
2013-12-15 09:05:00,67.73
2013-12-15 09:10:00,65.494
2013-12-15 09:15:00,67.51
2013-12-15 09:20:00,67.282
2013-12-15 09:25:00,66.997
2013-12-15 09:30:00,66.832
2013-12-15 09:35:00,66.348
2013-12-15 09:40:00,68.667
2013-12-15 09:45:00,68.742
2013-12-15 09:50:00,66.64
2013-12-15 09:55:00,68.045
2013-12-15 10:00:00,66.135
2013-12-15 10:05:00,65.971
2013-12-15 10:10:00,65.171
2013-12-15 10:15:00,66.835
2013-12-15 10:20:00,66.573
2013-12-15 10:25:00,64.117
2013-12-15 10:30:00,65.694
2013-12-15 10:35:00,64.718
2013-12-15 10:40:00,64.095
2013-12-15 10:45:00,64.986
2013-12-15 10:50:00,62.555
2013-12-15 10:55:00,64.18
2013-12-15 11:00:00,66.813
2013-12-15 11:05:00,64.914
2013-12-15 11:10:00,62.876
2013-12-15 11:15:00,64.753
2013-12-15 11:20:00,64.047
2013-12-15 11:25:00,63.409
2013-12-15 11:30:00,62.947
2013-12-15 11:35:00,63.509
2013-12-15 11:40:00,62.657
2013-12-15 11:45:00,63.022
2013-12-15 11:50:00,63.982
2013-12-15 11:55:00,63.941
2013-12-15 12:00:00,61.276
2013-12-15 12:05:00,62.141
2013-12-15 12:10:00,64.506
2013-12-15 12:15:00,64.611
2013-12-15 12:20:00,62.779
2013-12-15 12:25:00,64.15
2013-12-15 12:30:00,63.554
2013-12-15 12:35:00,61.834
2013-12-15 12:40:00,59.488
2013-12-15 12:45:00,61.705
2013-12-15 12:50:00,60.137
2013-12-15 12:55:00,61.74
2013-12-15 13:00:00,63.575
2013-12-15 13:05:00,61.685
2013-12-15 13:10:00,60.354
2013-12-15 13:15:00,59.807
2013-12-15 13:20:00,58.771
2013-12-15 13:25:00,58.76
2013-12-15 13:30:00,62.922
2013-12-15 13:35:00,61.924
2013-12-15 13:40:00,60.67
2013-12-15 13:45:00,60.578
2013-12-15 13:50:00,60.636
2013-12-15 13:55:00,60.625
2013-12-15 14:00:00,62.255
2013-12-15 14:05:00,61.0
2013-12-15 14:10:00,58.105
2013-12-15 14:15:00,61.712
2013-12-15 14:20:00,58.083
2013-12-15 14:25:00,59.874
2013-12-15 14:30:00,58.665
2013-12-15 14:35:00,60.347
2013-12-15 14:40:00,58.764
2013-12-15 14:45:00,58.597
2013-12-15 14:50:00,58.976
2013-12-15 14:55:00,61.194
2013-12-15 15:00:00,59.984
2013-12-15 15:05:00,61.001
2013-12-15 15:10:00,61.83
2013-12-15 15:15:00,60.484
2013-12-15 15:20:00,60.887
2013-12-15 15:25:00,59.048
2013-12-15 15:30:00,60.122
2013-12-15 15:35:00,58.861
2013-12-15 15:40:00,60.924
2013-12-15 15:45:00,61.371
2013-12-15 15:50:00,61.47
2013-12-15 15:55:00,60.308
2013-12-15 16:00:00,61.451
2013-12-15 16:05:00,60.241
2013-12-15 16:10:00,59.784
2013-12-15 16:15:00,61.107
2013-12-15 16:20:00,61.425
2013-12-15 16:25:00,63.252
2013-12-15 16:30:00,61.54
2013-12-15 16:35:00,59.405
2013-12-15 16:40:00,59.617
2013-12-15 16:45:00,59.296
2013-12-15 16:50:00,61.023
2013-12-15 16:55:00,59.686
2013-12-15 17:00:00,62.718
2013-12-15 17:05:00,60.816
2013-12-15 17:10:00,62.021
2013-12-15 17:15:00,61.522
2013-12-15 17:20:00,61.844
2013-12-15 17:25:00,60.283
2013-12-15 17:30:00,61.585
2013-12-15 17:35:00,61.214
2013-12-15 17:40:00,61.711
2013-12-15 17:45:00,62.09
2013-12-15 17:50:00,62.869
2013-12-15 17:55:00,61.606
2013-12-15 18:00:00,63.27
2013-12-15 18:05:00,62.797
2013-12-15 18:10:00,64.491
2013-12-15 18:15:00,58.675
2013-12-15 18:20:00,62.007
2013-12-15 18:25:00,64.419
2013-12-15 18:30:00,60.016
2013-12-15 18:35:00,64.959
2013-12-15 18:40:00,63.415
2013-12-15 18:45:00,61.006
2013-12-15 18:50:00,64.47
2013-12-15 18:55:00,62.482
2013-12-15 19:00:00,62.797
2013-12-15 19:05:00,65.8
2013-12-15 19:10:00,63.73
2013-12-15 19:15:00,63.196
2013-12-15 19:20:00,66.913
2013-12-15 19:25:00,65.775
2013-12-15 19:30:00,64.418
2013-12-15 19:35:00,64.033
2013-12-15 19:40:00,64.899
2013-12-15 19:45:00,67.2
2013-12-15 19:50:00,64.294
2013-12-15 19:55:00,64.111
2013-12-15 20:00:00,67.338
2013-12-15 20:05:00,65.639
2013-12-15 20:10:00,66.269
2013-12-15 20:15:00,66.95
2013-12-15 20:20:00,66.025
2013-12-15 20:25:00,63.758
2013-12-15 20:30:00,66.587
2013-12-15 20:35:00,68.506
2013-12-15 20:40:00,69.799
2013-12-15 20:45:00,67.228
2013-12-15 20:50:00,67.512
2013-12-15 20:55:00,69.362
2013-12-15 21:00:00,68.616
2013-12-15 21:05:00,68.434
2013-12-15 21:10:00,65.883
2013-12-15 21:15:00,67.937
2013-12-15 21:20:00,68.872
2013-12-15 21:25:00,66.976
2013-12-15 21:30:00,68.532
2013-12-15 21:35:00,71.199
2013-12-15 21:40:00,69.018
2013-12-15 21:45:00,67.783
2013-12-15 21:50:00,67.416
2013-12-15 21:55:00,69.844
2013-12-15 22:00:00,69.339
2013-12-15 22:05:00,69.165
2013-12-15 22:10:00,70.654
2013-12-15 22:15:00,70.896
2013-12-15 22:20:00,70.936
2013-12-15 22:25:00,71.318
2013-12-15 22:30:00,69.593
2013-12-15 22:35:00,70.468
2013-12-15 22:40:00,71.013
2013-12-15 22:45:00,71.506
2013-12-15 22:50:00,72.922
2013-12-15 22:55:00,71.024
2013-12-15 23:00:00,71.126
2013-12-15 23:05:00,74.004
2013-12-15 23:10:00,72.568
2013-12-15 23:15:00,70.856
2013-12-15 23:20:00,72.315
2013-12-15 23:25:00,71.357
2013-12-15 23:30:00,71.627
2013-12-15 23:35:00,71.538
2013-12-15 23:40:00,72.331
2013-12-15 23:45:00,75.901
2013-12-15 23:50:00,74.784
2013-12-15 23:55:00,75.369
2013-12-16 00:00:00,75.153
2013-12-16 00:05:00,73.82
2013-12-16 00:10:00,74.598
2013-12-16 00:15:00,74.366
2013-12-16 00:20:00,73.087
2013-12-16 00:25:00,73.098
2013-12-16 00:30:00,75.694
2013-12-16 00:35:00,73.27
2013-12-16 00:40:00,75.088
2013-12-16 00:45:00,75.742
2013-12-16 00:50:00,75.972
2013-12-16 00:55:00,75.618
2013-12-16 01:00:00,73.837
2013-12-16 01:05:00,76.026
2013-12-16 01:10:00,75.308
2013-12-16 01:15:00,74.395
2013-12-16 01:20:00,73.272
2013-12-16 01:25:00,76.286
2013-12-16 01:30:00,73.965
2013-12-16 01:35:00,73.86
2013-12-16 01:40:00,78.083
2013-12-16 01:45:00,74.617
2013-12-16 01:50:00,75.624
2013-12-16 01:55:00,76.28
2013-12-16 02:00:00,76.341
2013-12-16 02:05:00,75.093
2013-12-16 02:10:00,75.521
2013-12-16 02:15:00,77.39
2013-12-16 02:20:00,76.136
2013-12-16 02:25:00,76.487
2013-12-16 02:30:00,73.961
2013-12-16 02:35:00,75.904
2013-12-16 02:40:00,77.655
2013-12-16 02:45:00,75.781
2013-12-16 02:50:00,75.539
2013-12-16 02:55:00,77.153
2013-12-16 03:00:00,77.44
2013-12-16 03:05:00,77.136
2013-12-16 03:10:00,76.067
2013-12-16 03:15:00,77.653
2013-12-16 03:20:00,78.711
2013-12-16 03:25:00,78.159
2013-12-16 03:30:00,74.875
2013-12-16 03:35:00,80.258
2013-12-16 03:40:00,75.139
2013-12-16 03:45:00,75.243
2013-12-16 03:50:00,77.06
2013-12-16 03:55:00,76.558
2013-12-16 04:00:00,77.077
2013-12-16 04:05:00,78.187
2013-12-16 04:10:00,77.695
2013-12-16 04:15:00,75.468
2013-12-16 04:20:00,76.584
2013-12-16 04:25:00,77.666
2013-12-16 04:30:00,77.666
2013-12-16 04:35:00,77.699
2013-12-16 04:40:00,77.275
2013-12-16 04:45:00,77.083
2013-12-16 04:50:00,75.554
2013-12-16 04:55:00,74.521
2013-12-16 05:00:00,76.54
2013-12-16 05:05:00,75.414
2013-12-16 05:10:00,77.375
2013-12-16 05:15:00,74.754
2013-12-16 05:20:00,75.26
2013-12-16 05:25:00,75.117
2013-12-16 05:30:00,76.701
2013-12-16 05:35:00,76.349
2013-12-16 05:40:00,75.378
2013-12-16 05:45:00,75.602
2013-12-16 05:50:00,77.086
2013-12-16 05:55:00,72.928
2013-12-16 06:00:00,75.833
2013-12-16 06:05:00,76.12
2013-12-16 06:10:00,76.167
2013-12-16 06:15:00,75.556
2013-12-16 06:20:00,73.545
2013-12-16 06:25:00,73.704
2013-12-16 06:30:00,75.021
2013-12-16 06:35:00,73.392
2013-12-16 06:40:00,73.732
2013-12-16 06:45:00,72.032
2013-12-16 06:50:00,72.273
2013-12-16 06:55:00,73.983
2013-12-16 07:00:00,72.917
2013-12-16 07:05:00,72.377
2013-12-16 07:10:00,72.919
2013-12-16 07:15:00,73.362
2013-12-16 07:20:00,72.54
2013-12-16 07:25:00,72.912
2013-12-16 07:30:00,72.661
2013-12-16 07:35:00,72.101
2013-12-16 07:40:00,72.235
2013-12-16 07:45:00,71.029
2013-12-16 07:50:00,71.336
2013-12-16 07:55:00,69.575
2013-12-16 08:00:00,70.221
2013-12-16 08:05:00,70.036
2013-12-16 08:10:00,70.82
2013-12-16 08:15:00,72.492
2013-12-16 08:20:00,70.962
2013-12-16 08:25:00,70.989
2013-12-16 08:30:00,69.512
2013-12-16 08:35:00,70.821
2013-12-16 08:40:00,72.345
2013-12-16 08:45:00,70.038
2013-12-16 08:50:00,68.986
2013-12-16 08:55:00,68.408
2013-12-16 09:00:00,69.954
2013-12-16 09:05:00,68.34
2013-12-16 09:10:00,70.157
2013-12-16 09:15:00,67.917
2013-12-16 09:20:00,66.976
2013-12-16 09:25:00,69.37
2013-12-16 09:30:00,67.073
2013-12-16 09:35:00,69.185
2013-12-16 09:40:00,69.534
2013-12-16 09:45:00,67.41
2013-12-16 09:50:00,68.205
2013-12-16 09:55:00,69.459
2013-12-16 10:00:00,67.065
2013-12-16 10:05:00,69.375
2013-12-16 10:10:00,66.899
2013-12-16 10:15:00,66.004
2013-12-16 10:20:00,67.084
2013-12-16 10:25:00,67.076
2013-12-16 10:30:00,68.007
2013-12-16 10:35:00,67.551
2013-12-16 10:40:00,66.773
2013-12-16 10:45:00,66.961
2013-12-16 10:50:00,66.235
2013-12-16 10:55:00,66.816
2013-12-16 11:00:00,65.091
2013-12-16 11:05:00,64.266
2013-12-16 11:10:00,65.666
2013-12-16 11:15:00,68.496
2013-12-16 11:20:00,66.094
2013-12-16 11:25:00,64.143
2013-12-16 11:30:00,66.515
2013-12-16 11:35:00,62.467
2013-12-16 11:40:00,64.266
2013-12-16 11:45:00,64.911
2013-12-16 11:50:00,63.495
2013-12-16 11:55:00,63.461
2013-12-16 12:00:00,63.843
2013-12-16 12:05:00,63.272
2013-12-16 12:10:00,62.86
2013-12-16 12:15:00,62.382
2013-12-16 12:20:00,61.694
2013-12-16 12:25:00,62.293
2013-12-16 12:30:00,63.221
2013-12-16 12:35:00,64.442
2013-12-16 12:40:00,62.334
2013-12-16 12:45:00,61.574
2013-12-16 12:50:00,64.856
2013-12-16 12:55:00,61.462
2013-12-16 13:00:00,62.854
2013-12-16 13:05:00,61.528
2013-12-16 13:10:00,61.703
2013-12-16 13:15:00,62.946
2013-12-16 13:20:00,62.956
2013-12-16 13:25:00,63.852
2013-12-16 13:30:00,63.056
2013-12-16 13:35:00,62.369
2013-12-16 13:40:00,62.867
2013-12-16 13:45:00,60.819
2013-12-16 13:50:00,63.449
2013-12-16 13:55:00,62.58
2013-12-16 14:00:00,62.477
2013-12-16 14:05:00,62.559
2013-12-16 14:10:00,60.02
2013-12-16 14:15:00,60.394
2013-12-16 14:20:00,61.876
2013-12-16 14:25:00,61.858
2013-12-16 14:30:00,62.344
2013-12-16 14:35:00,61.756
2013-12-16 14:40:00,61.384
2013-12-16 14:45:00,63.096
2013-12-16 14:50:00,61.992
2013-12-16 14:55:00,62.457
2013-12-16 15:00:00,62.988
2013-12-16 15:05:00,63.067
2013-12-16 15:10:00,61.932
2013-12-16 15:15:00,62.426
2013-12-16 15:20:00,61.882
2013-12-16 15:25:00,62.862
2013-12-16 15:30:00,64.327
2013-12-16 15:35:00,60.356
2013-12-16 15:40:00,60.73
2013-12-16 15:45:00,63.56
2013-12-16 15:50:00,61.914
2013-12-16 15:55:00,61.209
2013-12-16 16:00:00,60.931
2013-12-16 16:05:00,62.93
2013-12-16 16:10:00,62.524
2013-12-16 16:15:00,64.31
2013-12-16 16:20:00,61.844
2013-12-16 16:25:00,63.093
2013-12-16 16:30:00,64.056
2013-12-16 16:35:00,60.414
2013-12-16 16:40:00,60.939
2013-12-16 16:45:00,62.6
2013-12-16 16:50:00,61.662
2013-12-16 16:55:00,61.921
2013-12-16 17:00:00,61.715
2013-12-16 17:05:00,62.416
2013-12-16 17:10:00,61.597
2013-12-16 17:15:00,61.238
2013-12-16 17:20:00,63.331
2013-12-16 17:25:00,63.117
2013-12-16 17:30:00,64.243
2013-12-16 17:35:00,63.8
2013-12-16 17:40:00,63.79
2013-12-16 17:45:00,64.296
2013-12-16 17:50:00,62.408
2013-12-16 17:55:00,63.025
2013-12-16 18:00:00,64.073
2013-12-16 18:05:00,64.987
2013-12-16 18:10:00,64.767
2013-12-16 18:15:00,63.865
2013-12-16 18:20:00,64.027
2013-12-16 18:25:00,64.684
2013-12-16 18:30:00,63.132
2013-12-16 18:35:00,65.677
2013-12-16 18:40:00,65.726
2013-12-16 18:45:00,66.058
2013-12-16 18:50:00,66.281
2013-12-16 18:55:00,66.435
2013-12-16 19:00:00,63.126
2013-12-16 19:05:00,65.81
2013-12-16 19:10:00,63.978
2013-12-16 19:15:00,64.707
2013-12-16 19:20:00,65.849
2013-12-16 19:25:00,67.589
2013-12-16 19:30:00,66.728
2013-12-16 19:35:00,66.772
2013-12-16 19:40:00,68.802
2013-12-16 19:45:00,67.116
2013-12-16 19:50:00,65.855
2013-12-16 19:55:00,65.491
2013-12-16 20:00:00,66.288
2013-12-16 20:05:00,67.641
2013-12-16 20:10:00,65.832
2013-12-16 20:15:00,68.381
2013-12-16 20:20:00,68.401
2013-12-16 20:25:00,67.342
2013-12-16 20:30:00,68.508
2013-12-16 20:35:00,69.181
2013-12-16 20:40:00,67.981
2013-12-16 20:45:00,69.798
2013-12-16 20:50:00,68.238
2013-12-16 20:55:00,69.983
2013-12-16 21:00:00,71.207
2013-12-16 21:05:00,70.025
2013-12-16 21:10:00,68.291
2013-12-16 21:15:00,70.106
2013-12-16 21:20:00,70.278
2013-12-16 21:25:00,69.328
2013-12-16 21:30:00,69.031
2013-12-16 21:35:00,70.264
2013-12-16 21:40:00,71.944
2013-12-16 21:45:00,72.063
2013-12-16 21:50:00,72.7
2013-12-16 21:55:00,71.385
2013-12-16 22:00:00,73.974
2013-12-16 22:05:00,70.778
2013-12-16 22:10:00,72.499
2013-12-16 22:15:00,71.855
2013-12-16 22:20:00,74.109
2013-12-16 22:25:00,72.532
2013-12-16 22:30:00,71.426
2013-12-16 22:35:00,73.126
2013-12-16 22:40:00,71.659
2013-12-16 22:45:00,72.127
2013-12-16 22:50:00,74.452
2013-12-16 22:55:00,73.481
2013-12-16 23:00:00,74.696
2013-12-16 23:05:00,72.783
2013-12-16 23:10:00,75.547
2013-12-16 23:15:00,73.939
2013-12-16 23:20:00,71.957
2013-12-16 23:25:00,73.385
2013-12-16 23:30:00,72.936
2013-12-16 23:35:00,73.006
2013-12-16 23:40:00,75.524
2013-12-16 23:45:00,75.496
2013-12-16 23:50:00,75.909
2013-12-16 23:55:00,74.457
2013-12-17 00:00:00,76.118
2013-12-17 00:05:00,73.855
2013-12-17 00:10:00,75.17
2013-12-17 00:15:00,75.69
2013-12-17 00:20:00,75.325
2013-12-17 00:25:00,76.255
2013-12-17 00:30:00,76.23
2013-12-17 00:35:00,76.942
2013-12-17 00:40:00,76.858
2013-12-17 00:45:00,77.754
2013-12-17 00:50:00,76.142
2013-12-17 00:55:00,77.608
2013-12-17 01:00:00,77.264
2013-12-17 01:05:00,77.325
2013-12-17 01:10:00,77.292
2013-12-17 01:15:00,74.639
2013-12-17 01:20:00,79.619
2013-12-17 01:25:00,76.308
2013-12-17 01:30:00,76.536
2013-12-17 01:35:00,77.186
2013-12-17 01:40:00,76.079
2013-12-17 01:45:00,79.821
2013-12-17 01:50:00,77.054
2013-12-17 01:55:00,77.044
2013-12-17 02:00:00,76.933
2013-12-17 02:05:00,78.514
2013-12-17 02:10:00,79.721
2013-12-17 02:15:00,78.427
2013-12-17 02:20:00,77.22
2013-12-17 02:25:00,79.782
2013-12-17 02:30:00,78.577
2013-12-17 02:35:00,77.408
2013-12-17 02:40:00,78.223
2013-12-17 02:45:00,78.498
2013-12-17 02:50:00,78.652
2013-12-17 02:55:00,78.392
2013-12-17 03:00:00,78.438
2013-12-17 03:05:00,80.661
2013-12-17 03:10:00,81.838
2013-12-17 03:15:00,78.653
2013-12-17 03:20:00,77.349
2013-12-17 03:25:00,77.189
2013-12-17 03:30:00,79.422
2013-12-17 03:35:00,76.49
2013-12-17 03:40:00,78.21
2013-12-17 03:45:00,78.887
2013-12-17 03:50:00,78.612
2013-12-17 03:55:00,77.886
2013-12-17 04:00:00,80.551
2013-12-17 04:05:00,79.271
2013-12-17 04:10:00,77.717
2013-12-17 04:15:00,79.185
2013-12-17 04:20:00,77.983
2013-12-17 04:25:00,77.54
2013-12-17 04:30:00,77.622
2013-12-17 04:35:00,79.478
2013-12-17 04:40:00,77.333
2013-12-17 04:45:00,77.859
2013-12-17 04:50:00,79.106
2013-12-17 04:55:00,78.181
2013-12-17 05:00:00,78.035
2013-12-17 05:05:00,76.875
2013-12-17 05:10:00,80.394
2013-12-17 05:15:00,78.5
2013-12-17 05:20:00,74.592
2013-12-17 05:25:00,78.914
2013-12-17 05:30:00,75.716
2013-12-17 05:35:00,75.52
2013-12-17 05:40:00,76.233
2013-12-17 05:45:00,78.481
2013-12-17 05:50:00,76.543
2013-12-17 05:55:00,77.018
2013-12-17 06:00:00,74.654
2013-12-17 06:05:00,77.838
2013-12-17 06:10:00,76.113
2013-12-17 06:15:00,74.77
2013-12-17 06:20:00,76.588
2013-12-17 06:25:00,76.665
2013-12-17 06:30:00,76.055
2013-12-17 06:35:00,77.376
2013-12-17 06:40:00,76.398
2013-12-17 06:45:00,77.368
2013-12-17 06:50:00,75.366
2013-12-17 06:55:00,75.427
2013-12-17 07:00:00,76.195
2013-12-17 07:05:00,76.408
2013-12-17 07:10:00,74.475
2013-12-17 07:15:00,76.994
2013-12-17 07:20:00,74.723
2013-12-17 07:25:00,74.442
2013-12-17 07:30:00,74.817
2013-12-17 07:35:00,73.108
2013-12-17 07:40:00,72.006
2013-12-17 07:45:00,76.294
2013-12-17 07:50:00,74.948
2013-12-17 07:55:00,72.404
2013-12-17 08:00:00,73.519
2013-12-17 08:05:00,73.942
2013-12-17 08:10:00,72.447
2013-12-17 08:15:00,74.59
2013-12-17 08:20:00,72.114
2013-12-17 08:25:00,73.734
2013-12-17 08:30:00,71.621
2013-12-17 08:35:00,72.82
2013-12-17 08:40:00,73.905
2013-12-17 08:45:00,72.447
2013-12-17 08:50:00,71.125
2013-12-17 08:55:00,71.808
2013-12-17 09:00:00,72.244
2013-12-17 09:05:00,70.692
2013-12-17 09:10:00,70.563
2013-12-17 09:15:00,72.982
2013-12-17 09:20:00,72.375
2013-12-17 09:25:00,69.734
2013-12-17 09:30:00,68.779
2013-12-17 09:35:00,68.653
2013-12-17 09:40:00,68.687
2013-12-17 09:45:00,69.516
2013-12-17 09:50:00,69.599
2013-12-17 09:55:00,67.863
2013-12-17 10:00:00,69.543
2013-12-17 10:05:00,65.708
2013-12-17 10:10:00,69.195
2013-12-17 10:15:00,70.793
2013-12-17 10:20:00,67.243
2013-12-17 10:25:00,65.084
2013-12-17 10:30:00,68.579
2013-12-17 10:35:00,69.061
2013-12-17 10:40:00,67.572
2013-12-17 10:45:00,68.18
2013-12-17 10:50:00,69.3
2013-12-17 10:55:00,69.625
2013-12-17 11:00:00,68.163
2013-12-17 11:05:00,65.812
2013-12-17 11:10:00,67.35
2013-12-17 11:15:00,65.8
2013-12-17 11:20:00,66.837
2013-12-17 11:25:00,66.423
2013-12-17 11:30:00,65.886
2013-12-17 11:35:00,68.27
2013-12-17 11:40:00,66.023
2013-12-17 11:45:00,64.385
2013-12-17 11:50:00,66.486
2013-12-17 11:55:00,66.724
2013-12-17 12:00:00,65.835
2013-12-17 12:05:00,64.719
2013-12-17 12:10:00,65.008
2013-12-17 12:15:00,64.701
2013-12-17 12:20:00,64.685
2013-12-17 12:25:00,64.334
2013-12-17 12:30:00,64.8
2013-12-17 12:35:00,63.33
2013-12-17 12:40:00,65.147
2013-12-17 12:45:00,63.81
2013-12-17 12:50:00,65.702
2013-12-17 12:55:00,65.01
2013-12-17 13:00:00,66.266
2013-12-17 13:05:00,62.732
2013-12-17 13:10:00,65.976
2013-12-17 13:15:00,64.059
2013-12-17 13:20:00,64.861
2013-12-17 13:25:00,65.109
2013-12-17 13:30:00,65.12
2013-12-17 13:35:00,63.971
2013-12-17 13:40:00,64.375
2013-12-17 13:45:00,63.656
2013-12-17 13:50:00,64.58
2013-12-17 13:55:00,62.58
2013-12-17 14:00:00,64.083
2013-12-17 14:05:00,65.395
2013-12-17 14:10:00,65.91
2013-12-17 14:15:00,64.742
2013-12-17 14:20:00,65.176
2013-12-17 14:25:00,64.016
2013-12-17 14:30:00,64.621
2013-12-17 14:35:00,65.663
2013-12-17 14:40:00,63.241
2013-12-17 14:45:00,61.381
2013-12-17 14:50:00,63.066
2013-12-17 14:55:00,63.481
2013-12-17 15:00:00,62.261
2013-12-17 15:05:00,61.807
2013-12-17 15:10:00,62.652
2013-12-17 15:15:00,61.771
2013-12-17 15:20:00,64.349
2013-12-17 15:25:00,65.31
2013-12-17 15:30:00,64.089
2013-12-17 15:35:00,61.623
2013-12-17 15:40:00,63.567
2013-12-17 15:45:00,62.315
2013-12-17 15:50:00,63.71
2013-12-17 15:55:00,62.419
2013-12-17 16:00:00,64.623
2013-12-17 16:05:00,64.328
2013-12-17 16:10:00,63.144
2013-12-17 16:15:00,64.183
2013-12-17 16:20:00,63.705
2013-12-17 16:25:00,65.757
2013-12-17 16:30:00,61.461
2013-12-17 16:35:00,64.301
2013-12-17 16:40:00,65.364
2013-12-17 16:45:00,63.502
2013-12-17 16:50:00,63.416
2013-12-17 16:55:00,64.304
2013-12-17 17:00:00,63.068
2013-12-17 17:05:00,63.611
2013-12-17 17:10:00,63.113
2013-12-17 17:15:00,64.219
2013-12-17 17:20:00,62.015
2013-12-17 17:25:00,63.899
2013-12-17 17:30:00,65.392
2013-12-17 17:35:00,64.371
2013-12-17 17:40:00,64.437
2013-12-17 17:45:00,66.119
2013-12-17 17:50:00,67.046
2013-12-17 17:55:00,64.383
2013-12-17 18:00:00,66.832
2013-12-17 18:05:00,63.407
2013-12-17 18:10:00,64.616
2013-12-17 18:15:00,66.4
2013-12-17 18:20:00,66.196
2013-12-17 18:25:00,66.161
2013-12-17 18:30:00,67.19
2013-12-17 18:35:00,66.046
2013-12-17 18:40:00,67.344
2013-12-17 18:45:00,65.984
2013-12-17 18:50:00,65.961
2013-12-17 18:55:00,64.611
2013-12-17 19:00:00,67.82
2013-12-17 19:05:00,66.118
2013-12-17 19:10:00,68.521
2013-12-17 19:15:00,68.678
2013-12-17 19:20:00,67.356
2013-12-17 19:25:00,67.885
2013-12-17 19:30:00,68.178
2013-12-17 19:35:00,67.856
2013-12-17 19:40:00,66.515
2013-12-17 19:45:00,70.165
2013-12-17 19:50:00,67.915
2013-12-17 19:55:00,69.399
2013-12-17 20:00:00,69.282
2013-12-17 20:05:00,69.45
2013-12-17 20:10:00,69.536
2013-12-17 20:15:00,70.54
2013-12-17 20:20:00,68.574
2013-12-17 20:25:00,70.983
2013-12-17 20:30:00,70.166
2013-12-17 20:35:00,70.19
2013-12-17 20:40:00,69.821
2013-12-17 20:45:00,70.441
2013-12-17 20:50:00,71.368
2013-12-17 20:55:00,69.444
2013-12-17 21:00:00,68.964
2013-12-17 21:05:00,70.877
2013-12-17 21:10:00,72.228
2013-12-17 21:15:00,71.205
2013-12-17 21:20:00,73.387
2013-12-17 21:25:00,73.476
2013-12-17 21:30:00,73.781
2013-12-17 21:35:00,74.019
2013-12-17 21:40:00,72.77
2013-12-17 21:45:00,73.311
2013-12-17 21:50:00,71.989
2013-12-17 21:55:00,69.761
2013-12-17 22:00:00,73.645
2013-12-17 22:05:00,72.407
2013-12-17 22:10:00,73.266
2013-12-17 22:15:00,70.697
2013-12-17 22:20:00,74.929
2013-12-17 22:25:00,73.78
2013-12-17 22:30:00,73.483
2013-12-17 22:35:00,72.974
2013-12-17 22:40:00,73.552
2013-12-17 22:45:00,73.676
2013-12-17 22:50:00,73.691
2013-12-17 22:55:00,73.324
2013-12-17 23:00:00,74.928
2013-12-17 23:05:00,74.934
2013-12-17 23:10:00,76.528
2013-12-17 23:15:00,73.551
2013-12-17 23:20:00,75.271
2013-12-17 23:25:00,74.888
2013-12-17 23:30:00,76.517
2013-12-17 23:35:00,76.192
2013-12-17 23:40:00,77.419
2013-12-17 23:45:00,78.749
2013-12-17 23:50:00,76.685
2013-12-17 23:55:00,77.458
2013-12-18 00:00:00,76.059
2013-12-18 00:05:00,76.939
2013-12-18 00:10:00,77.252
2013-12-18 00:15:00,79.917
2013-12-18 00:20:00,76.108
2013-12-18 00:25:00,77.437
2013-12-18 00:30:00,77.741
2013-12-18 00:35:00,76.93
2013-12-18 00:40:00,78.372
2013-12-18 00:45:00,78.077
2013-12-18 00:50:00,78.311
2013-12-18 00:55:00,77.406
2013-12-18 01:00:00,79.256
2013-12-18 01:05:00,77.356
2013-12-18 01:10:00,78.122
2013-12-18 01:15:00,79.677
2013-12-18 01:20:00,80.426
2013-12-18 01:25:00,77.934
2013-12-18 01:30:00,79.664
2013-12-18 01:35:00,78.892
2013-12-18 01:40:00,80.323
2013-12-18 01:45:00,79.275
2013-12-18 01:50:00,81.246
2013-12-18 01:55:00,81.113
2013-12-18 02:00:00,78.167
2013-12-18 02:05:00,79.0
2013-12-18 02:10:00,78.545
2013-12-18 02:15:00,79.399
2013-12-18 02:20:00,77.361
2013-12-18 02:25:00,77.576
2013-12-18 02:30:00,80.847
2013-12-18 02:35:00,80.067
2013-12-18 02:40:00,80.594
2013-12-18 02:45:00,78.631
2013-12-18 02:50:00,78.479
2013-12-18 02:55:00,79.528
2013-12-18 03:00:00,81.436
2013-12-18 03:05:00,79.879
2013-12-18 03:10:00,80.017
2013-12-18 03:15:00,81.215
2013-12-18 03:20:00,80.258
2013-12-18 03:25:00,80.018
2013-12-18 03:30:00,80.306
2013-12-18 03:35:00,79.553
2013-12-18 03:40:00,81.656
2013-12-18 03:45:00,79.624
2013-12-18 03:50:00,78.863
2013-12-18 03:55:00,80.519
2013-12-18 04:00:00,80.808
2013-12-18 04:05:00,79.072
2013-12-18 04:10:00,80.47
2013-12-18 04:15:00,80.852
2013-12-18 04:20:00,75.494
2013-12-18 04:25:00,77.398
2013-12-18 04:30:00,79.897
2013-12-18 04:35:00,78.244
2013-12-18 04:40:00,81.325
2013-12-18 04:45:00,79.628
2013-12-18 04:50:00,79.051
2013-12-18 04:55:00,79.177
2013-12-18 05:00:00,78.574
2013-12-18 05:05:00,78.183
2013-12-18 05:10:00,79.019
2013-12-18 05:15:00,79.993
2013-12-18 05:20:00,76.847
2013-12-18 05:25:00,78.902
2013-12-18 05:30:00,77.981
2013-12-18 05:35:00,78.527
2013-12-18 05:40:00,77.422
2013-12-18 05:45:00,78.395
2013-12-18 05:50:00,76.83
2013-12-18 05:55:00,77.983
2013-12-18 06:00:00,77.584
2013-12-18 06:05:00,75.784
2013-12-18 06:10:00,78.167
2013-12-18 06:15:00,74.17
2013-12-18 06:20:00,76.971
2013-12-18 06:25:00,75.508
2013-12-18 06:30:00,77.477
2013-12-18 06:35:00,76.635
2013-12-18 06:40:00,77.886
2013-12-18 06:45:00,76.527
2013-12-18 06:50:00,76.377
2013-12-18 06:55:00,77.837
2013-12-18 07:00:00,75.792
2013-12-18 07:05:00,76.17
2013-12-18 07:10:00,77.771
2013-12-18 07:15:00,76.705
2013-12-18 07:20:00,78.14
2013-12-18 07:25:00,76.16
2013-12-18 07:30:00,74.819
2013-12-18 07:35:00,76.588
2013-12-18 07:40:00,76.249
2013-12-18 07:45:00,74.656
2013-12-18 07:50:00,75.471
2013-12-18 07:55:00,74.563
2013-12-18 08:00:00,75.096
2013-12-18 08:05:00,74.373
2013-12-18 08:10:00,74.013
2013-12-18 08:15:00,76.029
2013-12-18 08:20:00,74.382
2013-12-18 08:25:00,72.07
2013-12-18 08:30:00,73.747
2013-12-18 08:35:00,72.968
2013-12-18 08:40:00,73.532
2013-12-18 08:45:00,73.273
2013-12-18 08:50:00,73.253
2013-12-18 08:55:00,70.603
2013-12-18 09:00:00,70.587
2013-12-18 09:05:00,73.977
2013-12-18 09:10:00,72.091
2013-12-18 09:15:00,73.556
2013-12-18 09:20:00,72.41
2013-12-18 09:25:00,70.964
2013-12-18 09:30:00,69.404
2013-12-18 09:35:00,71.872
2013-12-18 09:40:00,71.706
2013-12-18 09:45:00,73.015
2013-12-18 09:50:00,70.499
2013-12-18 09:55:00,70.663
2013-12-18 10:00:00,68.231
2013-12-18 10:05:00,69.503
2013-12-18 10:10:00,70.358
2013-12-18 10:15:00,69.474
2013-12-18 10:20:00,68.679
2013-12-18 10:25:00,71.263
2013-12-18 10:30:00,71.32
2013-12-18 10:35:00,67.952
2013-12-18 10:40:00,69.19
2013-12-18 10:45:00,68.396
2013-12-18 10:50:00,70.533
2013-12-18 10:55:00,68.878
2013-12-18 11:00:00,69.153
2013-12-18 11:05:00,67.16
2013-12-18 11:10:00,69.722
2013-12-18 11:15:00,67.619
2013-12-18 11:20:00,70.064
2013-12-18 11:25:00,68.992
2013-12-18 11:30:00,66.755
2013-12-18 11:35:00,68.025
2013-12-18 11:40:00,67.544
2013-12-18 11:45:00,66.847
2013-12-18 11:50:00,67.876
2013-12-18 11:55:00,66.812
2013-12-18 12:00:00,66.744
2013-12-18 12:05:00,65.823
2013-12-18 12:10:00,65.561
2013-12-18 12:15:00,66.423
2013-12-18 12:20:00,66.424
2013-12-18 12:25:00,67.382
2013-12-18 12:30:00,64.349
2013-12-18 12:35:00,65.997
2013-12-18 12:40:00,67.664
2013-12-18 12:45:00,64.831
2013-12-18 12:50:00,64.288
2013-12-18 12:55:00,64.327
2013-12-18 13:00:00,66.291
2013-12-18 13:05:00,63.727
2013-12-18 13:10:00,65.178
2013-12-18 13:15:00,64.263
2013-12-18 13:20:00,64.29
2013-12-18 13:25:00,64.532
2013-12-18 13:30:00,64.371
2013-12-18 13:35:00,64.305
2013-12-18 13:40:00,64.609
2013-12-18 13:45:00,64.929
2013-12-18 13:50:00,63.997
2013-12-18 13:55:00,65.045
2013-12-18 14:00:00,63.847
2013-12-18 14:05:00,63.823
2013-12-18 14:10:00,64.368
2013-12-18 14:15:00,62.212
2013-12-18 14:20:00,63.243
2013-12-18 14:25:00,63.387
2013-12-18 14:30:00,62.926
2013-12-18 14:35:00,63.843
2013-12-18 14:40:00,63.213
2013-12-18 14:45:00,62.975
2013-12-18 14:50:00,65.267
2013-12-18 14:55:00,66.529
2013-12-18 15:00:00,65.21
2013-12-18 15:05:00,64.365
2013-12-18 15:10:00,65.351
2013-12-18 15:15:00,64.377
2013-12-18 15:20:00,63.689
2013-12-18 15:25:00,64.141
2013-12-18 15:30:00,63.614
2013-12-18 15:35:00,61.385
2013-12-18 15:40:00,63.038
2013-12-18 15:45:00,63.073
2013-12-18 15:50:00,64.673
2013-12-18 15:55:00,63.544
2013-12-18 16:00:00,61.993
2013-12-18 16:05:00,64.154
2013-12-18 16:10:00,64.572
2013-12-18 16:15:00,65.194
2013-12-18 16:20:00,64.755
2013-12-18 16:25:00,67.237
2013-12-18 16:30:00,63.381
2013-12-18 16:35:00,66.061
2013-12-18 16:40:00,65.646
2013-12-18 16:45:00,63.843
2013-12-18 16:50:00,64.52
2013-12-18 16:55:00,63.85
2013-12-18 17:00:00,64.672
2013-12-18 17:05:00,64.368
2013-12-18 17:10:00,64.447
2013-12-18 17:15:00,65.06
2013-12-18 17:20:00,63.912
2013-12-18 17:25:00,66.596
2013-12-18 17:30:00,66.395
2013-12-18 17:35:00,64.605
2013-12-18 17:40:00,66.576
2013-12-18 17:45:00,64.383
2013-12-18 17:50:00,63.611
2013-12-18 17:55:00,66.24
2013-12-18 18:00:00,66.631
2013-12-18 18:05:00,65.203
2013-12-18 18:10:00,66.841
2013-12-18 18:15:00,68.683
2013-12-18 18:20:00,70.069
2013-12-18 18:25:00,65.534
2013-12-18 18:30:00,67.102
2013-12-18 18:35:00,65.368
2013-12-18 18:40:00,70.374
2013-12-18 18:45:00,66.59
2013-12-18 18:50:00,68.284
2013-12-18 18:55:00,67.506
2013-12-18 19:00:00,66.267
2013-12-18 19:05:00,67.433
2013-12-18 19:10:00,66.204
2013-12-18 19:15:00,67.21
2013-12-18 19:20:00,67.807
2013-12-18 19:25:00,68.552
2013-12-18 19:30:00,65.71
2013-12-18 19:35:00,68.514
2013-12-18 19:40:00,71.814
2013-12-18 19:45:00,67.768
2013-12-18 19:50:00,69.462
2013-12-18 19:55:00,68.726
2013-12-18 20:00:00,66.01
2013-12-18 20:05:00,68.367
2013-12-18 20:10:00,68.907
2013-12-18 20:15:00,70.911
2013-12-18 20:20:00,70.02
2013-12-18 20:25:00,69.967
2013-12-18 20:30:00,71.209
2013-12-18 20:35:00,70.726
2013-12-18 20:40:00,70.544
2013-12-18 20:45:00,71.715
2013-12-18 20:50:00,69.434
2013-12-18 20:55:00,71.011
2013-12-18 21:00:00,72.935
2013-12-18 21:05:00,69.035
2013-12-18 21:10:00,70.828
2013-12-18 21:15:00,72.137
2013-12-18 21:20:00,72.398
2013-12-18 21:25:00,71.892
2013-12-18 21:30:00,72.985
2013-12-18 21:35:00,71.578
2013-12-18 21:40:00,73.989
2013-12-18 21:45:00,73.219
2013-12-18 21:50:00,75.335
2013-12-18 21:55:00,74.343
2013-12-18 22:00:00,74.159
2013-12-18 22:05:00,75.366
2013-12-18 22:10:00,72.871
2013-12-18 22:15:00,73.651
2013-12-18 22:20:00,72.069
2013-12-18 22:25:00,75.379
2013-12-18 22:30:00,76.483
2013-12-18 22:35:00,74.079
2013-12-18 22:40:00,73.362
2013-12-18 22:45:00,76.333
2013-12-18 22:50:00,74.257
2013-12-18 22:55:00,74.694
2013-12-18 23:00:00,77.302
2013-12-18 23:05:00,75.178
2013-12-18 23:10:00,75.537
2013-12-18 23:15:00,77.845
2013-12-18 23:20:00,76.769
2013-12-18 23:25:00,74.929
2013-12-18 23:30:00,78.156
2013-12-18 23:35:00,74.403
2013-12-18 23:40:00,77.841
2013-12-18 23:45:00,77.358
2013-12-18 23:50:00,76.277
2013-12-18 23:55:00,76.103
2013-12-19 00:00:00,75.834
2013-12-19 00:05:00,79.371
2013-12-19 00:10:00,77.571
2013-12-19 00:15:00,76.788
2013-12-19 00:20:00,78.353
2013-12-19 00:25:00,79.227
2013-12-19 00:30:00,78.279
2013-12-19 00:35:00,78.844
2013-12-19 00:40:00,79.261
2013-12-19 00:45:00,78.292
2013-12-19 00:50:00,78.704
2013-12-19 00:55:00,78.285
2013-12-19 01:00:00,77.329
2013-12-19 01:05:00,77.093
2013-12-19 01:10:00,79.244
2013-12-19 01:15:00,77.94
2013-12-19 01:20:00,78.848
2013-12-19 01:25:00,78.656
2013-12-19 01:30:00,80.194
2013-12-19 01:35:00,79.439
2013-12-19 01:40:00,79.54
2013-12-19 01:45:00,78.895
2013-12-19 01:50:00,79.136
2013-12-19 01:55:00,78.953
2013-12-19 02:00:00,79.715
2013-12-19 02:05:00,77.399
2013-12-19 02:10:00,79.492
2013-12-19 02:15:00,80.002
2013-12-19 02:20:00,80.073
2013-12-19 02:25:00,78.345
2013-12-19 02:30:00,79.167
2013-12-19 02:35:00,79.245
2013-12-19 02:40:00,79.079
2013-12-19 02:45:00,78.289
2013-12-19 02:50:00,78.464
2013-12-19 02:55:00,79.793
2013-12-19 03:00:00,80.255
2013-12-19 03:05:00,79.977
2013-12-19 03:10:00,78.757
2013-12-19 03:15:00,80.264
2013-12-19 03:20:00,79.559
2013-12-19 03:25:00,79.194
2013-12-19 03:30:00,78.666
2013-12-19 03:35:00,79.149
2013-12-19 03:40:00,80.601
2013-12-19 03:45:00,79.496
2013-12-19 03:50:00,79.542
2013-12-19 03:55:00,78.457
2013-12-19 04:00:00,82.972
2013-12-19 04:05:00,76.866
2013-12-19 04:10:00,77.108
2013-12-19 04:15:00,78.866
2013-12-19 04:20:00,79.685
2013-12-19 04:25:00,81.52
2013-12-19 04:30:00,79.951
2013-12-19 04:35:00,79.635
2013-12-19 04:40:00,80.313
2013-12-19 04:45:00,79.256
2013-12-19 04:50:00,76.724
2013-12-19 04:55:00,79.301
2013-12-19 05:00:00,79.177
2013-12-19 05:05:00,81.438
2013-12-19 05:10:00,77.884
2013-12-19 05:15:00,80.169
2013-12-19 05:20:00,76.936
2013-12-19 05:25:00,80.312
2013-12-19 05:30:00,78.533
2013-12-19 05:35:00,79.277
2013-12-19 05:40:00,79.012
2013-12-19 05:45:00,78.873
2013-12-19 05:50:00,78.066
2013-12-19 05:55:00,77.048
2013-12-19 06:00:00,77.526
2013-12-19 06:05:00,76.68
2013-12-19 06:10:00,77.34
2013-12-19 06:15:00,75.42
2013-12-19 06:20:00,77.429
2013-12-19 06:25:00,78.264
2013-12-19 06:30:00,78.4
2013-12-19 06:35:00,78.399
2013-12-19 06:40:00,76.867
2013-12-19 06:45:00,76.358
2013-12-19 06:50:00,76.094
2013-12-19 06:55:00,76.726
2013-12-19 07:00:00,76.968
2013-12-19 07:05:00,76.364
2013-12-19 07:10:00,74.192
2013-12-19 07:15:00,77.306
2013-12-19 07:20:00,76.07
2013-12-19 07:25:00,76.528
2013-12-19 07:30:00,75.242
2013-12-19 07:35:00,74.706
2013-12-19 07:40:00,77.182
2013-12-19 07:45:00,73.409
2013-12-19 07:50:00,72.501
2013-12-19 07:55:00,76.755
2013-12-19 08:00:00,74.48
2013-12-19 08:05:00,73.508
2013-12-19 08:10:00,73.149
2013-12-19 08:15:00,71.272
2013-12-19 08:20:00,75.748
2013-12-19 08:25:00,74.18
2013-12-19 08:30:00,73.771
2013-12-19 08:35:00,73.973
2013-12-19 08:40:00,71.71
2013-12-19 08:45:00,73.181
2013-12-19 08:50:00,73.757
2013-12-19 08:55:00,69.63
2013-12-19 09:00:00,72.814
2013-12-19 09:05:00,72.817
2013-12-19 09:10:00,71.864
2013-12-19 09:15:00,70.501
2013-12-19 09:20:00,71.187
2013-12-19 09:25:00,70.657
2013-12-19 09:30:00,71.464
2013-12-19 09:35:00,70.212
2013-12-19 09:40:00,71.59
2013-12-19 09:45:00,69.874
2013-12-19 09:50:00,69.695
2013-12-19 09:55:00,71.545
2013-12-19 10:00:00,69.774
2013-12-19 10:05:00,70.43
2013-12-19 10:10:00,68.062
2013-12-19 10:15:00,71.27
2013-12-19 10:20:00,67.531
2013-12-19 10:25:00,69.218
2013-12-19 10:30:00,68.663
2013-12-19 10:35:00,67.848
2013-12-19 10:40:00,68.267
2013-12-19 10:45:00,69.912
2013-12-19 10:50:00,70.352
2013-12-19 10:55:00,67.818
2013-12-19 11:00:00,67.511
2013-12-19 11:05:00,65.527
2013-12-19 11:10:00,69.681
2013-12-19 11:15:00,66.187
2013-12-19 11:20:00,66.22
2013-12-19 11:25:00,67.285
2013-12-19 11:30:00,67.89
2013-12-19 11:35:00,68.688
2013-12-19 11:40:00,69.324
2013-12-19 11:45:00,67.475
2013-12-19 11:50:00,65.853
2013-12-19 11:55:00,65.501
2013-12-19 12:00:00,65.938
2013-12-19 12:05:00,66.984
2013-12-19 12:10:00,67.032
2013-12-19 12:15:00,66.498
2013-12-19 12:20:00,63.358
2013-12-19 12:25:00,64.828
2013-12-19 12:30:00,67.134
2013-12-19 12:35:00,64.628
2013-12-19 12:40:00,65.057
2013-12-19 12:45:00,68.313
2013-12-19 12:50:00,64.843
2013-12-19 12:55:00,66.533
2013-12-19 13:00:00,66.929
2013-12-19 13:05:00,65.532
2013-12-19 13:10:00,64.004
2013-12-19 13:15:00,61.696
2013-12-19 13:20:00,63.311
2013-12-19 13:25:00,65.027
2013-12-19 13:30:00,64.882
2013-12-19 13:35:00,65.498
2013-12-19 13:40:00,62.688
2013-12-19 13:45:00,64.181
2013-12-19 13:50:00,61.412
2013-12-19 13:55:00,62.746
2013-12-19 14:00:00,64.378
2013-12-19 14:05:00,61.066
2013-12-19 14:10:00,64.609
2013-12-19 14:15:00,65.774
2013-12-19 14:20:00,61.806
2013-12-19 14:25:00,63.174
2013-12-19 14:30:00,65.506
2013-12-19 14:35:00,64.008
2013-12-19 14:40:00,63.851
2013-12-19 14:45:00,63.473
2013-12-19 14:50:00,61.673
2013-12-19 14:55:00,63.133
2013-12-19 15:00:00,64.823
2013-12-19 15:05:00,63.369
2013-12-19 15:10:00,64.12
2013-12-19 15:15:00,62.813
2013-12-19 15:20:00,62.198
2013-12-19 15:25:00,62.727
2013-12-19 15:30:00,61.986
2013-12-19 15:35:00,61.623
2013-12-19 15:40:00,63.246
2013-12-19 15:45:00,63.011
2013-12-19 15:50:00,62.177
2013-12-19 15:55:00,64.164
2013-12-19 16:00:00,62.238
2013-12-19 16:05:00,63.898
2013-12-19 16:10:00,64.02
2013-12-19 16:15:00,65.459
2013-12-19 16:20:00,63.913
2013-12-19 16:25:00,64.495
2013-12-19 16:30:00,63.687
2013-12-19 16:35:00,61.961
2013-12-19 16:40:00,64.733
2013-12-19 16:45:00,65.782
2013-12-19 16:50:00,63.681
2013-12-19 16:55:00,66.409
2013-12-19 17:00:00,65.076
2013-12-19 17:05:00,66.442
2013-12-19 17:10:00,63.901
2013-12-19 17:15:00,63.137
2013-12-19 17:20:00,64.349
2013-12-19 17:25:00,63.498
2013-12-19 17:30:00,64.698
2013-12-19 17:35:00,64.263
2013-12-19 17:40:00,64.847
2013-12-19 17:45:00,64.641
2013-12-19 17:50:00,63.682
2013-12-19 17:55:00,64.321
2013-12-19 18:00:00,66.588
2013-12-19 18:05:00,65.1
2013-12-19 18:10:00,63.681
2013-12-19 18:15:00,62.987
2013-12-19 18:20:00,65.14
2013-12-19 18:25:00,65.983
2013-12-19 18:30:00,64.357
2013-12-19 18:35:00,63.756
2013-12-19 18:40:00,66.703
2013-12-19 18:45:00,69.995
2013-12-19 18:50:00,67.343
2013-12-19 18:55:00,65.237
2013-12-19 19:00:00,66.43
2013-12-19 19:05:00,66.57
2013-12-19 19:10:00,65.329
2013-12-19 19:15:00,65.315
2013-12-19 19:20:00,66.975
2013-12-19 19:25:00,68.243
2013-12-19 19:30:00,67.749
2013-12-19 19:35:00,66.777
2013-12-19 19:40:00,68.362
2013-12-19 19:45:00,68.531
2013-12-19 19:50:00,66.883
2013-12-19 19:55:00,66.759
2013-12-19 20:00:00,69.154
2013-12-19 20:05:00,69.903
2013-12-19 20:10:00,69.188
2013-12-19 20:15:00,70.279
2013-12-19 20:20:00,70.788
2013-12-19 20:25:00,67.358
2013-12-19 20:30:00,69.932
2013-12-19 20:35:00,71.102
2013-12-19 20:40:00,71.05
2013-12-19 20:45:00,71.57
2013-12-19 20:50:00,69.32
2013-12-19 20:55:00,71.011
2013-12-19 21:00:00,71.293
2013-12-19 21:05:00,69.812
2013-12-19 21:10:00,70.928
2013-12-19 21:15:00,69.27
2013-12-19 21:20:00,70.018
2013-12-19 21:25:00,71.599
2013-12-19 21:30:00,72.636
2013-12-19 21:35:00,71.542
2013-12-19 21:40:00,73.551
2013-12-19 21:45:00,73.665
2013-12-19 21:50:00,70.866
2013-12-19 21:55:00,72.09
2013-12-19 22:00:00,71.773
2013-12-19 22:05:00,73.531
2013-12-19 22:10:00,73.569
2013-12-19 22:15:00,71.918
2013-12-19 22:20:00,74.142
2013-12-19 22:25:00,71.609
2013-12-19 22:30:00,74.768
2013-12-19 22:35:00,70.586
2013-12-19 22:40:00,73.456
2013-12-19 22:45:00,72.977
2013-12-19 22:50:00,74.793
2013-12-19 22:55:00,74.438
2013-12-19 23:00:00,71.657
2013-12-19 23:05:00,72.822
2013-12-19 23:10:00,73.88
2013-12-19 23:15:00,76.151
2013-12-19 23:20:00,76.833
2013-12-19 23:25:00,75.836
2013-12-19 23:30:00,76.865
2013-12-19 23:35:00,74.392
2013-12-19 23:40:00,75.932
2013-12-19 23:45:00,75.718
2013-12-19 23:50:00,74.402
2013-12-19 23:55:00,75.406
2013-12-20 00:00:00,75.525
2013-12-20 00:05:00,76.624
2013-12-20 00:10:00,76.793
2013-12-20 00:15:00,75.659
2013-12-20 00:20:00,75.795
2013-12-20 00:25:00,74.266
2013-12-20 00:30:00,77.264
2013-12-20 00:35:00,76.641
2013-12-20 00:40:00,76.835
2013-12-20 00:45:00,77.627
2013-12-20 00:50:00,76.476
2013-12-20 00:55:00,76.01
2013-12-20 01:00:00,76.537
2013-12-20 01:05:00,76.936
2013-12-20 01:10:00,77.696
2013-12-20 01:15:00,76.791
2013-12-20 01:20:00,77.068
2013-12-20 01:25:00,76.078
2013-12-20 01:30:00,77.257
2013-12-20 01:35:00,75.72
2013-12-20 01:40:00,77.089
2013-12-20 01:45:00,78.593
2013-12-20 01:50:00,78.209
2013-12-20 01:55:00,77.872
2013-12-20 02:00:00,77.842
2013-12-20 02:05:00,79.24
2013-12-20 02:10:00,76.79
2013-12-20 02:15:00,78.776
2013-12-20 02:20:00,77.423
2013-12-20 02:25:00,78.65
2013-12-20 02:30:00,78.163
2013-12-20 02:35:00,77.72
2013-12-20 02:40:00,78.769
2013-12-20 02:45:00,77.638
2013-12-20 02:50:00,76.972
2013-12-20 02:55:00,77.859
2013-12-20 03:00:00,76.94
2013-12-20 03:05:00,78.624
2013-12-20 03:10:00,77.72
2013-12-20 03:15:00,76.928
2013-12-20 03:20:00,78.874
2013-12-20 03:25:00,78.907
2013-12-20 03:30:00,78.188
2013-12-20 03:35:00,78.04
2013-12-20 03:40:00,79.463
2013-12-20 03:45:00,78.015
2013-12-20 03:50:00,78.619
2013-12-20 03:55:00,76.913
2013-12-20 04:00:00,78.906
2013-12-20 04:05:00,78.023
2013-12-20 04:10:00,78.771
2013-12-20 04:15:00,77.771
2013-12-20 04:20:00,77.143
2013-12-20 04:25:00,76.547
2013-12-20 04:30:00,77.681
2013-12-20 04:35:00,77.314
2013-12-20 04:40:00,76.241
2013-12-20 04:45:00,79.227
2013-12-20 04:50:00,78.882
2013-12-20 04:55:00,75.132
2013-12-20 05:00:00,74.925
2013-12-20 05:05:00,75.583
2013-12-20 05:10:00,77.506
2013-12-20 05:15:00,80.442
2013-12-20 05:20:00,75.713
2013-12-20 05:25:00,76.652
2013-12-20 05:30:00,78.531
2013-12-20 05:35:00,76.232
2013-12-20 05:40:00,78.058
2013-12-20 05:45:00,77.729
2013-12-20 05:50:00,76.459
2013-12-20 05:55:00,77.436
2013-12-20 06:00:00,77.38
2013-12-20 06:05:00,74.451
2013-12-20 06:10:00,75.8
2013-12-20 06:15:00,75.126
2013-12-20 06:20:00,75.785
2013-12-20 06:25:00,74.16
2013-12-20 06:30:00,74.284
2013-12-20 06:35:00,75.408
2013-12-20 06:40:00,75.192
2013-12-20 06:45:00,76.72
2013-12-20 06:50:00,75.164
2013-12-20 06:55:00,76.482
2013-12-20 07:00:00,76.185
2013-12-20 07:05:00,75.826
2013-12-20 07:10:00,70.064
2013-12-20 07:15:00,73.222
2013-12-20 07:20:00,74.547
2013-12-20 07:25:00,72.243
2013-12-20 07:30:00,73.036
2013-12-20 07:35:00,74.308
2013-12-20 07:40:00,73.397
2013-12-20 07:45:00,72.755
2013-12-20 07:50:00,75.084
2013-12-20 07:55:00,72.329
2013-12-20 08:00:00,73.999
2013-12-20 08:05:00,72.433
2013-12-20 08:10:00,72.439
2013-12-20 08:15:00,71.715
2013-12-20 08:20:00,70.961
2013-12-20 08:25:00,71.528
2013-12-20 08:30:00,69.978
2013-12-20 08:35:00,72.172
2013-12-20 08:40:00,71.396
2013-12-20 08:45:00,70.553
2013-12-20 08:50:00,71.855
2013-12-20 08:55:00,69.472
2013-12-20 09:00:00,68.181
2013-12-20 09:05:00,70.867
2013-12-20 09:10:00,68.528
2013-12-20 09:15:00,68.326
2013-12-20 09:20:00,70.015
2013-12-20 09:25:00,70.798
2013-12-20 09:30:00,68.524
2013-12-20 09:35:00,68.207
2013-12-20 09:40:00,70.905
2013-12-20 09:45:00,67.223
2013-12-20 09:50:00,69.757
2013-12-20 09:55:00,69.077
2013-12-20 10:00:00,67.512
2013-12-20 10:05:00,68.042
2013-12-20 10:10:00,66.998
2013-12-20 10:15:00,67.055
2013-12-20 10:20:00,67.497
2013-12-20 10:25:00,66.659
2013-12-20 10:30:00,65.358
2013-12-20 10:35:00,68.019
2013-12-20 10:40:00,66.269
2013-12-20 10:45:00,67.782
2013-12-20 10:50:00,66.475
2013-12-20 10:55:00,69.87
2013-12-20 11:00:00,67.001
2013-12-20 11:05:00,64.553
2013-12-20 11:10:00,64.362
2013-12-20 11:15:00,64.775
2013-12-20 11:20:00,65.18
2013-12-20 11:25:00,63.557
2013-12-20 11:30:00,64.036
2013-12-20 11:35:00,65.255
2013-12-20 11:40:00,63.213
2013-12-20 11:45:00,64.823
2013-12-20 11:50:00,65.079
2013-12-20 11:55:00,63.453
2013-12-20 12:00:00,65.245
2013-12-20 12:05:00,64.486
2013-12-20 12:10:00,65.562
2013-12-20 12:15:00,64.917
2013-12-20 12:20:00,63.736
2013-12-20 12:25:00,63.676
2013-12-20 12:30:00,64.297
2013-12-20 12:35:00,64.076
2013-12-20 12:40:00,61.475
2013-12-20 12:45:00,64.504
2013-12-20 12:50:00,62.608
2013-12-20 12:55:00,64.534
2013-12-20 13:00:00,63.284
2013-12-20 13:05:00,62.188
2013-12-20 13:10:00,62.869
2013-12-20 13:15:00,64.502
2013-12-20 13:20:00,61.782
2013-12-20 13:25:00,60.542
2013-12-20 13:30:00,62.202
2013-12-20 13:35:00,63.938
2013-12-20 13:40:00,64.254
2013-12-20 13:45:00,63.513
2013-12-20 13:50:00,59.658
2013-12-20 13:55:00,61.851
2013-12-20 14:00:00,61.497
2013-12-20 14:05:00,61.799
2013-12-20 14:10:00,60.64
2013-12-20 14:15:00,61.571
2013-12-20 14:20:00,60.43
2013-12-20 14:25:00,64.59
2013-12-20 14:30:00,61.835
2013-12-20 14:35:00,61.104
2013-12-20 14:40:00,60.203
2013-12-20 14:45:00,62.809
2013-12-20 14:50:00,62.333
2013-12-20 14:55:00,63.004
2013-12-20 15:00:00,62.006
2013-12-20 15:05:00,61.013
2013-12-20 15:10:00,60.689
2013-12-20 15:15:00,60.638
2013-12-20 15:20:00,61.065
2013-12-20 15:25:00,62.373
2013-12-20 15:30:00,60.892
2013-12-20 15:35:00,61.902
2013-12-20 15:40:00,62.476
2013-12-20 15:45:00,61.042
2013-12-20 15:50:00,62.78
2013-12-20 15:55:00,62.132
2013-12-20 16:00:00,62.114
2013-12-20 16:05:00,61.653
2013-12-20 16:10:00,61.926
2013-12-20 16:15:00,60.722
2013-12-20 16:20:00,60.79
2013-12-20 16:25:00,62.141
2013-12-20 16:30:00,62.962
2013-12-20 16:35:00,61.664
2013-12-20 16:40:00,62.599
2013-12-20 16:45:00,61.778
2013-12-20 16:50:00,61.178
2013-12-20 16:55:00,62.199
2013-12-20 17:00:00,62.715
2013-12-20 17:05:00,61.5
2013-12-20 17:10:00,61.69
2013-12-20 17:15:00,61.888
2013-12-20 17:20:00,62.785
2013-12-20 17:25:00,60.881
2013-12-20 17:30:00,63.07
2013-12-20 17:35:00,63.147
2013-12-20 17:40:00,63.176
2013-12-20 17:45:00,62.353
2013-12-20 17:50:00,63.466
2013-12-20 17:55:00,61.911
2013-12-20 18:00:00,62.429
2013-12-20 18:05:00,64.412
2013-12-20 18:10:00,61.972
2013-12-20 18:15:00,62.909
2013-12-20 18:20:00,63.108
2013-12-20 18:25:00,64.702
2013-12-20 18:30:00,62.319
2013-12-20 18:35:00,63.467
2013-12-20 18:40:00,63.0
2013-12-20 18:45:00,66.421
2013-12-20 18:50:00,64.236
2013-12-20 18:55:00,64.081
2013-12-20 19:00:00,64.979
2013-12-20 19:05:00,66.019
2013-12-20 19:10:00,62.637
2013-12-20 19:15:00,63.972
2013-12-20 19:20:00,65.678
2013-12-20 19:25:00,64.808
2013-12-20 19:30:00,63.983
2013-12-20 19:35:00,65.014
2013-12-20 19:40:00,66.206
2013-12-20 19:45:00,66.564
2013-12-20 19:50:00,68.681
2013-12-20 19:55:00,64.52
2013-12-20 20:00:00,64.869
2013-12-20 20:05:00,65.357
2013-12-20 20:10:00,68.135
2013-12-20 20:15:00,66.055
2013-12-20 20:20:00,65.47
2013-12-20 20:25:00,68.432
2013-12-20 20:30:00,66.734
2013-12-20 20:35:00,69.127
2013-12-20 20:40:00,68.212
2013-12-20 20:45:00,67.328
2013-12-20 20:50:00,69.362
2013-12-20 20:55:00,69.437
2013-12-20 21:00:00,70.428
2013-12-20 21:05:00,68.298
2013-12-20 21:10:00,68.581
2013-12-20 21:15:00,70.899
2013-12-20 21:20:00,70.635
2013-12-20 21:25:00,69.779
2013-12-20 21:30:00,68.619
2013-12-20 21:35:00,68.55
2013-12-20 21:40:00,68.258
2013-12-20 21:45:00,68.954
2013-12-20 21:50:00,70.062
2013-12-20 21:55:00,69.047
2013-12-20 22:00:00,71.508
2013-12-20 22:05:00,67.714
2013-12-20 22:10:00,70.011
2013-12-20 22:15:00,70.32
2013-12-20 22:20:00,72.029
2013-12-20 22:25:00,72.087
2013-12-20 22:30:00,70.144
2013-12-20 22:35:00,72.054
2013-12-20 22:40:00,70.684
2013-12-20 22:45:00,72.444
2013-12-20 22:50:00,70.785
2013-12-20 22:55:00,72.556
2013-12-20 23:00:00,74.317
2013-12-20 23:05:00,75.153
2013-12-20 23:10:00,74.157
2013-12-20 23:15:00,71.762
2013-12-20 23:20:00,72.522
2013-12-20 23:25:00,72.168
2013-12-20 23:30:00,72.696
2013-12-20 23:35:00,71.47
2013-12-20 23:40:00,72.947
2013-12-20 23:45:00,75.179
2013-12-20 23:50:00,76.651
2013-12-20 23:55:00,74.621
2013-12-21 00:00:00,74.47
2013-12-21 00:05:00,75.159
2013-12-21 00:10:00,72.577
2013-12-21 00:15:00,73.578
2013-12-21 00:20:00,75.676
2013-12-21 00:25:00,74.544
2013-12-21 00:30:00,74.493
2013-12-21 00:35:00,76.068
2013-12-21 00:40:00,72.861
2013-12-21 00:45:00,76.652
2013-12-21 00:50:00,74.376
2013-12-21 00:55:00,76.123
2013-12-21 01:00:00,75.541
2013-12-21 01:05:00,76.505
2013-12-21 01:10:00,76.909
2013-12-21 01:15:00,74.587
2013-12-21 01:20:00,76.887
2013-12-21 01:25:00,76.567
2013-12-21 01:30:00,77.743
2013-12-21 01:35:00,75.47
2013-12-21 01:40:00,77.595
2013-12-21 01:45:00,77.108
2013-12-21 01:50:00,75.763
2013-12-21 01:55:00,77.551
2013-12-21 02:00:00,75.956
2013-12-21 02:05:00,77.548
2013-12-21 02:10:00,76.377
2013-12-21 02:15:00,76.67
2013-12-21 02:20:00,76.66
2013-12-21 02:25:00,77.83
2013-12-21 02:30:00,76.54
2013-12-21 02:35:00,77.368
2013-12-21 02:40:00,77.414
2013-12-21 02:45:00,75.683
2013-12-21 02:50:00,77.839
2013-12-21 02:55:00,78.51
2013-12-21 03:00:00,77.364
2013-12-21 03:05:00,77.242
2013-12-21 03:10:00,75.734
2013-12-21 03:15:00,78.3
2013-12-21 03:20:00,74.906
2013-12-21 03:25:00,76.909
2013-12-21 03:30:00,78.581
2013-12-21 03:35:00,75.876
2013-12-21 03:40:00,77.329
2013-12-21 03:45:00,75.784
2013-12-21 03:50:00,77.416
2013-12-21 03:55:00,74.895
2013-12-21 04:00:00,76.061
2013-12-21 04:05:00,75.75
2013-12-21 04:10:00,76.593
2013-12-21 04:15:00,74.381
2013-12-21 04:20:00,78.18
2013-12-21 04:25:00,76.688
2013-12-21 04:30:00,75.67
2013-12-21 04:35:00,77.981
2013-12-21 04:40:00,76.099
2013-12-21 04:45:00,76.366
2013-12-21 04:50:00,76.331
2013-12-21 04:55:00,77.817
2013-12-21 05:00:00,76.017
2013-12-21 05:05:00,74.464
2013-12-21 05:10:00,75.765
2013-12-21 05:15:00,76.072
2013-12-21 05:20:00,75.443
2013-12-21 05:25:00,74.598
2013-12-21 05:30:00,74.308
2013-12-21 05:35:00,73.138
2013-12-21 05:40:00,75.646
2013-12-21 05:45:00,73.958
2013-12-21 05:50:00,74.076
2013-12-21 05:55:00,75.343
2013-12-21 06:00:00,75.909
2013-12-21 06:05:00,73.25
2013-12-21 06:10:00,73.948
2013-12-21 06:15:00,73.77
2013-12-21 06:20:00,74.721
2013-12-21 06:25:00,72.734
2013-12-21 06:30:00,72.885
2013-12-21 06:35:00,74.215
2013-12-21 06:40:00,72.847
2013-12-21 06:45:00,72.195
2013-12-21 06:50:00,73.272
2013-12-21 06:55:00,72.04
2013-12-21 07:00:00,72.663
2013-12-21 07:05:00,74.381
2013-12-21 07:10:00,72.476
2013-12-21 07:15:00,72.369
2013-12-21 07:20:00,71.813
2013-12-21 07:25:00,70.394
2013-12-21 07:30:00,72.272
2013-12-21 07:35:00,73.118
2013-12-21 07:40:00,73.25
2013-12-21 07:45:00,74.994
2013-12-21 07:50:00,71.05
2013-12-21 07:55:00,71.479
2013-12-21 08:00:00,69.748
2013-12-21 08:05:00,73.12
2013-12-21 08:10:00,71.917
2013-12-21 08:15:00,71.708
2013-12-21 08:20:00,71.097
2013-12-21 08:25:00,70.048
2013-12-21 08:30:00,66.987
2013-12-21 08:35:00,71.357
2013-12-21 08:40:00,70.482
2013-12-21 08:45:00,69.813
2013-12-21 08:50:00,68.335
2013-12-21 08:55:00,70.19
2013-12-21 09:00:00,69.33
2013-12-21 09:05:00,69.034
2013-12-21 09:10:00,67.286
2013-12-21 09:15:00,67.09
2013-12-21 09:20:00,68.151
2013-12-21 09:25:00,67.952
2013-12-21 09:30:00,66.653
2013-12-21 09:35:00,69.805
2013-12-21 09:40:00,67.02
2013-12-21 09:45:00,67.291
2013-12-21 09:50:00,67.505
2013-12-21 09:55:00,68.783
2013-12-21 10:00:00,65.911
2013-12-21 10:05:00,66.444
2013-12-21 10:10:00,64.964
2013-12-21 10:15:00,67.579
2013-12-21 10:20:00,66.66
2013-12-21 10:25:00,66.168
2013-12-21 10:30:00,66.15
2013-12-21 10:35:00,67.819
2013-12-21 10:40:00,65.341
2013-12-21 10:45:00,64.607
2013-12-21 10:50:00,64.449
2013-12-21 10:55:00,66.218
2013-12-21 11:00:00,65.526
2013-12-21 11:05:00,65.237
2013-12-21 11:10:00,63.725
2013-12-21 11:15:00,65.003
2013-12-21 11:20:00,64.915
2013-12-21 11:25:00,64.169
2013-12-21 11:30:00,63.734
2013-12-21 11:35:00,64.313
2013-12-21 11:40:00,64.079
2013-12-21 11:45:00,62.881
2013-12-21 11:50:00,62.941
2013-12-21 11:55:00,61.119
2013-12-21 12:00:00,63.759
2013-12-21 12:05:00,62.777
2013-12-21 12:10:00,64.637
2013-12-21 12:15:00,60.508
2013-12-21 12:20:00,62.728
2013-12-21 12:25:00,63.113
2013-12-21 12:30:00,61.444
2013-12-21 12:35:00,62.745
2013-12-21 12:40:00,62.391
2013-12-21 12:45:00,62.576
2013-12-21 12:50:00,61.552
2013-12-21 12:55:00,57.915
2013-12-21 13:00:00,61.723
2013-12-21 13:05:00,61.64
2013-12-21 13:10:00,60.554
2013-12-21 13:15:00,59.749
2013-12-21 13:20:00,61.879
2013-12-21 13:25:00,61.641
2013-12-21 13:30:00,62.979
2013-12-21 13:35:00,60.037
2013-12-21 13:40:00,62.353
2013-12-21 13:45:00,60.879
2013-12-21 13:50:00,60.195
2013-12-21 13:55:00,61.325
2013-12-21 14:00:00,61.717
2013-12-21 14:05:00,59.978
2013-12-21 14:10:00,62.439
2013-12-21 14:15:00,60.527
2013-12-21 14:20:00,58.978
2013-12-21 14:25:00,59.049
2013-12-21 14:30:00,61.663
2013-12-21 14:35:00,59.678
2013-12-21 14:40:00,60.417
2013-12-21 14:45:00,60.41
2013-12-21 14:50:00,60.124
2013-12-21 14:55:00,61.415
2013-12-21 15:00:00,59.645
2013-12-21 15:05:00,58.879
2013-12-21 15:10:00,57.441
2013-12-21 15:15:00,60.056
2013-12-21 15:20:00,59.88
2013-12-21 15:25:00,61.686
2013-12-21 15:30:00,59.362
2013-12-21 15:35:00,61.446
2013-12-21 15:40:00,59.885
2013-12-21 15:45:00,62.315
2013-12-21 15:50:00,59.104
2013-12-21 15:55:00,59.817
2013-12-21 16:00:00,61.143
2013-12-21 16:05:00,61.788
2013-12-21 16:10:00,61.411
2013-12-21 16:15:00,58.837
2013-12-21 16:20:00,61.79
2013-12-21 16:25:00,60.521
2013-12-21 16:30:00,58.63
2013-12-21 16:35:00,59.969
2013-12-21 16:40:00,60.281
2013-12-21 16:45:00,59.802
2013-12-21 16:50:00,62.394
2013-12-21 16:55:00,61.541
2013-12-21 17:00:00,62.337
2013-12-21 17:05:00,59.991
2013-12-21 17:10:00,59.123
2013-12-21 17:15:00,61.753
2013-12-21 17:20:00,61.338
2013-12-21 17:25:00,62.422
2013-12-21 17:30:00,62.272
2013-12-21 17:35:00,61.763
2013-12-21 17:40:00,62.637
2013-12-21 17:45:00,61.87
2013-12-21 17:50:00,62.13
2013-12-21 17:55:00,64.366
2013-12-21 18:00:00,63.651
2013-12-21 18:05:00,60.956
2013-12-21 18:10:00,60.437
2013-12-21 18:15:00,64.084
2013-12-21 18:20:00,62.054
2013-12-21 18:25:00,62.545
2013-12-21 18:30:00,62.246
2013-12-21 18:35:00,63.354
2013-12-21 18:40:00,62.598
2013-12-21 18:45:00,61.802
2013-12-21 18:50:00,61.226
2013-12-21 18:55:00,60.637
2013-12-21 19:00:00,62.385
2013-12-21 19:05:00,65.264
2013-12-21 19:10:00,62.815
2013-12-21 19:15:00,64.061
2013-12-21 19:20:00,65.585
2013-12-21 19:25:00,65.968
2013-12-21 19:30:00,63.877
2013-12-21 19:35:00,65.554
2013-12-21 19:40:00,64.407
2013-12-21 19:45:00,62.691
2013-12-21 19:50:00,66.326
2013-12-21 19:55:00,65.471
2013-12-21 20:00:00,64.449
2013-12-21 20:05:00,65.913
2013-12-21 20:10:00,66.232
2013-12-21 20:15:00,66.197
2013-12-21 20:20:00,65.003
2013-12-21 20:25:00,66.124
2013-12-21 20:30:00,66.869
2013-12-21 20:35:00,67.577
2013-12-21 20:40:00,66.584
2013-12-21 20:45:00,65.715
2013-12-21 20:50:00,67.696
2013-12-21 20:55:00,68.843
2013-12-21 21:00:00,66.817
2013-12-21 21:05:00,68.311
2013-12-21 21:10:00,69.135
2013-12-21 21:15:00,69.32
2013-12-21 21:20:00,69.837
2013-12-21 21:25:00,68.736
2013-12-21 21:30:00,70.259
2013-12-21 21:35:00,70.365
2013-12-21 21:40:00,67.921
2013-12-21 21:45:00,69.458
2013-12-21 21:50:00,69.54
2013-12-21 21:55:00,68.607
2013-12-21 22:00:00,69.204
2013-12-21 22:05:00,67.359
2013-12-21 22:10:00,70.79
2013-12-21 22:15:00,71.124
2013-12-21 22:20:00,71.653
2013-12-21 22:25:00,72.057
2013-12-21 22:30:00,69.877
2013-12-21 22:35:00,70.575
2013-12-21 22:40:00,72.781
2013-12-21 22:45:00,72.385
2013-12-21 22:50:00,70.364
2013-12-21 22:55:00,68.575
2013-12-21 23:00:00,71.289
2013-12-21 23:05:00,70.436
2013-12-21 23:10:00,71.946
2013-12-21 23:15:00,73.187
2013-12-21 23:20:00,70.435
2013-12-21 23:25:00,72.649
2013-12-21 23:30:00,71.005
2013-12-21 23:35:00,75.586
2013-12-21 23:40:00,72.81
2013-12-21 23:45:00,73.457
2013-12-21 23:50:00,71.771
2013-12-21 23:55:00,70.599
2013-12-22 00:00:00,72.139
2013-12-22 00:05:00,72.271
2013-12-22 00:10:00,74.953
2013-12-22 00:15:00,72.292
2013-12-22 00:20:00,74.783
2013-12-22 00:25:00,74.415
2013-12-22 00:30:00,73.891
2013-12-22 00:35:00,71.155
2013-12-22 00:40:00,73.589
2013-12-22 00:45:00,75.52
2013-12-22 00:50:00,75.104
2013-12-22 00:55:00,74.74
2013-12-22 01:00:00,72.935
2013-12-22 01:05:00,74.905
2013-12-22 01:10:00,75.15
2013-12-22 01:15:00,74.35
2013-12-22 01:20:00,75.539
2013-12-22 01:25:00,74.248
2013-12-22 01:30:00,72.77
2013-12-22 01:35:00,74.482
2013-12-22 01:40:00,74.498
2013-12-22 01:45:00,76.857
2013-12-22 01:50:00,76.322
2013-12-22 01:55:00,75.459
2013-12-22 02:00:00,74.922
2013-12-22 02:05:00,76.302
2013-12-22 02:10:00,77.475
2013-12-22 02:15:00,74.568
2013-12-22 02:20:00,75.005
2013-12-22 02:25:00,77.192
2013-12-22 02:30:00,76.424
2013-12-22 02:35:00,75.353
2013-12-22 02:40:00,77.294
2013-12-22 02:45:00,76.594
2013-12-22 02:50:00,74.821
2013-12-22 02:55:00,76.299
2013-12-22 03:00:00,75.974
2013-12-22 03:05:00,77.976
2013-12-22 03:10:00,76.727
2013-12-22 03:15:00,76.58
2013-12-22 03:20:00,76.158
2013-12-22 03:25:00,76.618
2013-12-22 03:30:00,74.316
2013-12-22 03:35:00,74.224
2013-12-22 03:40:00,76.42
2013-12-22 03:45:00,76.412
2013-12-22 03:50:00,75.423
2013-12-22 03:55:00,73.481
2013-12-22 04:00:00,74.542
2013-12-22 04:05:00,76.457
2013-12-22 04:10:00,75.924
2013-12-22 04:15:00,74.959
2013-12-22 04:20:00,74.567
2013-12-22 04:25:00,75.951
2013-12-22 04:30:00,75.397
2013-12-22 04:35:00,75.329
2013-12-22 04:40:00,74.854
2013-12-22 04:45:00,75.574
2013-12-22 04:50:00,75.665
2013-12-22 04:55:00,74.503
2013-12-22 05:00:00,77.174
2013-12-22 05:05:00,74.394
2013-12-22 05:10:00,75.219
2013-12-22 05:15:00,73.072
2013-12-22 05:20:00,73.647
2013-12-22 05:25:00,75.858
2013-12-22 05:30:00,75.531
2013-12-22 05:35:00,74.818
2013-12-22 05:40:00,73.653
2013-12-22 05:45:00,74.78
2013-12-22 05:50:00,73.057
2013-12-22 05:55:00,75.422
2013-12-22 06:00:00,70.871
2013-12-22 06:05:00,73.447
2013-12-22 06:10:00,72.834
2013-12-22 06:15:00,75.223
2013-12-22 06:20:00,73.308
2013-12-22 06:25:00,74.904
2013-12-22 06:30:00,75.024
2013-12-22 06:35:00,73.704
2013-12-22 06:40:00,71.058
2013-12-22 06:45:00,71.983
2013-12-22 06:50:00,72.149
2013-12-22 06:55:00,73.088
2013-12-22 07:00:00,72.92
2013-12-22 07:05:00,70.723
2013-12-22 07:10:00,73.113
2013-12-22 07:15:00,70.805
2013-12-22 07:20:00,71.447
2013-12-22 07:25:00,72.027
2013-12-22 07:30:00,71.408
2013-12-22 07:35:00,73.29
2013-12-22 07:40:00,72.616
2013-12-22 07:45:00,69.507
2013-12-22 07:50:00,69.578
2013-12-22 07:55:00,72.146
2013-12-22 08:00:00,70.739
2013-12-22 08:05:00,71.192
2013-12-22 08:10:00,70.302
2013-12-22 08:15:00,71.582
2013-12-22 08:20:00,70.864
2013-12-22 08:25:00,70.712
2013-12-22 08:30:00,68.787
2013-12-22 08:35:00,70.158
2013-12-22 08:40:00,67.326
2013-12-22 08:45:00,68.797
2013-12-22 08:50:00,68.152
2013-12-22 08:55:00,67.81
2013-12-22 09:00:00,67.445
2013-12-22 09:05:00,65.987
2013-12-22 09:10:00,69.709
2013-12-22 09:15:00,67.795
2013-12-22 09:20:00,67.664
2013-12-22 09:25:00,68.305
2013-12-22 09:30:00,68.809
2013-12-22 09:35:00,68.963
2013-12-22 09:40:00,66.668
2013-12-22 09:45:00,67.24
2013-12-22 09:50:00,65.757
2013-12-22 09:55:00,67.552
2013-12-22 10:00:00,66.528
2013-12-22 10:05:00,67.424
2013-12-22 10:10:00,67.158
2013-12-22 10:15:00,66.936
2013-12-22 10:20:00,66.475
2013-12-22 10:25:00,65.77
2013-12-22 10:30:00,64.01
2013-12-22 10:35:00,65.733
2013-12-22 10:40:00,67.197
2013-12-22 10:45:00,64.496
2013-12-22 10:50:00,64.045
2013-12-22 10:55:00,65.442
2013-12-22 11:00:00,66.554
2013-12-22 11:05:00,63.142
2013-12-22 11:10:00,61.34
2013-12-22 11:15:00,63.351
2013-12-22 11:20:00,64.06
2013-12-22 11:25:00,63.623
2013-12-22 11:30:00,63.338
2013-12-22 11:35:00,62.905
2013-12-22 11:40:00,62.592
2013-12-22 11:45:00,62.238
2013-12-22 11:50:00,63.527
2013-12-22 11:55:00,63.649
2013-12-22 12:00:00,60.929
2013-12-22 12:05:00,64.602
2013-12-22 12:10:00,63.108
2013-12-22 12:15:00,63.12
2013-12-22 12:20:00,61.996
2013-12-22 12:25:00,62.524
2013-12-22 12:30:00,60.755
2013-12-22 12:35:00,63.892
2013-12-22 12:40:00,63.582
2013-12-22 12:45:00,61.491
2013-12-22 12:50:00,60.093
2013-12-22 12:55:00,61.209
2013-12-22 13:00:00,62.189
2013-12-22 13:05:00,60.914
2013-12-22 13:10:00,60.342
2013-12-22 13:15:00,61.403
2013-12-22 13:20:00,60.078
2013-12-22 13:25:00,62.649
2013-12-22 13:30:00,62.105
2013-12-22 13:35:00,61.694
2013-12-22 13:40:00,59.978
2013-12-22 13:45:00,61.009
2013-12-22 13:50:00,62.03
2013-12-22 13:55:00,58.128
2013-12-22 14:00:00,60.831
2013-12-22 14:05:00,62.22
2013-12-22 14:10:00,62.658
2013-12-22 14:15:00,59.299
2013-12-22 14:20:00,60.73
2013-12-22 14:25:00,61.615
2013-12-22 14:30:00,61.775
2013-12-22 14:35:00,58.091
2013-12-22 14:40:00,57.861
2013-12-22 14:45:00,60.436
2013-12-22 14:50:00,60.83
2013-12-22 14:55:00,60.068
2013-12-22 15:00:00,59.814
2013-12-22 15:05:00,61.734
2013-12-22 15:10:00,61.97
2013-12-22 15:15:00,59.487
2013-12-22 15:20:00,60.392
2013-12-22 15:25:00,58.823
2013-12-22 15:30:00,62.306
2013-12-22 15:35:00,58.554
2013-12-22 15:40:00,58.975
2013-12-22 15:45:00,59.215
2013-12-22 15:50:00,59.052
2013-12-22 15:55:00,61.875
2013-12-22 16:00:00,63.163
2013-12-22 16:05:00,60.728
2013-12-22 16:10:00,60.055
2013-12-22 16:15:00,61.37
2013-12-22 16:20:00,59.466
2013-12-22 16:25:00,62.213
2013-12-22 16:30:00,60.621
2013-12-22 16:35:00,61.231
2013-12-22 16:40:00,59.961
2013-12-22 16:45:00,60.613
2013-12-22 16:50:00,58.987
2013-12-22 16:55:00,61.028
2013-12-22 17:00:00,62.152
2013-12-22 17:05:00,58.944
2013-12-22 17:10:00,60.039
2013-12-22 17:15:00,60.768
2013-12-22 17:20:00,61.06
2013-12-22 17:25:00,61.419
2013-12-22 17:30:00,61.572
2013-12-22 17:35:00,62.068
2013-12-22 17:40:00,61.79
2013-12-22 17:45:00,59.922
2013-12-22 17:50:00,62.428
2013-12-22 17:55:00,63.609
2013-12-22 18:00:00,62.592
2013-12-22 18:05:00,60.274
2013-12-22 18:10:00,62.803
2013-12-22 18:15:00,63.22
2013-12-22 18:20:00,61.591
2013-12-22 18:25:00,63.0
2013-12-22 18:30:00,64.574
2013-12-22 18:35:00,65.119
2013-12-22 18:40:00,63.468
2013-12-22 18:45:00,64.066
2013-12-22 18:50:00,63.402
2013-12-22 18:55:00,63.253
2013-12-22 19:00:00,65.555
2013-12-22 19:05:00,65.197
2013-12-22 19:10:00,64.934
2013-12-22 19:15:00,63.716
2013-12-22 19:20:00,66.264
2013-12-22 19:25:00,65.909
2013-12-22 19:30:00,63.27
2013-12-22 19:35:00,66.287
2013-12-22 19:40:00,65.345
2013-12-22 19:45:00,65.642
2013-12-22 19:50:00,63.053
2013-12-22 19:55:00,63.884
2013-12-22 20:00:00,66.996
2013-12-22 20:05:00,65.057
2013-12-22 20:10:00,67.123
2013-12-22 20:15:00,64.728
2013-12-22 20:20:00,64.723
2013-12-22 20:25:00,68.96
2013-12-22 20:30:00,67.933
2013-12-22 20:35:00,66.863
2013-12-22 20:40:00,67.461
2013-12-22 20:45:00,66.519
2013-12-22 20:50:00,67.973
2013-12-22 20:55:00,69.139
2013-12-22 21:00:00,67.403
2013-12-22 21:05:00,68.662
2013-12-22 21:10:00,66.227
2013-12-22 21:15:00,70.598
2013-12-22 21:20:00,69.82
2013-12-22 21:25:00,68.757
2013-12-22 21:30:00,68.57
2013-12-22 21:35:00,70.842
2013-12-22 21:40:00,68.721
2013-12-22 21:45:00,69.948
2013-12-22 21:50:00,69.304
2013-12-22 21:55:00,68.75
2013-12-22 22:00:00,71.279
2013-12-22 22:05:00,69.713
2013-12-22 22:10:00,70.939
2013-12-22 22:15:00,70.138
2013-12-22 22:20:00,70.565
2013-12-22 22:25:00,70.693
2013-12-22 22:30:00,70.282
2013-12-22 22:35:00,72.117
2013-12-22 22:40:00,71.3
2013-12-22 22:45:00,72.605
2013-12-22 22:50:00,72.631
2013-12-22 22:55:00,73.365
2013-12-22 23:00:00,71.47
2013-12-22 23:05:00,73.016
2013-12-22 23:10:00,72.168
2013-12-22 23:15:00,72.507
2013-12-22 23:20:00,71.831
2013-12-22 23:25:00,72.271
2013-12-22 23:30:00,73.747
2013-12-22 23:35:00,72.729
2013-12-22 23:40:00,72.41
2013-12-22 23:45:00,74.448
2013-12-22 23:50:00,73.999
2013-12-22 23:55:00,72.248
2013-12-23 00:00:00,73.974
2013-12-23 00:05:00,75.336
2013-12-23 00:10:00,75.429
2013-12-23 00:15:00,73.598
2013-12-23 00:20:00,73.036
2013-12-23 00:25:00,74.054
2013-12-23 00:30:00,76.227
2013-12-23 00:35:00,75.624
2013-12-23 00:40:00,72.095
2013-12-23 00:45:00,75.99
2013-12-23 00:50:00,72.407
2013-12-23 00:55:00,77.494
2013-12-23 01:00:00,76.292
2013-12-23 01:05:00,74.904
2013-12-23 01:10:00,75.603
2013-12-23 01:15:00,76.361
2013-12-23 01:20:00,75.066
2013-12-23 01:25:00,76.301
2013-12-23 01:30:00,75.673
2013-12-23 01:35:00,75.608
2013-12-23 01:40:00,77.815
2013-12-23 01:45:00,73.612
2013-12-23 01:50:00,76.184
2013-12-23 01:55:00,74.522
2013-12-23 02:00:00,76.038
2013-12-23 02:05:00,75.466
2013-12-23 02:10:00,79.427
2013-12-23 02:15:00,75.806
2013-12-23 02:20:00,76.307
2013-12-23 02:25:00,75.773
2013-12-23 02:30:00,77.623
2013-12-23 02:35:00,75.981
2013-12-23 02:40:00,75.84
2013-12-23 02:45:00,78.9
2013-12-23 02:50:00,77.618
2013-12-23 02:55:00,77.026
2013-12-23 03:00:00,79.616
2013-12-23 03:05:00,75.976
2013-12-23 03:10:00,75.771
2013-12-23 03:15:00,75.801
2013-12-23 03:20:00,78.2
2013-12-23 03:25:00,76.013
2013-12-23 03:30:00,78.179
2013-12-23 03:35:00,75.987
2013-12-23 03:40:00,74.552
2013-12-23 03:45:00,75.752
2013-12-23 03:50:00,77.039
2013-12-23 03:55:00,78.102
2013-12-23 04:00:00,78.205
2013-12-23 04:05:00,77.052
2013-12-23 04:10:00,77.399
2013-12-23 04:15:00,73.366
2013-12-23 04:20:00,76.813
2013-12-23 04:25:00,76.498
2013-12-23 04:30:00,76.032
2013-12-23 04:35:00,75.551
2013-12-23 04:40:00,77.349
2013-12-23 04:45:00,77.601
2013-12-23 04:50:00,78.528
2013-12-23 04:55:00,75.87
2013-12-23 05:00:00,75.078
2013-12-23 05:05:00,78.221
2013-12-23 05:10:00,75.498
2013-12-23 05:15:00,75.177
2013-12-23 05:20:00,74.053
2013-12-23 05:25:00,76.135
2013-12-23 05:30:00,76.267
2013-12-23 05:35:00,76.46
2013-12-23 05:40:00,75.619
2013-12-23 05:45:00,75.904
2013-12-23 05:50:00,75.814
2013-12-23 05:55:00,75.661
2013-12-23 06:00:00,76.349
2013-12-23 06:05:00,75.847
2013-12-23 06:10:00,74.936
2013-12-23 06:15:00,73.948
2013-12-23 06:20:00,75.437
2013-12-23 06:25:00,73.659
2013-12-23 06:30:00,74.049
2013-12-23 06:35:00,73.24
2013-12-23 06:40:00,76.529
2013-12-23 06:45:00,72.672
2013-12-23 06:50:00,74.5
2013-12-23 06:55:00,74.379
2013-12-23 07:00:00,74.48
2013-12-23 07:05:00,73.24
2013-12-23 07:10:00,73.245
2013-12-23 07:15:00,72.764
2013-12-23 07:20:00,69.592
2013-12-23 07:25:00,71.788
2013-12-23 07:30:00,74.191
2013-12-23 07:35:00,71.423
2013-12-23 07:40:00,72.411
2013-12-23 07:45:00,75.259
2013-12-23 07:50:00,70.776
2013-12-23 07:55:00,71.174
2013-12-23 08:00:00,71.318
2013-12-23 08:05:00,69.062
2013-12-23 08:10:00,70.257
2013-12-23 08:15:00,69.422
2013-12-23 08:20:00,71.625
2013-12-23 08:25:00,70.512
2013-12-23 08:30:00,68.084
2013-12-23 08:35:00,71.449
2013-12-23 08:40:00,71.477
2013-12-23 08:45:00,69.709
2013-12-23 08:50:00,71.111
2013-12-23 08:55:00,70.512
2013-12-23 09:00:00,68.541
2013-12-23 09:05:00,69.807
2013-12-23 09:10:00,69.523
2013-12-23 09:15:00,68.13
2013-12-23 09:20:00,67.731
2013-12-23 09:25:00,69.284
2013-12-23 09:30:00,71.394
2013-12-23 09:35:00,68.413
2013-12-23 09:40:00,68.542
2013-12-23 09:45:00,66.857
2013-12-23 09:50:00,67.643
2013-12-23 09:55:00,67.545
2013-12-23 10:00:00,67.17
2013-12-23 10:05:00,66.67
2013-12-23 10:10:00,67.235
2013-12-23 10:15:00,66.454
2013-12-23 10:20:00,68.457
2013-12-23 10:25:00,69.266
2013-12-23 10:30:00,65.732
2013-12-23 10:35:00,66.051
2013-12-23 10:40:00,66.85
2013-12-23 10:45:00,66.873
2013-12-23 10:50:00,65.102
2013-12-23 10:55:00,65.18
2013-12-23 11:00:00,66.418
2013-12-23 11:05:00,63.598
2013-12-23 11:10:00,68.074
2013-12-23 11:15:00,65.631
2013-12-23 11:20:00,64.76
2013-12-23 11:25:00,64.802
2013-12-23 11:30:00,63.554
2013-12-23 11:35:00,66.867
2013-12-23 11:40:00,64.467
2013-12-23 11:45:00,63.912
2013-12-23 11:50:00,66.411
2013-12-23 11:55:00,65.412
2013-12-23 12:00:00,63.814
2013-12-23 12:05:00,64.446
2013-12-23 12:10:00,63.403
2013-12-23 12:15:00,63.248
2013-12-23 12:20:00,63.301
2013-12-23 12:25:00,63.81
2013-12-23 12:30:00,64.656
2013-12-23 12:35:00,65.608
2013-12-23 12:40:00,60.523
2013-12-23 12:45:00,65.815
2013-12-23 12:50:00,64.158
2013-12-23 12:55:00,62.853
2013-12-23 13:00:00,62.225
2013-12-23 13:05:00,60.41
2013-12-23 13:10:00,63.999
2013-12-23 13:15:00,61.169
2013-12-23 13:20:00,63.185
2013-12-23 13:25:00,61.829
2013-12-23 13:30:00,60.303
2013-12-23 13:35:00,62.686
2013-12-23 13:40:00,62.701
2013-12-23 13:45:00,60.932
2013-12-23 13:50:00,63.028
2013-12-23 13:55:00,64.107
2013-12-23 14:00:00,62.478
2013-12-23 14:05:00,62.358
2013-12-23 14:10:00,60.915
2013-12-23 14:15:00,60.508
2013-12-23 14:20:00,61.23
2013-12-23 14:25:00,61.767
2013-12-23 14:30:00,61.668
2013-12-23 14:35:00,61.389
2013-12-23 14:40:00,64.596
2013-12-23 14:45:00,62.272
2013-12-23 14:50:00,60.401
2013-12-23 14:55:00,60.12
2013-12-23 15:00:00,59.468
2013-12-23 15:05:00,60.339
2013-12-23 15:10:00,62.245
2013-12-23 15:15:00,61.213
2013-12-23 15:20:00,60.732
2013-12-23 15:25:00,62.282
2013-12-23 15:30:00,62.249
2013-12-23 15:35:00,62.055
2013-12-23 15:40:00,61.617
2013-12-23 15:45:00,61.616
2013-12-23 15:50:00,60.108
2013-12-23 15:55:00,59.511
2013-12-23 16:00:00,60.796
2013-12-23 16:05:00,60.859
2013-12-23 16:10:00,60.869
2013-12-23 16:15:00,61.693
2013-12-23 16:20:00,61.385
2013-12-23 16:25:00,60.445
2013-12-23 16:30:00,61.948
2013-12-23 16:35:00,62.538
2013-12-23 16:40:00,61.612
2013-12-23 16:45:00,63.257
2013-12-23 16:50:00,62.727
2013-12-23 16:55:00,62.894
2013-12-23 17:00:00,62.06
2013-12-23 17:05:00,63.09
2013-12-23 17:10:00,63.501
2013-12-23 17:15:00,60.459
2013-12-23 17:20:00,64.151
2013-12-23 17:25:00,62.354
2013-12-23 17:30:00,63.849
2013-12-23 17:35:00,60.406
2013-12-23 17:40:00,62.76
2013-12-23 17:45:00,61.353
2013-12-23 17:50:00,63.328
2013-12-23 17:55:00,63.841
2013-12-23 18:00:00,64.231
2013-12-23 18:05:00,63.89
2013-12-23 18:10:00,62.488
2013-12-23 18:15:00,65.682
2013-12-23 18:20:00,62.636
2013-12-23 18:25:00,63.98
2013-12-23 18:30:00,63.588
2013-12-23 18:35:00,63.936
2013-12-23 18:40:00,63.116
2013-12-23 18:45:00,66.246
2013-12-23 18:50:00,65.984
2013-12-23 18:55:00,65.323
2013-12-23 19:00:00,65.214
2013-12-23 19:05:00,64.388
2013-12-23 19:10:00,65.562
2013-12-23 19:15:00,64.761
2013-12-23 19:20:00,66.113
2013-12-23 19:25:00,66.641
2013-12-23 19:30:00,66.034
2013-12-23 19:35:00,66.973
2013-12-23 19:40:00,67.36
2013-12-23 19:45:00,67.792
2013-12-23 19:50:00,69.364
2013-12-23 19:55:00,65.451
2013-12-23 20:00:00,65.854
2013-12-23 20:05:00,66.047
2013-12-23 20:10:00,67.443
2013-12-23 20:15:00,65.941
2013-12-23 20:20:00,67.393
2013-12-23 20:25:00,69.212
2013-12-23 20:30:00,69.258
2013-12-23 20:35:00,70.528
2013-12-23 20:40:00,69.764
2013-12-23 20:45:00,70.134
2013-12-23 20:50:00,68.463
2013-12-23 20:55:00,68.848
2013-12-23 21:00:00,70.513
2013-12-23 21:05:00,70.669
2013-12-23 21:10:00,67.52
2013-12-23 21:15:00,68.334
2013-12-23 21:20:00,69.007
2013-12-23 21:25:00,69.329
2013-12-23 21:30:00,72.123
2013-12-23 21:35:00,72.889
2013-12-23 21:40:00,71.298
2013-12-23 21:45:00,71.49
2013-12-23 21:50:00,73.591
2013-12-23 21:55:00,71.977
2013-12-23 22:00:00,72.288
2013-12-23 22:05:00,72.241
2013-12-23 22:10:00,72.419
2013-12-23 22:15:00,73.764
2013-12-23 22:20:00,73.191
2013-12-23 22:25:00,72.595
2013-12-23 22:30:00,72.193
2013-12-23 22:35:00,73.148
2013-12-23 22:40:00,71.01
2013-12-23 22:45:00,73.726
2013-12-23 22:50:00,73.492
2013-12-23 22:55:00,73.89
2013-12-23 23:00:00,72.281
2013-12-23 23:05:00,74.393
2013-12-23 23:10:00,74.211
2013-12-23 23:15:00,74.141
2013-12-23 23:20:00,74.75
2013-12-23 23:25:00,73.465
2013-12-23 23:30:00,72.865
2013-12-23 23:35:00,75.308
2013-12-23 23:40:00,72.269
2013-12-23 23:45:00,75.771
2013-12-23 23:50:00,77.681
2013-12-23 23:55:00,75.786
2013-12-24 00:00:00,76.505
2013-12-24 00:05:00,77.57
2013-12-24 00:10:00,77.003
2013-12-24 00:15:00,78.613
2013-12-24 00:20:00,74.964
2013-12-24 00:25:00,75.725
2013-12-24 00:30:00,76.837
2013-12-24 00:35:00,74.439
2013-12-24 00:40:00,76.486
2013-12-24 00:45:00,76.688
2013-12-24 00:50:00,78.276
2013-12-24 00:55:00,78.107
2013-12-24 01:00:00,77.851
2013-12-24 01:05:00,77.869
2013-12-24 01:10:00,77.205
2013-12-24 01:15:00,77.577
2013-12-24 01:20:00,78.229
2013-12-24 01:25:00,78.621
2013-12-24 01:30:00,76.629
2013-12-24 01:35:00,78.113
2013-12-24 01:40:00,77.561
2013-12-24 01:45:00,78.045
2013-12-24 01:50:00,79.182
2013-12-24 01:55:00,77.564
2013-12-24 02:00:00,76.822
2013-12-24 02:05:00,76.896
2013-12-24 02:10:00,77.358
2013-12-24 02:15:00,78.831
2013-12-24 02:20:00,77.95
2013-12-24 02:25:00,77.477
2013-12-24 02:30:00,79.164
2013-12-24 02:35:00,78.467
2013-12-24 02:40:00,79.15
2013-12-24 02:45:00,80.972
2013-12-24 02:50:00,80.625
2013-12-24 02:55:00,78.804
2013-12-24 03:00:00,78.816
2013-12-24 03:05:00,79.762
2013-12-24 03:10:00,79.971
2013-12-24 03:15:00,78.015
2013-12-24 03:20:00,76.979
2013-12-24 03:25:00,79.485
2013-12-24 03:30:00,78.716
2013-12-24 03:35:00,79.171
2013-12-24 03:40:00,79.079
2013-12-24 03:45:00,77.575
2013-12-24 03:50:00,77.782
2013-12-24 03:55:00,79.658
2013-12-24 04:00:00,78.152
2013-12-24 04:05:00,77.378
2013-12-24 04:10:00,77.952
2013-12-24 04:15:00,78.722
2013-12-24 04:20:00,77.592
2013-12-24 04:25:00,80.244
2013-12-24 04:30:00,79.086
2013-12-24 04:35:00,76.271
2013-12-24 04:40:00,78.279
2013-12-24 04:45:00,79.827
2013-12-24 04:50:00,81.838
2013-12-24 04:55:00,77.251
2013-12-24 05:00:00,77.776
2013-12-24 05:05:00,76.046
2013-12-24 05:10:00,78.265
2013-12-24 05:15:00,78.092
2013-12-24 05:20:00,77.775
2013-12-24 05:25:00,76.047
2013-12-24 05:30:00,78.197
2013-12-24 05:35:00,79.36
2013-12-24 05:40:00,78.701
2013-12-24 05:45:00,77.407
2013-12-24 05:50:00,76.809
2013-12-24 05:55:00,77.843
2013-12-24 06:00:00,76.488
2013-12-24 06:05:00,73.512
2013-12-24 06:10:00,74.372
2013-12-24 06:15:00,77.959
2013-12-24 06:20:00,77.795
2013-12-24 06:25:00,75.927
2013-12-24 06:30:00,74.995
2013-12-24 06:35:00,75.466
2013-12-24 06:40:00,74.154
2013-12-24 06:45:00,75.261
2013-12-24 06:50:00,77.528
2013-12-24 06:55:00,74.545
2013-12-24 07:00:00,74.205
2013-12-24 07:05:00,73.405
2013-12-24 07:10:00,75.122
2013-12-24 07:15:00,73.591
2013-12-24 07:20:00,75.365
2013-12-24 07:25:00,74.066
2013-12-24 07:30:00,76.304
2013-12-24 07:35:00,74.844
2013-12-24 07:40:00,74.554
2013-12-24 07:45:00,72.139
2013-12-24 07:50:00,73.7
2013-12-24 07:55:00,73.878
2013-12-24 08:00:00,73.766
2013-12-24 08:05:00,73.62
2013-12-24 08:10:00,73.18
2013-12-24 08:15:00,71.469
2013-12-24 08:20:00,69.819
2013-12-24 08:25:00,71.203
2013-12-24 08:30:00,73.594
2013-12-24 08:35:00,73.172
2013-12-24 08:40:00,73.416
2013-12-24 08:45:00,72.272
2013-12-24 08:50:00,71.983
2013-12-24 08:55:00,71.563
2013-12-24 09:00:00,69.324
2013-12-24 09:05:00,71.419
2013-12-24 09:10:00,70.26
2013-12-24 09:15:00,70.137
2013-12-24 09:20:00,69.513
2013-12-24 09:25:00,70.449
2013-12-24 09:30:00,71.46
2013-12-24 09:35:00,71.153
2013-12-24 09:40:00,68.86
2013-12-24 09:45:00,70.148
2013-12-24 09:50:00,69.601
2013-12-24 09:55:00,67.11
2013-12-24 10:00:00,70.485
2013-12-24 10:05:00,68.416
2013-12-24 10:10:00,69.724
2013-12-24 10:15:00,67.915
2013-12-24 10:20:00,69.635
2013-12-24 10:25:00,70.038
2013-12-24 10:30:00,68.693
2013-12-24 10:35:00,68.872
2013-12-24 10:40:00,67.278
2013-12-24 10:45:00,67.526
2013-12-24 10:50:00,66.408
2013-12-24 10:55:00,68.861
2013-12-24 11:00:00,68.869
2013-12-24 11:05:00,66.719
2013-12-24 11:10:00,67.192
2013-12-24 11:15:00,66.2
2013-12-24 11:20:00,65.284
2013-12-24 11:25:00,66.095
2013-12-24 11:30:00,65.135
2013-12-24 11:35:00,64.104
2013-12-24 11:40:00,66.652
2013-12-24 11:45:00,64.967
2013-12-24 11:50:00,65.98
2013-12-24 11:55:00,62.711
2013-12-24 12:00:00,65.88
2013-12-24 12:05:00,64.818
2013-12-24 12:10:00,64.776
2013-12-24 12:15:00,66.452
2013-12-24 12:20:00,65.144
2013-12-24 12:25:00,65.535
2013-12-24 12:30:00,65.129
2013-12-24 12:35:00,65.534
2013-12-24 12:40:00,63.901
2013-12-24 12:45:00,64.735
2013-12-24 12:50:00,64.369
2013-12-24 12:55:00,65.403
2013-12-24 13:00:00,63.768
2013-12-24 13:05:00,65.273
2013-12-24 13:10:00,64.916
2013-12-24 13:15:00,63.501
2013-12-24 13:20:00,64.99
2013-12-24 13:25:00,63.562
2013-12-24 13:30:00,63.199
2013-12-24 13:35:00,62.936
2013-12-24 13:40:00,62.54
2013-12-24 13:45:00,64.14
2013-12-24 13:50:00,63.471
2013-12-24 13:55:00,63.282
2013-12-24 14:00:00,64.622
2013-12-24 14:05:00,64.606
2013-12-24 14:10:00,63.634
2013-12-24 14:15:00,61.138
2013-12-24 14:20:00,64.004
2013-12-24 14:25:00,61.037
2013-12-24 14:30:00,62.285
2013-12-24 14:35:00,63.136
2013-12-24 14:40:00,65.147
2013-12-24 14:45:00,60.308
2013-12-24 14:50:00,61.432
2013-12-24 14:55:00,62.399
2013-12-24 15:00:00,64.079
2013-12-24 15:05:00,61.286
2013-12-24 15:10:00,62.284
2013-12-24 15:15:00,64.702
2013-12-24 15:20:00,64.312
2013-12-24 15:25:00,62.535
2013-12-24 15:30:00,64.495
2013-12-24 15:35:00,63.399
2013-12-24 15:40:00,62.231
2013-12-24 15:45:00,62.488
2013-12-24 15:50:00,62.621
2013-12-24 15:55:00,62.113
2013-12-24 16:00:00,63.995
2013-12-24 16:05:00,64.697
2013-12-24 16:10:00,61.801
2013-12-24 16:15:00,64.377
2013-12-24 16:20:00,62.375
2013-12-24 16:25:00,63.597
2013-12-24 16:30:00,64.107
2013-12-24 16:35:00,65.022
2013-12-24 16:40:00,63.843
2013-12-24 16:45:00,64.24
2013-12-24 16:50:00,65.97
2013-12-24 16:55:00,66.03
2013-12-24 17:00:00,65.435
2013-12-24 17:05:00,65.156
2013-12-24 17:10:00,64.952
2013-12-24 17:15:00,66.399
2013-12-24 17:20:00,65.41
2013-12-24 17:25:00,63.809
2013-12-24 17:30:00,64.85
2013-12-24 17:35:00,65.318
2013-12-24 17:40:00,63.26
2013-12-24 17:45:00,64.347
2013-12-24 17:50:00,67.206
2013-12-24 17:55:00,63.904
2013-12-24 18:00:00,65.998
2013-12-24 18:05:00,65.883
2013-12-24 18:10:00,66.789
2013-12-24 18:15:00,64.825
2013-12-24 18:20:00,64.954
2013-12-24 18:25:00,66.082
2013-12-24 18:30:00,65.398
2013-12-24 18:35:00,68.147
2013-12-24 18:40:00,66.647
2013-12-24 18:45:00,67.594
2013-12-24 18:50:00,65.519
2013-12-24 18:55:00,67.569
2013-12-24 19:00:00,69.996
2013-12-24 19:05:00,67.093
2013-12-24 19:10:00,65.967
2013-12-24 19:15:00,68.832
2013-12-24 19:20:00,67.053
2013-12-24 19:25:00,66.234
2013-12-24 19:30:00,66.587
2013-12-24 19:35:00,66.684
2013-12-24 19:40:00,68.892
2013-12-24 19:45:00,67.41
2013-12-24 19:50:00,67.553
2013-12-24 19:55:00,68.317
2013-12-24 20:00:00,69.443
2013-12-24 20:05:00,70.17
2013-12-24 20:10:00,70.753
2013-12-24 20:15:00,69.047
2013-12-24 20:20:00,70.838
2013-12-24 20:25:00,68.848
2013-12-24 20:30:00,72.02
2013-12-24 20:35:00,70.887
2013-12-24 20:40:00,70.638
2013-12-24 20:45:00,68.59
2013-12-24 20:50:00,71.842
2013-12-24 20:55:00,70.289
2013-12-24 21:00:00,70.295
2013-12-24 21:05:00,70.222
2013-12-24 21:10:00,70.658
2013-12-24 21:15:00,72.156
2013-12-24 21:20:00,72.255
2013-12-24 21:25:00,71.983
2013-12-24 21:30:00,74.346
2013-12-24 21:35:00,70.778
2013-12-24 21:40:00,72.797
2013-12-24 21:45:00,71.037
2013-12-24 21:50:00,73.484
2013-12-24 21:55:00,73.671
2013-12-24 22:00:00,73.322
2013-12-24 22:05:00,73.941
2013-12-24 22:10:00,74.208
2013-12-24 22:15:00,74.261
2013-12-24 22:20:00,72.191
2013-12-24 22:25:00,75.075
2013-12-24 22:30:00,76.29
2013-12-24 22:35:00,75.709
2013-12-24 22:40:00,74.215
2013-12-24 22:45:00,77.052
2013-12-24 22:50:00,75.153
2013-12-24 22:55:00,76.426
2013-12-24 23:00:00,75.999
2013-12-24 23:05:00,77.071
2013-12-24 23:10:00,73.586
2013-12-24 23:15:00,74.701
2013-12-24 23:20:00,76.435
2013-12-24 23:25:00,75.671
2013-12-24 23:30:00,75.671
2013-12-24 23:35:00,78.06
2013-12-24 23:40:00,75.727
2013-12-24 23:45:00,76.914
2013-12-24 23:50:00,77.136
2013-12-24 23:55:00,76.551
2013-12-25 00:00:00,74.182
2013-12-25 00:05:00,74.858
2013-12-25 00:10:00,76.912
2013-12-25 00:15:00,79.992
2013-12-25 00:20:00,76.611
2013-12-25 00:25:00,77.57
2013-12-25 00:30:00,80.211
2013-12-25 00:35:00,77.881
2013-12-25 00:40:00,78.56
2013-12-25 00:45:00,78.434
2013-12-25 00:50:00,77.163
2013-12-25 00:55:00,77.243
2013-12-25 01:00:00,77.771
2013-12-25 01:05:00,78.464
2013-12-25 01:10:00,77.688
2013-12-25 01:15:00,78.068
2013-12-25 01:20:00,79.061
2013-12-25 01:25:00,80.274
2013-12-25 01:30:00,81.748
2013-12-25 01:35:00,78.141
2013-12-25 01:40:00,79.411
2013-12-25 01:45:00,77.963
2013-12-25 01:50:00,78.467
2013-12-25 01:55:00,77.21
2013-12-25 02:00:00,81.407
2013-12-25 02:05:00,78.881
2013-12-25 02:10:00,80.597
2013-12-25 02:15:00,78.23
2013-12-25 02:20:00,76.728
2013-12-25 02:25:00,81.634
2013-12-25 02:30:00,77.684
2013-12-25 02:35:00,78.418
2013-12-25 02:40:00,81.133
2013-12-25 02:45:00,79.824
2013-12-25 02:50:00,79.517
2013-12-25 02:55:00,81.362
2013-12-25 03:00:00,79.438
2013-12-25 03:05:00,80.75
2013-12-25 03:10:00,78.313
2013-12-25 03:15:00,81.515
2013-12-25 03:20:00,79.135
2013-12-25 03:25:00,80.014
2013-12-25 03:30:00,78.931
2013-12-25 03:35:00,78.806
2013-12-25 03:40:00,79.432
2013-12-25 03:45:00,80.85
2013-12-25 03:50:00,79.433
2013-12-25 03:55:00,79.935
2013-12-25 04:00:00,79.106
2013-12-25 04:05:00,81.227
2013-12-25 04:10:00,77.843
2013-12-25 04:15:00,77.549
2013-12-25 04:20:00,81.213
2013-12-25 04:25:00,76.874
2013-12-25 04:30:00,81.481
2013-12-25 04:35:00,79.342
2013-12-25 04:40:00,79.823
2013-12-25 04:45:00,79.627
2013-12-25 04:50:00,78.383
2013-12-25 04:55:00,79.724
2013-12-25 05:00:00,81.475
2013-12-25 05:05:00,80.417
2013-12-25 05:10:00,78.018
2013-12-25 05:15:00,80.278
2013-12-25 05:20:00,77.297
2013-12-25 05:25:00,78.351
2013-12-25 05:30:00,78.695
2013-12-25 05:35:00,79.916
2013-12-25 05:40:00,76.662
2013-12-25 05:45:00,79.483
2013-12-25 05:50:00,77.622
2013-12-25 05:55:00,76.042
2013-12-25 06:00:00,79.093
2013-12-25 06:05:00,77.282
2013-12-25 06:10:00,75.26
2013-12-25 06:15:00,78.501
2013-12-25 06:20:00,75.398
2013-12-25 06:25:00,76.843
2013-12-25 06:30:00,75.817
2013-12-25 06:35:00,76.065
2013-12-25 06:40:00,78.212
2013-12-25 06:45:00,77.532
2013-12-25 06:50:00,74.823
2013-12-25 06:55:00,76.222
2013-12-25 07:00:00,76.432
2013-12-25 07:05:00,77.834
2013-12-25 07:10:00,76.612
2013-12-25 07:15:00,74.459
2013-12-25 07:20:00,74.212
2013-12-25 07:25:00,76.405
2013-12-25 07:30:00,76.371
2013-12-25 07:35:00,74.578
2013-12-25 07:40:00,74.391
2013-12-25 07:45:00,75.595
2013-12-25 07:50:00,75.171
2013-12-25 07:55:00,71.505
2013-12-25 08:00:00,74.173
2013-12-25 08:05:00,75.322
2013-12-25 08:10:00,72.388
2013-12-25 08:15:00,75.047
2013-12-25 08:20:00,72.338
2013-12-25 08:25:00,73.945
2013-12-25 08:30:00,72.482
2013-12-25 08:35:00,71.389
2013-12-25 08:40:00,73.422
2013-12-25 08:45:00,72.863
2013-12-25 08:50:00,74.64
2013-12-25 08:55:00,73.639
2013-12-25 09:00:00,70.563
2013-12-25 09:05:00,72.69
2013-12-25 09:10:00,73.301
2013-12-25 09:15:00,72.968
2013-12-25 09:20:00,74.009
2013-12-25 09:25:00,73.947
2013-12-25 09:30:00,70.583
2013-12-25 09:35:00,71.724
2013-12-25 09:40:00,73.967
2013-12-25 09:45:00,72.447
2013-12-25 09:50:00,69.938
2013-12-25 09:55:00,68.741
2013-12-25 10:00:00,68.533
2013-12-25 10:05:00,71.019
2013-12-25 10:10:00,69.933
2013-12-25 10:15:00,69.675
2013-12-25 10:20:00,69.032
2013-12-25 10:25:00,68.529
2013-12-25 10:30:00,70.137
2013-12-25 10:35:00,69.2
2013-12-25 10:40:00,69.588
2013-12-25 10:45:00,66.946
2013-12-25 10:50:00,70.899
2013-12-25 10:55:00,70.007
2013-12-25 11:00:00,69.721
2013-12-25 11:05:00,65.806
2013-12-25 11:10:00,69.197
2013-12-25 11:15:00,66.257
2013-12-25 11:20:00,68.343
2013-12-25 11:25:00,69.076
2013-12-25 11:30:00,68.822
2013-12-25 11:35:00,68.264
2013-12-25 11:40:00,69.475
2013-12-25 11:45:00,67.311
2013-12-25 11:50:00,66.007
2013-12-25 11:55:00,66.209
2013-12-25 12:00:00,66.734
2013-12-25 12:05:00,67.588
2013-12-25 12:10:00,65.179
2013-12-25 12:15:00,67.309
2013-12-25 12:20:00,66.18
2013-12-25 12:25:00,65.539
2013-12-25 12:30:00,64.854
2013-12-25 12:35:00,65.296
2013-12-25 12:40:00,66.118
2013-12-25 12:45:00,65.411
2013-12-25 12:50:00,66.446
2013-12-25 12:55:00,63.505
2013-12-25 13:00:00,63.577
2013-12-25 13:05:00,64.002
2013-12-25 13:10:00,66.486
2013-12-25 13:15:00,64.899
2013-12-25 13:20:00,65.026
2013-12-25 13:25:00,65.609
2013-12-25 13:30:00,65.608
2013-12-25 13:35:00,64.105
2013-12-25 13:40:00,62.961
2013-12-25 13:45:00,64.176
2013-12-25 13:50:00,62.707
2013-12-25 13:55:00,64.399
2013-12-25 14:00:00,63.503
2013-12-25 14:05:00,64.713
2013-12-25 14:10:00,64.553
2013-12-25 14:15:00,63.834
2013-12-25 14:20:00,64.99
2013-12-25 14:25:00,67.593
2013-12-25 14:30:00,61.939
2013-12-25 14:35:00,67.033
2013-12-25 14:40:00,62.925
2013-12-25 14:45:00,62.443
2013-12-25 14:50:00,62.894
2013-12-25 14:55:00,64.911
2013-12-25 15:00:00,64.276
2013-12-25 15:05:00,63.264
2013-12-25 15:10:00,63.306
2013-12-25 15:15:00,63.088
2013-12-25 15:20:00,64.712
2013-12-25 15:25:00,65.513
2013-12-25 15:30:00,63.711
2013-12-25 15:35:00,63.215
2013-12-25 15:40:00,63.596
2013-12-25 15:45:00,61.299
2013-12-25 15:50:00,64.027
2013-12-25 15:55:00,64.58
2013-12-25 16:00:00,63.71
2013-12-25 16:05:00,63.583
2013-12-25 16:10:00,65.574
2013-12-25 16:15:00,64.647
2013-12-25 16:20:00,64.783
2013-12-25 16:25:00,64.972
2013-12-25 16:30:00,64.594
2013-12-25 16:35:00,66.056
2013-12-25 16:40:00,62.898
2013-12-25 16:45:00,64.568
2013-12-25 16:50:00,61.934
2013-12-25 16:55:00,64.241
2013-12-25 17:00:00,67.225
2013-12-25 17:05:00,63.358
2013-12-25 17:10:00,63.657
2013-12-25 17:15:00,64.976
2013-12-25 17:20:00,66.191
2013-12-25 17:25:00,66.063
2013-12-25 17:30:00,64.689
2013-12-25 17:35:00,67.476
2013-12-25 17:40:00,65.471
2013-12-25 17:45:00,67.011
2013-12-25 17:50:00,67.664
2013-12-25 17:55:00,64.682
2013-12-25 18:00:00,64.181
2013-12-25 18:05:00,66.734
2013-12-25 18:10:00,66.433
2013-12-25 18:15:00,66.371
2013-12-25 18:20:00,66.776
2013-12-25 18:25:00,66.461
2013-12-25 18:30:00,68.584
2013-12-25 18:35:00,63.229
2013-12-25 18:40:00,68.501
2013-12-25 18:45:00,67.424
2013-12-25 18:50:00,67.099
2013-12-25 18:55:00,66.223
2013-12-25 19:00:00,69.015
2013-12-25 19:05:00,66.289
2013-12-25 19:10:00,67.958
2013-12-25 19:15:00,69.343
2013-12-25 19:20:00,66.143
2013-12-25 19:25:00,68.661
2013-12-25 19:30:00,68.809
2013-12-25 19:35:00,69.105
2013-12-25 19:40:00,68.193
2013-12-25 19:45:00,69.613
2013-12-25 19:50:00,70.318
2013-12-25 19:55:00,68.873
2013-12-25 20:00:00,71.897
2013-12-25 20:05:00,68.198
2013-12-25 20:10:00,68.913
2013-12-25 20:15:00,71.338
2013-12-25 20:20:00,69.802
2013-12-25 20:25:00,69.107
2013-12-25 20:30:00,69.865
2013-12-25 20:35:00,72.389
2013-12-25 20:40:00,71.695
2013-12-25 20:45:00,69.802
2013-12-25 20:50:00,68.838
2013-12-25 20:55:00,73.049
2013-12-25 21:00:00,71.725
2013-12-25 21:05:00,71.096
2013-12-25 21:10:00,70.688
2013-12-25 21:15:00,69.463
2013-12-25 21:20:00,70.537
2013-12-25 21:25:00,72.656
2013-12-25 21:30:00,71.876
2013-12-25 21:35:00,74.616
2013-12-25 21:40:00,73.916
2013-12-25 21:45:00,72.275
2013-12-25 21:50:00,72.044
2013-12-25 21:55:00,74.876
2013-12-25 22:00:00,73.05
2013-12-25 22:05:00,76.839
2013-12-25 22:10:00,73.951
2013-12-25 22:15:00,72.364
2013-12-25 22:20:00,71.72
2013-12-25 22:25:00,73.452
2013-12-25 22:30:00,76.233
2013-12-25 22:35:00,74.365
2013-12-25 22:40:00,71.823
2013-12-25 22:45:00,74.233
2013-12-25 22:50:00,74.794
2013-12-25 22:55:00,76.943
2013-12-25 23:00:00,75.974
2013-12-25 23:05:00,75.429
2013-12-25 23:10:00,76.124
2013-12-25 23:15:00,78.58
2013-12-25 23:20:00,77.33
2013-12-25 23:25:00,75.316
2013-12-25 23:30:00,77.171
2013-12-25 23:35:00,77.851
2013-12-25 23:40:00,79.428
2013-12-25 23:45:00,77.114
2013-12-25 23:50:00,76.517
2013-12-25 23:55:00,77.467
2013-12-26 00:00:00,76.596
2013-12-26 00:05:00,77.478
2013-12-26 00:10:00,76.456
2013-12-26 00:15:00,77.573
2013-12-26 00:20:00,75.916
2013-12-26 00:25:00,78.795
2013-12-26 00:30:00,78.855
2013-12-26 00:35:00,76.027
2013-12-26 00:40:00,79.013
2013-12-26 00:45:00,77.549
2013-12-26 00:50:00,80.02
2013-12-26 00:55:00,79.629
2013-12-26 01:00:00,79.825
2013-12-26 01:05:00,79.323
2013-12-26 01:10:00,77.452
2013-12-26 01:15:00,76.297
2013-12-26 01:20:00,79.036
2013-12-26 01:25:00,77.426
2013-12-26 01:30:00,79.258
2013-12-26 01:35:00,77.317
2013-12-26 01:40:00,80.11
2013-12-26 01:45:00,79.858
2013-12-26 01:50:00,77.766
2013-12-26 01:55:00,78.203
2013-12-26 02:00:00,79.925
2013-12-26 02:05:00,80.53
2013-12-26 02:10:00,79.792
2013-12-26 02:15:00,78.728
2013-12-26 02:20:00,79.796
2013-12-26 02:25:00,79.367
2013-12-26 02:30:00,79.03
2013-12-26 02:35:00,78.011
2013-12-26 02:40:00,79.777
2013-12-26 02:45:00,78.767
2013-12-26 02:50:00,79.614
2013-12-26 02:55:00,77.366
2013-12-26 03:00:00,80.796
2013-12-26 03:05:00,79.126
2013-12-26 03:10:00,79.898
2013-12-26 03:15:00,81.602
2013-12-26 03:20:00,81.662
2013-12-26 03:25:00,80.583
2013-12-26 03:30:00,78.551
2013-12-26 03:35:00,79.655
2013-12-26 03:40:00,80.101
2013-12-26 03:45:00,80.04
2013-12-26 03:50:00,79.858
2013-12-26 03:55:00,80.643
2013-12-26 04:00:00,80.413
2013-12-26 04:05:00,81.047
2013-12-26 04:10:00,80.529
2013-12-26 04:15:00,78.662
2013-12-26 04:20:00,79.063
2013-12-26 04:25:00,79.377
2013-12-26 04:30:00,79.83
2013-12-26 04:35:00,78.684
2013-12-26 04:40:00,79.197
2013-12-26 04:45:00,78.743
2013-12-26 04:50:00,78.428
2013-12-26 04:55:00,79.49
2013-12-26 05:00:00,80.008
2013-12-26 05:05:00,80.961
2013-12-26 05:10:00,79.976
2013-12-26 05:15:00,78.189
2013-12-26 05:20:00,80.094
2013-12-26 05:25:00,76.756
2013-12-26 05:30:00,78.873
2013-12-26 05:35:00,77.602
2013-12-26 05:40:00,77.507
2013-12-26 05:45:00,80.437
2013-12-26 05:50:00,77.444
2013-12-26 05:55:00,78.13
2013-12-26 06:00:00,78.427
2013-12-26 06:05:00,77.568
2013-12-26 06:10:00,75.842
2013-12-26 06:15:00,77.744
2013-12-26 06:20:00,76.811
2013-12-26 06:25:00,76.965
2013-12-26 06:30:00,76.93
2013-12-26 06:35:00,77.37
2013-12-26 06:40:00,77.177
2013-12-26 06:45:00,74.721
2013-12-26 06:50:00,76.664
2013-12-26 06:55:00,78.372
2013-12-26 07:00:00,73.818
2013-12-26 07:05:00,74.846
2013-12-26 07:10:00,74.978
2013-12-26 07:15:00,73.269
2013-12-26 07:20:00,73.301
2013-12-26 07:25:00,74.188
2013-12-26 07:30:00,76.559
2013-12-26 07:35:00,74.578
2013-12-26 07:40:00,73.737
2013-12-26 07:45:00,74.491
2013-12-26 07:50:00,75.114
2013-12-26 07:55:00,74.942
2013-12-26 08:00:00,74.243
2013-12-26 08:05:00,77.192
2013-12-26 08:10:00,74.169
2013-12-26 08:15:00,74.2
2013-12-26 08:20:00,72.87
2013-12-26 08:25:00,72.299
2013-12-26 08:30:00,71.761
2013-12-26 08:35:00,71.435
2013-12-26 08:40:00,73.468
2013-12-26 08:45:00,72.825
2013-12-26 08:50:00,71.697
2013-12-26 08:55:00,71.855
2013-12-26 09:00:00,73.37
2013-12-26 09:05:00,71.672
2013-12-26 09:10:00,71.783
2013-12-26 09:15:00,71.911
2013-12-26 09:20:00,71.982
2013-12-26 09:25:00,70.299
2013-12-26 09:30:00,68.072
2013-12-26 09:35:00,68.51
2013-12-26 09:40:00,71.097
2013-12-26 09:45:00,69.804
2013-12-26 09:50:00,69.909
2013-12-26 09:55:00,68.082
2013-12-26 10:00:00,69.007
2013-12-26 10:05:00,69.936
2013-12-26 10:10:00,69.666
2013-12-26 10:15:00,68.151
2013-12-26 10:20:00,67.888
2013-12-26 10:25:00,71.415
2013-12-26 10:30:00,68.632
2013-12-26 10:35:00,68.632
2013-12-26 10:40:00,66.986
2013-12-26 10:45:00,67.492
2013-12-26 10:50:00,67.932
2013-12-26 10:55:00,66.722
2013-12-26 11:00:00,68.049
2013-12-26 11:05:00,66.393
2013-12-26 11:10:00,66.729
2013-12-26 11:15:00,66.508
2013-12-26 11:20:00,65.32
2013-12-26 11:25:00,65.265
2013-12-26 11:30:00,67.153
2013-12-26 11:35:00,65.624
2013-12-26 11:40:00,66.492
2013-12-26 11:45:00,66.396
2013-12-26 11:50:00,66.827
2013-12-26 11:55:00,67.264
2013-12-26 12:00:00,65.375
2013-12-26 12:05:00,64.636
2013-12-26 12:10:00,66.12
2013-12-26 12:15:00,66.784
2013-12-26 12:20:00,65.217
2013-12-26 12:25:00,65.427
2013-12-26 12:30:00,65.153
2013-12-26 12:35:00,65.083
2013-12-26 12:40:00,65.915
2013-12-26 12:45:00,64.556
2013-12-26 12:50:00,65.656
2013-12-26 12:55:00,65.323
2013-12-26 13:00:00,67.303
2013-12-26 13:05:00,63.757
2013-12-26 13:10:00,65.906
2013-12-26 13:15:00,65.396
2013-12-26 13:20:00,62.875
2013-12-26 13:25:00,64.934
2013-12-26 13:30:00,64.906
2013-12-26 13:35:00,63.361
2013-12-26 13:40:00,61.062
2013-12-26 13:45:00,64.836
2013-12-26 13:50:00,62.316
2013-12-26 13:55:00,63.599
2013-12-26 14:00:00,61.614
2013-12-26 14:05:00,64.396
2013-12-26 14:10:00,61.426
2013-12-26 14:15:00,62.872
2013-12-26 14:20:00,62.852
2013-12-26 14:25:00,63.476
2013-12-26 14:30:00,61.664
2013-12-26 14:35:00,63.958
2013-12-26 14:40:00,63.954
2013-12-26 14:45:00,62.909
2013-12-26 14:50:00,62.977
2013-12-26 14:55:00,59.993
2013-12-26 15:00:00,65.205
2013-12-26 15:05:00,62.992
2013-12-26 15:10:00,64.03
2013-12-26 15:15:00,63.467
2013-12-26 15:20:00,63.311
2013-12-26 15:25:00,64.071
2013-12-26 15:30:00,62.482
2013-12-26 15:35:00,64.481
2013-12-26 15:40:00,65.16
2013-12-26 15:45:00,63.527
2013-12-26 15:50:00,63.117
2013-12-26 15:55:00,64.502
2013-12-26 16:00:00,63.852
2013-12-26 16:05:00,62.937
2013-12-26 16:10:00,63.012
2013-12-26 16:15:00,63.61
2013-12-26 16:20:00,64.417
2013-12-26 16:25:00,62.944
2013-12-26 16:30:00,64.545
2013-12-26 16:35:00,66.005
2013-12-26 16:40:00,64.418
2013-12-26 16:45:00,63.691
2013-12-26 16:50:00,64.513
2013-12-26 16:55:00,63.366
2013-12-26 17:00:00,62.624
2013-12-26 17:05:00,63.13
2013-12-26 17:10:00,62.475
2013-12-26 17:15:00,65.352
2013-12-26 17:20:00,63.709
2013-12-26 17:25:00,62.149
2013-12-26 17:30:00,65.072
2013-12-26 17:35:00,64.988
2013-12-26 17:40:00,65.014
2013-12-26 17:45:00,63.139
2013-12-26 17:50:00,63.51
2013-12-26 17:55:00,67.071
2013-12-26 18:00:00,64.34
2013-12-26 18:05:00,65.723
2013-12-26 18:10:00,65.438
2013-12-26 18:15:00,63.744
2013-12-26 18:20:00,63.758
2013-12-26 18:25:00,66.243
2013-12-26 18:30:00,65.401
2013-12-26 18:35:00,65.562
2013-12-26 18:40:00,67.28
2013-12-26 18:45:00,64.215
2013-12-26 18:50:00,66.224
2013-12-26 18:55:00,67.839
2013-12-26 19:00:00,67.583
2013-12-26 19:05:00,66.381
2013-12-26 19:10:00,67.418
2013-12-26 19:15:00,67.749
2013-12-26 19:20:00,66.096
2013-12-26 19:25:00,65.522
2013-12-26 19:30:00,68.483
2013-12-26 19:35:00,67.662
2013-12-26 19:40:00,69.934
2013-12-26 19:45:00,67.133
2013-12-26 19:50:00,69.258
2013-12-26 19:55:00,69.217
2013-12-26 20:00:00,68.971
2013-12-26 20:05:00,68.574
2013-12-26 20:10:00,67.567
2013-12-26 20:15:00,68.514
2013-12-26 20:20:00,68.435
2013-12-26 20:25:00,69.22
2013-12-26 20:30:00,68.102
2013-12-26 20:35:00,69.818
2013-12-26 20:40:00,71.829
2013-12-26 20:45:00,68.804
2013-12-26 20:50:00,70.662
2013-12-26 20:55:00,67.924
2013-12-26 21:00:00,70.963
2013-12-26 21:05:00,70.845
2013-12-26 21:10:00,69.606
2013-12-26 21:15:00,71.529
2013-12-26 21:20:00,71.162
2013-12-26 21:25:00,73.375
2013-12-26 21:30:00,71.51
2013-12-26 21:35:00,72.016
2013-12-26 21:40:00,71.535
2013-12-26 21:45:00,70.532
2013-12-26 21:50:00,75.167
2013-12-26 21:55:00,72.431
2013-12-26 22:00:00,72.745
2013-12-26 22:05:00,72.644
2013-12-26 22:10:00,70.947
2013-12-26 22:15:00,71.238
2013-12-26 22:20:00,71.022
2013-12-26 22:25:00,74.779
2013-12-26 22:30:00,73.957
2013-12-26 22:35:00,73.111
2013-12-26 22:40:00,71.954
2013-12-26 22:45:00,72.83
2013-12-26 22:50:00,73.857
2013-12-26 22:55:00,72.654
2013-12-26 23:00:00,75.334
2013-12-26 23:05:00,73.471
2013-12-26 23:10:00,74.247
2013-12-26 23:15:00,74.61
2013-12-26 23:20:00,72.249
2013-12-26 23:25:00,75.988
2013-12-26 23:30:00,75.206
2013-12-26 23:35:00,72.637
2013-12-26 23:40:00,74.963
2013-12-26 23:45:00,75.165
2013-12-26 23:50:00,74.456
2013-12-26 23:55:00,76.245
2013-12-27 00:00:00,77.398
2013-12-27 00:05:00,76.493
2013-12-27 00:10:00,74.505
2013-12-27 00:15:00,75.504
2013-12-27 00:20:00,74.06
2013-12-27 00:25:00,76.788
2013-12-27 00:30:00,75.46
2013-12-27 00:35:00,77.096
2013-12-27 00:40:00,77.832
2013-12-27 00:45:00,78.026
2013-12-27 00:50:00,77.32
2013-12-27 00:55:00,76.86
2013-12-27 01:00:00,75.313
2013-12-27 01:05:00,79.966
2013-12-27 01:10:00,80.086
2013-12-27 01:15:00,77.406
2013-12-27 01:20:00,78.115
2013-12-27 01:25:00,76.293
2013-12-27 01:30:00,77.281
2013-12-27 01:35:00,77.847
2013-12-27 01:40:00,77.174
2013-12-27 01:45:00,80.054
2013-12-27 01:50:00,78.377
2013-12-27 01:55:00,77.314
2013-12-27 02:00:00,77.621
2013-12-27 02:05:00,78.452
2013-12-27 02:10:00,76.294
2013-12-27 02:15:00,78.824
2013-12-27 02:20:00,78.235
2013-12-27 02:25:00,79.394
2013-12-27 02:30:00,78.772
2013-12-27 02:35:00,77.588
2013-12-27 02:40:00,77.591
2013-12-27 02:45:00,80.076
2013-12-27 02:50:00,78.942
2013-12-27 02:55:00,79.154
2013-12-27 03:00:00,79.159
2013-12-27 03:05:00,78.341
2013-12-27 03:10:00,77.135
2013-12-27 03:15:00,80.604
2013-12-27 03:20:00,78.205
2013-12-27 03:25:00,79.971
2013-12-27 03:30:00,78.303
2013-12-27 03:35:00,79.719
2013-12-27 03:40:00,77.328
2013-12-27 03:45:00,76.761
2013-12-27 03:50:00,77.974
2013-12-27 03:55:00,77.696
2013-12-27 04:00:00,79.03
2013-12-27 04:05:00,78.607
2013-12-27 04:10:00,76.293
2013-12-27 04:15:00,77.21
2013-12-27 04:20:00,76.368
2013-12-27 04:25:00,77.091
2013-12-27 04:30:00,77.817
2013-12-27 04:35:00,77.12
2013-12-27 04:40:00,79.197
2013-12-27 04:45:00,78.228
2013-12-27 04:50:00,76.632
2013-12-27 04:55:00,79.118
2013-12-27 05:00:00,78.584
2013-12-27 05:05:00,77.641
2013-12-27 05:10:00,76.881
2013-12-27 05:15:00,79.55
2013-12-27 05:20:00,78.089
2013-12-27 05:25:00,75.743
2013-12-27 05:30:00,77.125
2013-12-27 05:35:00,75.827
2013-12-27 05:40:00,77.793
2013-12-27 05:45:00,75.374
2013-12-27 05:50:00,75.73
2013-12-27 05:55:00,75.636
2013-12-27 06:00:00,76.834
2013-12-27 06:05:00,74.875
2013-12-27 06:10:00,76.018
2013-12-27 06:15:00,73.3
2013-12-27 06:20:00,76.77
2013-12-27 06:25:00,72.393
2013-12-27 06:30:00,75.692
2013-12-27 06:35:00,75.641
2013-12-27 06:40:00,74.601
2013-12-27 06:45:00,76.376
2013-12-27 06:50:00,76.266
2013-12-27 06:55:00,76.051
2013-12-27 07:00:00,75.974
2013-12-27 07:05:00,74.853
2013-12-27 07:10:00,73.85
2013-12-27 07:15:00,74.466
2013-12-27 07:20:00,75.313
2013-12-27 07:25:00,73.768
2013-12-27 07:30:00,70.788
2013-12-27 07:35:00,71.491
2013-12-27 07:40:00,75.503
2013-12-27 07:45:00,72.186
2013-12-27 07:50:00,72.272
2013-12-27 07:55:00,73.969
2013-12-27 08:00:00,73.741
2013-12-27 08:05:00,73.163
2013-12-27 08:10:00,72.493
2013-12-27 08:15:00,69.599
2013-12-27 08:20:00,74.632
2013-12-27 08:25:00,71.339
2013-12-27 08:30:00,72.924
2013-12-27 08:35:00,71.609
2013-12-27 08:40:00,70.618
2013-12-27 08:45:00,70.761
2013-12-27 08:50:00,70.7
2013-12-27 08:55:00,72.703
2013-12-27 09:00:00,68.99
2013-12-27 09:05:00,70.838
2013-12-27 09:10:00,72.348
2013-12-27 09:15:00,69.389
2013-12-27 09:20:00,69.862
2013-12-27 09:25:00,68.229
2013-12-27 09:30:00,71.433
2013-12-27 09:35:00,67.918
2013-12-27 09:40:00,69.873
2013-12-27 09:45:00,66.558
2013-12-27 09:50:00,67.705
2013-12-27 09:55:00,68.828
2013-12-27 10:00:00,67.047
2013-12-27 10:05:00,67.9
2013-12-27 10:10:00,66.422
2013-12-27 10:15:00,67.961
2013-12-27 10:20:00,66.262
2013-12-27 10:25:00,66.234
2013-12-27 10:30:00,67.654
2013-12-27 10:35:00,64.879
2013-12-27 10:40:00,67.752
2013-12-27 10:45:00,65.847
2013-12-27 10:50:00,68.576
2013-12-27 10:55:00,65.864
2013-12-27 11:00:00,65.272
2013-12-27 11:05:00,66.299
2013-12-27 11:10:00,67.206
2013-12-27 11:15:00,62.928
2013-12-27 11:20:00,64.924
2013-12-27 11:25:00,67.049
2013-12-27 11:30:00,64.14
2013-12-27 11:35:00,63.774
2013-12-27 11:40:00,63.18
2013-12-27 11:45:00,64.528
2013-12-27 11:50:00,63.293
2013-12-27 11:55:00,65.197
2013-12-27 12:00:00,62.717
2013-12-27 12:05:00,63.812
2013-12-27 12:10:00,64.019
2013-12-27 12:15:00,63.389
2013-12-27 12:20:00,63.705
2013-12-27 12:25:00,62.709
2013-12-27 12:30:00,62.675
2013-12-27 12:35:00,65.097
2013-12-27 12:40:00,64.015
2013-12-27 12:45:00,63.899
2013-12-27 12:50:00,64.547
2013-12-27 12:55:00,63.658
2013-12-27 13:00:00,62.702
2013-12-27 13:05:00,63.663
2013-12-27 13:10:00,62.574
2013-12-27 13:15:00,64.868
2013-12-27 13:20:00,62.933
2013-12-27 13:25:00,62.649
2013-12-27 13:30:00,64.384
2013-12-27 13:35:00,63.417
2013-12-27 13:40:00,61.505
2013-12-27 13:45:00,62.848
2013-12-27 13:50:00,60.667
2013-12-27 13:55:00,61.838
2013-12-27 14:00:00,62.282
2013-12-27 14:05:00,62.179
2013-12-27 14:10:00,61.755
2013-12-27 14:15:00,60.754
2013-12-27 14:20:00,62.33
2013-12-27 14:25:00,62.472
2013-12-27 14:30:00,60.954
2013-12-27 14:35:00,61.699
2013-12-27 14:40:00,62.282
2013-12-27 14:45:00,62.251
2013-12-27 14:50:00,62.058
2013-12-27 14:55:00,62.179
2013-12-27 15:00:00,62.315
2013-12-27 15:05:00,62.443
2013-12-27 15:10:00,62.111
2013-12-27 15:15:00,60.945
2013-12-27 15:20:00,61.953
2013-12-27 15:25:00,60.75
2013-12-27 15:30:00,60.853
2013-12-27 15:35:00,61.972
2013-12-27 15:40:00,61.643
2013-12-27 15:45:00,60.775
2013-12-27 15:50:00,62.278
2013-12-27 15:55:00,60.721
2013-12-27 16:00:00,62.207
2013-12-27 16:05:00,60.088
2013-12-27 16:10:00,63.304
2013-12-27 16:15:00,62.34
2013-12-27 16:20:00,62.352
2013-12-27 16:25:00,61.862
2013-12-27 16:30:00,60.295
2013-12-27 16:35:00,59.938
2013-12-27 16:40:00,62.085
2013-12-27 16:45:00,61.61
2013-12-27 16:50:00,62.51
2013-12-27 16:55:00,63.43
2013-12-27 17:00:00,62.752
2013-12-27 17:05:00,61.174
2013-12-27 17:10:00,63.164
2013-12-27 17:15:00,61.75
2013-12-27 17:20:00,63.046
2013-12-27 17:25:00,63.369
2013-12-27 17:30:00,62.118
2013-12-27 17:35:00,64.586
2013-12-27 17:40:00,62.52
2013-12-27 17:45:00,63.063
2013-12-27 17:50:00,64.656
2013-12-27 17:55:00,63.459
2013-12-27 18:00:00,62.344
2013-12-27 18:05:00,63.034
2013-12-27 18:10:00,63.844
2013-12-27 18:15:00,63.15
2013-12-27 18:20:00,63.192
2013-12-27 18:25:00,65.06
2013-12-27 18:30:00,63.815
2013-12-27 18:35:00,66.259
2013-12-27 18:40:00,64.11
2013-12-27 18:45:00,63.209
2013-12-27 18:50:00,64.274
2013-12-27 18:55:00,65.821
2013-12-27 19:00:00,64.148
2013-12-27 19:05:00,66.324
2013-12-27 19:10:00,65.133
2013-12-27 19:15:00,65.744
2013-12-27 19:20:00,64.545
2013-12-27 19:25:00,65.603
2013-12-27 19:30:00,65.707
2013-12-27 19:35:00,67.124
2013-12-27 19:40:00,65.46
2013-12-27 19:45:00,64.298
2013-12-27 19:50:00,65.005
2013-12-27 19:55:00,65.672
2013-12-27 20:00:00,67.409
2013-12-27 20:05:00,65.733
2013-12-27 20:10:00,65.792
2013-12-27 20:15:00,66.764
2013-12-27 20:20:00,67.269
2013-12-27 20:25:00,67.352
2013-12-27 20:30:00,66.082
2013-12-27 20:35:00,67.412
2013-12-27 20:40:00,69.098
2013-12-27 20:45:00,68.593
2013-12-27 20:50:00,68.749
2013-12-27 20:55:00,67.546
2013-12-27 21:00:00,68.288
2013-12-27 21:05:00,67.295
2013-12-27 21:10:00,69.646
2013-12-27 21:15:00,70.145
2013-12-27 21:20:00,69.023
2013-12-27 21:25:00,69.015
2013-12-27 21:30:00,68.638
2013-12-27 21:35:00,69.664
2013-12-27 21:40:00,71.976
2013-12-27 21:45:00,69.281
2013-12-27 21:50:00,70.574
2013-12-27 21:55:00,71.568
2013-12-27 22:00:00,70.526
2013-12-27 22:05:00,69.236
2013-12-27 22:10:00,71.378
2013-12-27 22:15:00,72.968
2013-12-27 22:20:00,71.482
2013-12-27 22:25:00,71.414
2013-12-27 22:30:00,71.559
2013-12-27 22:35:00,69.224
2013-12-27 22:40:00,72.317
2013-12-27 22:45:00,71.516
2013-12-27 22:50:00,71.153
2013-12-27 22:55:00,73.883
2013-12-27 23:00:00,71.411
2013-12-27 23:05:00,72.822
2013-12-27 23:10:00,71.366
2013-12-27 23:15:00,73.403
2013-12-27 23:20:00,71.456
2013-12-27 23:25:00,73.554
2013-12-27 23:30:00,73.569
2013-12-27 23:35:00,74.45
2013-12-27 23:40:00,72.146
2013-12-27 23:45:00,73.312
2013-12-27 23:50:00,72.981
2013-12-27 23:55:00,74.964
2013-12-28 00:00:00,72.15
2013-12-28 00:05:00,73.881
2013-12-28 00:10:00,75.057
2013-12-28 00:15:00,74.802
2013-12-28 00:20:00,72.867
2013-12-28 00:25:00,76.159
2013-12-28 00:30:00,75.006
2013-12-28 00:35:00,76.242
2013-12-28 00:40:00,74.641
2013-12-28 00:45:00,75.294
2013-12-28 00:50:00,75.587
2013-12-28 00:55:00,74.921
2013-12-28 01:00:00,78.195
2013-12-28 01:05:00,75.304
2013-12-28 01:10:00,76.124
2013-12-28 01:15:00,75.03
2013-12-28 01:20:00,75.215
2013-12-28 01:25:00,75.783
2013-12-28 01:30:00,75.174
2013-12-28 01:35:00,74.965
2013-12-28 01:40:00,76.215
2013-12-28 01:45:00,75.734
2013-12-28 01:50:00,78.846
2013-12-28 01:55:00,76.131
2013-12-28 02:00:00,75.611
2013-12-28 02:05:00,77.192
2013-12-28 02:10:00,78.598
2013-12-28 02:15:00,74.615
2013-12-28 02:20:00,78.05
2013-12-28 02:25:00,75.342
2013-12-28 02:30:00,76.054
2013-12-28 02:35:00,75.001
2013-12-28 02:40:00,76.131
2013-12-28 02:45:00,75.049
2013-12-28 02:50:00,76.001
2013-12-28 02:55:00,76.337
2013-12-28 03:00:00,76.575
2013-12-28 03:05:00,77.06
2013-12-28 03:10:00,77.073
2013-12-28 03:15:00,76.659
2013-12-28 03:20:00,78.302
2013-12-28 03:25:00,76.937
2013-12-28 03:30:00,78.168
2013-12-28 03:35:00,76.861
2013-12-28 03:40:00,75.914
2013-12-28 03:45:00,75.026
2013-12-28 03:50:00,73.275
2013-12-28 03:55:00,76.074
2013-12-28 04:00:00,75.169
2013-12-28 04:05:00,76.487
2013-12-28 04:10:00,78.009
2013-12-28 04:15:00,73.712
2013-12-28 04:20:00,77.179
2013-12-28 04:25:00,74.498
2013-12-28 04:30:00,74.032
2013-12-28 04:35:00,78.881
2013-12-28 04:40:00,77.036
2013-12-28 04:45:00,72.49
2013-12-28 04:50:00,77.595
2013-12-28 04:55:00,75.636
2013-12-28 05:00:00,77.62
2013-12-28 05:05:00,74.633
2013-12-28 05:10:00,75.895
2013-12-28 05:15:00,75.709
2013-12-28 05:20:00,72.989
2013-12-28 05:25:00,75.532
2013-12-28 05:30:00,76.234
2013-12-28 05:35:00,74.027
2013-12-28 05:40:00,75.699
2013-12-28 05:45:00,75.748
2013-12-28 05:50:00,74.873
2013-12-28 05:55:00,76.093
2013-12-28 06:00:00,75.382
2013-12-28 06:05:00,76.43
2013-12-28 06:10:00,74.681
2013-12-28 06:15:00,75.491
2013-12-28 06:20:00,73.941
2013-12-28 06:25:00,74.794
2013-12-28 06:30:00,74.258
2013-12-28 06:35:00,74.241
2013-12-28 06:40:00,74.461
2013-12-28 06:45:00,73.049
2013-12-28 06:50:00,72.901
2013-12-28 06:55:00,70.977
2013-12-28 07:00:00,73.265
2013-12-28 07:05:00,71.434
2013-12-28 07:10:00,71.764
2013-12-28 07:15:00,72.074
2013-12-28 07:20:00,73.164
2013-12-28 07:25:00,72.909
2013-12-28 07:30:00,72.615
2013-12-28 07:35:00,71.681
2013-12-28 07:40:00,72.073
2013-12-28 07:45:00,70.5
2013-12-28 07:50:00,73.25
2013-12-28 07:55:00,73.182
2013-12-28 08:00:00,70.347
2013-12-28 08:05:00,69.407
2013-12-28 08:10:00,69.335
2013-12-28 08:15:00,69.441
2013-12-28 08:20:00,69.263
2013-12-28 08:25:00,70.572
2013-12-28 08:30:00,70.25
2013-12-28 08:35:00,70.875
2013-12-28 08:40:00,69.897
2013-12-28 08:45:00,69.758
2013-12-28 08:50:00,68.967
2013-12-28 08:55:00,71.022
2013-12-28 09:00:00,70.904
2013-12-28 09:05:00,67.844
2013-12-28 09:10:00,68.978
2013-12-28 09:15:00,68.126
2013-12-28 09:20:00,67.943
2013-12-28 09:25:00,67.404
2013-12-28 09:30:00,66.522
2013-12-28 09:35:00,67.396
2013-12-28 09:40:00,68.676
2013-12-28 09:45:00,69.02
2013-12-28 09:50:00,68.327
2013-12-28 09:55:00,67.189
2013-12-28 10:00:00,68.456
2013-12-28 10:05:00,66.573
2013-12-28 10:10:00,66.345
2013-12-28 10:15:00,64.727
2013-12-28 10:20:00,67.572
2013-12-28 10:25:00,67.193
2013-12-28 10:30:00,64.666
2013-12-28 10:35:00,64.131
2013-12-28 10:40:00,67.863
2013-12-28 10:45:00,65.579
2013-12-28 10:50:00,63.851
2013-12-28 10:55:00,64.611
2013-12-28 11:00:00,65.512
2013-12-28 11:05:00,65.95
2013-12-28 11:10:00,65.474
2013-12-28 11:15:00,66.278
2013-12-28 11:20:00,65.066
2013-12-28 11:25:00,64.585
2013-12-28 11:30:00,65.361
2013-12-28 11:35:00,63.145
2013-12-28 11:40:00,62.898
2013-12-28 11:45:00,61.762
2013-12-28 11:50:00,64.234
2013-12-28 11:55:00,62.336
2013-12-28 12:00:00,63.347
2013-12-28 12:05:00,63.032
2013-12-28 12:10:00,62.372
2013-12-28 12:15:00,62.165
2013-12-28 12:20:00,63.713
2013-12-28 12:25:00,64.349
2013-12-28 12:30:00,61.779
2013-12-28 12:35:00,61.229
2013-12-28 12:40:00,64.366
2013-12-28 12:45:00,62.048
2013-12-28 12:50:00,61.163
2013-12-28 12:55:00,61.331
2013-12-28 13:00:00,62.651
2013-12-28 13:05:00,61.423
2013-12-28 13:10:00,61.544
2013-12-28 13:15:00,59.793
2013-12-28 13:20:00,60.317
2013-12-28 13:25:00,62.502
2013-12-28 13:30:00,61.587
2013-12-28 13:35:00,62.216
2013-12-28 13:40:00,58.888
2013-12-28 13:45:00,60.16
2013-12-28 13:50:00,61.163
2013-12-28 13:55:00,61.531
2013-12-28 14:00:00,63.163
2013-12-28 14:05:00,60.849
2013-12-28 14:10:00,59.484
2013-12-28 14:15:00,59.592
2013-12-28 14:20:00,58.85
2013-12-28 14:25:00,62.029
2013-12-28 14:30:00,60.193
2013-12-28 14:35:00,59.572
2013-12-28 14:40:00,61.687
2013-12-28 14:45:00,61.899
2013-12-28 14:50:00,59.877
2013-12-28 14:55:00,59.617
2013-12-28 15:00:00,60.573
2013-12-28 15:05:00,58.18
2013-12-28 15:10:00,60.802
2013-12-28 15:15:00,61.013
2013-12-28 15:20:00,60.419
2013-12-28 15:25:00,61.053
2013-12-28 15:30:00,60.227
2013-12-28 15:35:00,60.425
2013-12-28 15:40:00,61.898
2013-12-28 15:45:00,60.385
2013-12-28 15:50:00,62.223
2013-12-28 15:55:00,61.328
2013-12-28 16:00:00,60.012
2013-12-28 16:05:00,60.311
2013-12-28 16:10:00,59.587
2013-12-28 16:15:00,61.9
2013-12-28 16:20:00,63.815
2013-12-28 16:25:00,60.226
2013-12-28 16:30:00,60.941
2013-12-28 16:35:00,61.223
2013-12-28 16:40:00,60.81
2013-12-28 16:45:00,60.562
2013-12-28 16:50:00,61.591
2013-12-28 16:55:00,59.142
2013-12-28 17:00:00,59.922
2013-12-28 17:05:00,61.33
2013-12-28 17:10:00,61.207
2013-12-28 17:15:00,61.449
2013-12-28 17:20:00,61.999
2013-12-28 17:25:00,62.824
2013-12-28 17:30:00,60.219
2013-12-28 17:35:00,60.76
2013-12-28 17:40:00,62.965
2013-12-28 17:45:00,61.887
2013-12-28 17:50:00,62.109
2013-12-28 17:55:00,63.446
2013-12-28 18:00:00,59.903
2013-12-28 18:05:00,64.008
2013-12-28 18:10:00,62.573
2013-12-28 18:15:00,60.926
2013-12-28 18:20:00,64.034
2013-12-28 18:25:00,64.861
2013-12-28 18:30:00,64.639
2013-12-28 18:35:00,62.66
2013-12-28 18:40:00,63.931
2013-12-28 18:45:00,63.875
2013-12-28 18:50:00,61.725
2013-12-28 18:55:00,66.583
2013-12-28 19:00:00,62.458
2013-12-28 19:05:00,66.273
2013-12-28 19:10:00,63.905
2013-12-28 19:15:00,64.407
2013-12-28 19:20:00,63.934
2013-12-28 19:25:00,66.069
2013-12-28 19:30:00,66.693
2013-12-28 19:35:00,64.919
2013-12-28 19:40:00,64.106
2013-12-28 19:45:00,64.179
2013-12-28 19:50:00,65.982
2013-12-28 19:55:00,62.667
2013-12-28 20:00:00,63.572
2013-12-28 20:05:00,65.678
2013-12-28 20:10:00,66.2
2013-12-28 20:15:00,65.418
2013-12-28 20:20:00,65.647
2013-12-28 20:25:00,64.267
2013-12-28 20:30:00,66.034
2013-12-28 20:35:00,66.486
2013-12-28 20:40:00,67.194
2013-12-28 20:45:00,67.704
2013-12-28 20:50:00,64.849
2013-12-28 20:55:00,69.236
2013-12-28 21:00:00,64.997
2013-12-28 21:05:00,68.324
2013-12-28 21:10:00,67.336
2013-12-28 21:15:00,69.23
2013-12-28 21:20:00,68.886
2013-12-28 21:25:00,68.169
2013-12-28 21:30:00,68.193
2013-12-28 21:35:00,66.743
2013-12-28 21:40:00,68.806
2013-12-28 21:45:00,68.209
2013-12-28 21:50:00,68.126
2013-12-28 21:55:00,68.088
2013-12-28 22:00:00,69.611
2013-12-28 22:05:00,69.262
2013-12-28 22:10:00,70.982
2013-12-28 22:15:00,69.455
2013-12-28 22:20:00,68.484
2013-12-28 22:25:00,69.49
2013-12-28 22:30:00,70.634
2013-12-28 22:35:00,68.569
2013-12-28 22:40:00,72.506
2013-12-28 22:45:00,70.807
2013-12-28 22:50:00,71.084
2013-12-28 22:55:00,71.561
2013-12-28 23:00:00,72.357
2013-12-28 23:05:00,72.505
2013-12-28 23:10:00,70.958
2013-12-28 23:15:00,71.156
2013-12-28 23:20:00,74.532
2013-12-28 23:25:00,69.787
2013-12-28 23:30:00,71.246
2013-12-28 23:35:00,71.54
2013-12-28 23:40:00,73.828
2013-12-28 23:45:00,73.221
2013-12-28 23:50:00,73.399
2013-12-28 23:55:00,72.108
2013-12-29 00:00:00,73.671
2013-12-29 00:05:00,72.259
2013-12-29 00:10:00,72.869
2013-12-29 00:15:00,72.754
2013-12-29 00:20:00,72.919
2013-12-29 00:25:00,72.704
2013-12-29 00:30:00,74.274
2013-12-29 00:35:00,74.49
2013-12-29 00:40:00,73.261
2013-12-29 00:45:00,73.798
2013-12-29 00:50:00,74.968
2013-12-29 00:55:00,74.737
2013-12-29 01:00:00,76.378
2013-12-29 01:05:00,74.439
2013-12-29 01:10:00,75.231
2013-12-29 01:15:00,75.725
2013-12-29 01:20:00,73.817
2013-12-29 01:25:00,73.795
2013-12-29 01:30:00,73.526
2013-12-29 01:35:00,75.744
2013-12-29 01:40:00,75.083
2013-12-29 01:45:00,75.696
2013-12-29 01:50:00,75.604
2013-12-29 01:55:00,75.764
2013-12-29 02:00:00,76.333
2013-12-29 02:05:00,75.145
2013-12-29 02:10:00,76.577
2013-12-29 02:15:00,76.458
2013-12-29 02:20:00,74.104
2013-12-29 02:25:00,75.524
2013-12-29 02:30:00,77.702
2013-12-29 02:35:00,80.186
2013-12-29 02:40:00,75.853
2013-12-29 02:45:00,75.961
2013-12-29 02:50:00,73.984
2013-12-29 02:55:00,76.104
2013-12-29 03:00:00,75.901
2013-12-29 03:05:00,75.31
2013-12-29 03:10:00,78.122
2013-12-29 03:15:00,76.252
2013-12-29 03:20:00,74.804
2013-12-29 03:25:00,74.681
2013-12-29 03:30:00,76.865
2013-12-29 03:35:00,75.21
2013-12-29 03:40:00,74.83
2013-12-29 03:45:00,73.908
2013-12-29 03:50:00,75.746
2013-12-29 03:55:00,76.594
2013-12-29 04:00:00,76.821
2013-12-29 04:05:00,76.1
2013-12-29 04:10:00,77.747
2013-12-29 04:15:00,74.302
2013-12-29 04:20:00,75.913
2013-12-29 04:25:00,76.084
2013-12-29 04:30:00,73.609
2013-12-29 04:35:00,75.291
2013-12-29 04:40:00,74.144
2013-12-29 04:45:00,75.665
2013-12-29 04:50:00,74.322
2013-12-29 04:55:00,76.038
2013-12-29 05:00:00,77.082
2013-12-29 05:05:00,74.836
2013-12-29 05:10:00,74.24
2013-12-29 05:15:00,73.475
2013-12-29 05:20:00,75.32
2013-12-29 05:25:00,73.642
2013-12-29 05:30:00,75.775
2013-12-29 05:35:00,76.551
2013-12-29 05:40:00,76.535
2013-12-29 05:45:00,76.54
2013-12-29 05:50:00,74.381
2013-12-29 05:55:00,74.691
2013-12-29 06:00:00,73.082
2013-12-29 06:05:00,72.314
2013-12-29 06:10:00,74.679
2013-12-29 06:15:00,71.958
2013-12-29 06:20:00,74.734
2013-12-29 06:25:00,72.382
2013-12-29 06:30:00,73.04
2013-12-29 06:35:00,75.241
2013-12-29 06:40:00,73.33
2013-12-29 06:45:00,73.499
2013-12-29 06:50:00,72.423
2013-12-29 06:55:00,73.635
2013-12-29 07:00:00,72.149
2013-12-29 07:05:00,71.201
2013-12-29 07:10:00,70.984
2013-12-29 07:15:00,70.145
2013-12-29 07:20:00,70.36
2013-12-29 07:25:00,72.523
2013-12-29 07:30:00,71.463
2013-12-29 07:35:00,70.26
2013-12-29 07:40:00,72.191
2013-12-29 07:45:00,71.307
2013-12-29 07:50:00,71.462
2013-12-29 07:55:00,69.575
2013-12-29 08:00:00,70.047
2013-12-29 08:05:00,70.857
2013-12-29 08:10:00,69.946
2013-12-29 08:15:00,71.313
2013-12-29 08:20:00,70.866
2013-12-29 08:25:00,71.566
2013-12-29 08:30:00,69.966
2013-12-29 08:35:00,68.659
2013-12-29 08:40:00,69.313
2013-12-29 08:45:00,71.879
2013-12-29 08:50:00,70.217
2013-12-29 08:55:00,68.558
2013-12-29 09:00:00,69.424
2013-12-29 09:05:00,68.15
2013-12-29 09:10:00,67.838
2013-12-29 09:15:00,69.408
2013-12-29 09:20:00,68.389
2013-12-29 09:25:00,68.826
2013-12-29 09:30:00,69.628
2013-12-29 09:35:00,66.764
2013-12-29 09:40:00,67.559
2013-12-29 09:45:00,68.157
2013-12-29 09:50:00,67.797
2013-12-29 09:55:00,66.224
2013-12-29 10:00:00,66.564
2013-12-29 10:05:00,68.643
2013-12-29 10:10:00,65.496
2013-12-29 10:15:00,66.555
2013-12-29 10:20:00,66.425
2013-12-29 10:25:00,63.947
2013-12-29 10:30:00,66.281
2013-12-29 10:35:00,63.726
2013-12-29 10:40:00,65.435
2013-12-29 10:45:00,66.498
2013-12-29 10:50:00,64.262
2013-12-29 10:55:00,62.877
2013-12-29 11:00:00,64.517
2013-12-29 11:05:00,64.368
2013-12-29 11:10:00,64.384
2013-12-29 11:15:00,64.361
2013-12-29 11:20:00,64.281
2013-12-29 11:25:00,62.038
2013-12-29 11:30:00,64.939
2013-12-29 11:35:00,60.907
2013-12-29 11:40:00,62.942
2013-12-29 11:45:00,64.197
2013-12-29 11:50:00,62.178
2013-12-29 11:55:00,61.22
2013-12-29 12:00:00,61.928
2013-12-29 12:05:00,62.119
2013-12-29 12:10:00,64.984
2013-12-29 12:15:00,60.662
2013-12-29 12:20:00,62.84
2013-12-29 12:25:00,61.978
2013-12-29 12:30:00,61.125
2013-12-29 12:35:00,60.334
2013-12-29 12:40:00,60.458
2013-12-29 12:45:00,62.19
2013-12-29 12:50:00,62.485
2013-12-29 12:55:00,63.154
2013-12-29 13:00:00,60.333
2013-12-29 13:05:00,58.84
2013-12-29 13:10:00,61.988
2013-12-29 13:15:00,61.842
2013-12-29 13:20:00,62.549
2013-12-29 13:25:00,58.774
2013-12-29 13:30:00,62.766
2013-12-29 13:35:00,61.054
2013-12-29 13:40:00,63.249
2013-12-29 13:45:00,60.51
2013-12-29 13:50:00,62.368
2013-12-29 13:55:00,59.944
2013-12-29 14:00:00,63.165
2013-12-29 14:05:00,59.916
2013-12-29 14:10:00,58.664
2013-12-29 14:15:00,60.725
2013-12-29 14:20:00,61.769
2013-12-29 14:25:00,61.882
2013-12-29 14:30:00,60.255
2013-12-29 14:35:00,60.777
2013-12-29 14:40:00,60.259
2013-12-29 14:45:00,61.866
2013-12-29 14:50:00,61.489
2013-12-29 14:55:00,59.614
2013-12-29 15:00:00,61.374
2013-12-29 15:05:00,60.176
2013-12-29 15:10:00,61.622
2013-12-29 15:15:00,59.743
2013-12-29 15:20:00,60.313
2013-12-29 15:25:00,59.528
2013-12-29 15:30:00,58.346
2013-12-29 15:35:00,58.782
2013-12-29 15:40:00,61.609
2013-12-29 15:45:00,61.027
2013-12-29 15:50:00,59.361
2013-12-29 15:55:00,60.933
2013-12-29 16:00:00,60.417
2013-12-29 16:05:00,61.342
2013-12-29 16:10:00,59.927
2013-12-29 16:15:00,60.493
2013-12-29 16:20:00,59.172
2013-12-29 16:25:00,61.984
2013-12-29 16:30:00,61.294
2013-12-29 16:35:00,60.868
2013-12-29 16:40:00,63.725
2013-12-29 16:45:00,62.273
2013-12-29 16:50:00,62.646
2013-12-29 16:55:00,61.404
2013-12-29 17:00:00,60.468
2013-12-29 17:05:00,61.714
2013-12-29 17:10:00,61.314
2013-12-29 17:15:00,60.933
2013-12-29 17:20:00,62.859
2013-12-29 17:25:00,61.154
2013-12-29 17:30:00,61.931
2013-12-29 17:35:00,61.881
2013-12-29 17:40:00,60.034
2013-12-29 17:45:00,62.584
2013-12-29 17:50:00,62.98
2013-12-29 17:55:00,62.231
2013-12-29 18:00:00,62.593
2013-12-29 18:05:00,62.022
2013-12-29 18:10:00,61.778
2013-12-29 18:15:00,61.9
2013-12-29 18:20:00,60.621
2013-12-29 18:25:00,63.556
2013-12-29 18:30:00,61.451
2013-12-29 18:35:00,62.642
2013-12-29 18:40:00,60.814
2013-12-29 18:45:00,62.66
2013-12-29 18:50:00,64.253
2013-12-29 18:55:00,63.855
2013-12-29 19:00:00,63.93
2013-12-29 19:05:00,64.33
2013-12-29 19:10:00,62.166
2013-12-29 19:15:00,65.396
2013-12-29 19:20:00,64.0
2013-12-29 19:25:00,64.698
2013-12-29 19:30:00,65.344
2013-12-29 19:35:00,61.795
2013-12-29 19:40:00,66.851
2013-12-29 19:45:00,64.899
2013-12-29 19:50:00,66.142
2013-12-29 19:55:00,65.227
2013-12-29 20:00:00,65.069
2013-12-29 20:05:00,67.561
2013-12-29 20:10:00,64.704
2013-12-29 20:15:00,66.673
2013-12-29 20:20:00,65.856
2013-12-29 20:25:00,67.286
2013-12-29 20:30:00,67.92
2013-12-29 20:35:00,67.849
2013-12-29 20:40:00,67.861
2013-12-29 20:45:00,66.649
2013-12-29 20:50:00,67.25
2013-12-29 20:55:00,68.123
2013-12-29 21:00:00,69.346
2013-12-29 21:05:00,68.644
2013-12-29 21:10:00,68.03
2013-12-29 21:15:00,68.691
2013-12-29 21:20:00,69.713
2013-12-29 21:25:00,69.355
2013-12-29 21:30:00,70.051
2013-12-29 21:35:00,68.668
2013-12-29 21:40:00,70.417
2013-12-29 21:45:00,69.075
2013-12-29 21:50:00,69.794
2013-12-29 21:55:00,70.548
2013-12-29 22:00:00,68.437
2013-12-29 22:05:00,69.903
2013-12-29 22:10:00,70.71
2013-12-29 22:15:00,70.754
2013-12-29 22:20:00,71.724
2013-12-29 22:25:00,68.11
2013-12-29 22:30:00,69.073
2013-12-29 22:35:00,72.43
2013-12-29 22:40:00,72.292
2013-12-29 22:45:00,73.905
2013-12-29 22:50:00,71.596
2013-12-29 22:55:00,73.335
2013-12-29 23:00:00,74.731
2013-12-29 23:05:00,69.477
2013-12-29 23:10:00,70.388
2013-12-29 23:15:00,71.936
2013-12-29 23:20:00,70.984
2013-12-29 23:25:00,74.659
2013-12-29 23:30:00,72.672
2013-12-29 23:35:00,72.299
2013-12-29 23:40:00,74.769
2013-12-29 23:45:00,74.213
2013-12-29 23:50:00,72.872
2013-12-29 23:55:00,74.531
2013-12-30 00:00:00,72.742
2013-12-30 00:05:00,73.144
2013-12-30 00:10:00,75.528
2013-12-30 00:15:00,73.229
2013-12-30 00:20:00,73.769
2013-12-30 00:25:00,73.939
2013-12-30 00:30:00,73.939
2013-12-30 00:35:00,71.677
2013-12-30 00:40:00,72.976
2013-12-30 00:45:00,75.14
2013-12-30 00:50:00,76.72
2013-12-30 00:55:00,75.997
2013-12-30 01:00:00,74.655
2013-12-30 01:05:00,75.224
2013-12-30 01:10:00,73.461
2013-12-30 01:15:00,75.26
2013-12-30 01:20:00,75.37
2013-12-30 01:25:00,75.035
2013-12-30 01:30:00,76.542
2013-12-30 01:35:00,76.379
2013-12-30 01:40:00,76.647
2013-12-30 01:45:00,78.702
2013-12-30 01:50:00,76.77
2013-12-30 01:55:00,73.829
2013-12-30 02:00:00,74.582
2013-12-30 02:05:00,76.243
2013-12-30 02:10:00,75.302
2013-12-30 02:15:00,76.12
2013-12-30 02:20:00,78.168
2013-12-30 02:25:00,76.611
2013-12-30 02:30:00,75.103
2013-12-30 02:35:00,78.31
2013-12-30 02:40:00,76.382
2013-12-30 02:45:00,76.593
2013-12-30 02:50:00,76.936
2013-12-30 02:55:00,77.319
2013-12-30 03:00:00,75.838
2013-12-30 03:05:00,76.808
2013-12-30 03:10:00,78.238
2013-12-30 03:15:00,78.231
2013-12-30 03:20:00,75.774
2013-12-30 03:25:00,76.774
2013-12-30 03:30:00,78.58
2013-12-30 03:35:00,76.429
2013-12-30 03:40:00,75.118
2013-12-30 03:45:00,75.937
2013-12-30 03:50:00,77.411
2013-12-30 03:55:00,76.547
2013-12-30 04:00:00,76.69
2013-12-30 04:05:00,76.925
2013-12-30 04:10:00,76.245
2013-12-30 04:15:00,77.142
2013-12-30 04:20:00,78.09
2013-12-30 04:25:00,76.963
2013-12-30 04:30:00,77.033
2013-12-30 04:35:00,77.698
2013-12-30 04:40:00,77.17
2013-12-30 04:45:00,77.592
2013-12-30 04:50:00,73.744
2013-12-30 04:55:00,76.145
2013-12-30 05:00:00,76.515
2013-12-30 05:05:00,75.797
2013-12-30 05:10:00,74.858
2013-12-30 05:15:00,75.642
2013-12-30 05:20:00,74.833
2013-12-30 05:25:00,76.036
2013-12-30 05:30:00,76.353
2013-12-30 05:35:00,75.159
2013-12-30 05:40:00,76.627
2013-12-30 05:45:00,74.622
2013-12-30 05:50:00,74.429
2013-12-30 05:55:00,75.139
2013-12-30 06:00:00,74.454
2013-12-30 06:05:00,76.015
2013-12-30 06:10:00,74.502
2013-12-30 06:15:00,75.233
2013-12-30 06:20:00,75.599
2013-12-30 06:25:00,72.397
2013-12-30 06:30:00,74.162
2013-12-30 06:35:00,74.243
2013-12-30 06:40:00,71.754
2013-12-30 06:45:00,73.903
2013-12-30 06:50:00,73.472
2013-12-30 06:55:00,71.837
2013-12-30 07:00:00,75.025
2013-12-30 07:05:00,73.438
2013-12-30 07:10:00,70.442
2013-12-30 07:15:00,72.429
2013-12-30 07:20:00,72.464
2013-12-30 07:25:00,72.569
2013-12-30 07:30:00,71.639
2013-12-30 07:35:00,71.118
2013-12-30 07:40:00,72.548
2013-12-30 07:45:00,70.935
2013-12-30 07:50:00,73.095
2013-12-30 07:55:00,72.365
2013-12-30 08:00:00,71.905
2013-12-30 08:05:00,70.777
2013-12-30 08:10:00,71.432
2013-12-30 08:15:00,71.207
2013-12-30 08:20:00,71.152
2013-12-30 08:25:00,68.879
2013-12-30 08:30:00,70.634
2013-12-30 08:35:00,67.745
2013-12-30 08:40:00,70.457
2013-12-30 08:45:00,73.107
2013-12-30 08:50:00,68.808
2013-12-30 08:55:00,68.835
2013-12-30 09:00:00,70.634
2013-12-30 09:05:00,68.459
2013-12-30 09:10:00,68.063
2013-12-30 09:15:00,68.848
2013-12-30 09:20:00,69.146
2013-12-30 09:25:00,69.837
2013-12-30 09:30:00,68.066
2013-12-30 09:35:00,67.735
2013-12-30 09:40:00,67.974
2013-12-30 09:45:00,67.273
2013-12-30 09:50:00,68.314
2013-12-30 09:55:00,69.43
2013-12-30 10:00:00,66.625
2013-12-30 10:05:00,66.07
2013-12-30 10:10:00,67.209
2013-12-30 10:15:00,66.431
2013-12-30 10:20:00,65.251
2013-12-30 10:25:00,65.207
2013-12-30 10:30:00,64.418
2013-12-30 10:35:00,66.407
2013-12-30 10:40:00,65.439
2013-12-30 10:45:00,68.32
2013-12-30 10:50:00,66.491
2013-12-30 10:55:00,64.639
2013-12-30 11:00:00,64.392
2013-12-30 11:05:00,65.004
2013-12-30 11:10:00,63.781
2013-12-30 11:15:00,65.175
2013-12-30 11:20:00,66.445
2013-12-30 11:25:00,64.597
2013-12-30 11:30:00,64.008
2013-12-30 11:35:00,62.337
2013-12-30 11:40:00,62.799
2013-12-30 11:45:00,64.537
2013-12-30 11:50:00,64.144
2013-12-30 11:55:00,64.4
2013-12-30 12:00:00,62.336
2013-12-30 12:05:00,64.97
2013-12-30 12:10:00,63.199
2013-12-30 12:15:00,61.471
2013-12-30 12:20:00,62.237
2013-12-30 12:25:00,62.682
2013-12-30 12:30:00,63.252
2013-12-30 12:35:00,61.236
2013-12-30 12:40:00,64.181
2013-12-30 12:45:00,63.01
2013-12-30 12:50:00,63.947
2013-12-30 12:55:00,64.556
2013-12-30 13:00:00,62.386
2013-12-30 13:05:00,61.889
2013-12-30 13:10:00,63.257
2013-12-30 13:15:00,60.397
2013-12-30 13:20:00,63.696
2013-12-30 13:25:00,62.254
2013-12-30 13:30:00,61.741
2013-12-30 13:35:00,60.821
2013-12-30 13:40:00,60.549
2013-12-30 13:45:00,61.683
2013-12-30 13:50:00,62.548
2013-12-30 13:55:00,61.919
2013-12-30 14:00:00,59.121
2013-12-30 14:05:00,61.015
2013-12-30 14:10:00,62.412
2013-12-30 14:15:00,63.957
2013-12-30 14:20:00,61.538
2013-12-30 14:25:00,62.141
2013-12-30 14:30:00,61.659
2013-12-30 14:35:00,61.143
2013-12-30 14:40:00,60.224
2013-12-30 14:45:00,60.486
2013-12-30 14:50:00,59.962
2013-12-30 14:55:00,62.117
2013-12-30 15:00:00,62.575
2013-12-30 15:05:00,61.323
2013-12-30 15:10:00,60.787
2013-12-30 15:15:00,62.766
2013-12-30 15:20:00,64.223
2013-12-30 15:25:00,59.477
2013-12-30 15:30:00,62.262
2013-12-30 15:35:00,61.774
2013-12-30 15:40:00,62.018
2013-12-30 15:45:00,62.491
2013-12-30 15:50:00,63.537
2013-12-30 15:55:00,61.573
2013-12-30 16:00:00,64.347
2013-12-30 16:05:00,60.39
2013-12-30 16:10:00,62.765
2013-12-30 16:15:00,60.186
2013-12-30 16:20:00,60.251
2013-12-30 16:25:00,62.513
2013-12-30 16:30:00,62.935
2013-12-30 16:35:00,61.44
2013-12-30 16:40:00,62.874
2013-12-30 16:45:00,61.402
2013-12-30 16:50:00,63.682
2013-12-30 16:55:00,60.65
2013-12-30 17:00:00,62.757
2013-12-30 17:05:00,62.937
2013-12-30 17:10:00,62.934
2013-12-30 17:15:00,62.775
2013-12-30 17:20:00,62.724
2013-12-30 17:25:00,59.877
2013-12-30 17:30:00,61.308
2013-12-30 17:35:00,64.37
2013-12-30 17:40:00,64.115
2013-12-30 17:45:00,65.022
2013-12-30 17:50:00,63.58
2013-12-30 17:55:00,65.647
2013-12-30 18:00:00,63.576
2013-12-30 18:05:00,65.102
2013-12-30 18:10:00,63.429
2013-12-30 18:15:00,63.458
2013-12-30 18:20:00,65.336
2013-12-30 18:25:00,62.648
2013-12-30 18:30:00,66.35
2013-12-30 18:35:00,66.87
2013-12-30 18:40:00,64.792
2013-12-30 18:45:00,66.597
2013-12-30 18:50:00,64.446
2013-12-30 18:55:00,64.94
2013-12-30 19:00:00,65.672
2013-12-30 19:05:00,64.876
2013-12-30 19:10:00,66.539
2013-12-30 19:15:00,66.922
2013-12-30 19:20:00,66.789
2013-12-30 19:25:00,65.553
2013-12-30 19:30:00,64.503
2013-12-30 19:35:00,66.995
2013-12-30 19:40:00,66.235
2013-12-30 19:45:00,64.886
2013-12-30 19:50:00,65.549
2013-12-30 19:55:00,66.822
2013-12-30 20:00:00,69.163
2013-12-30 20:05:00,67.964
2013-12-30 20:10:00,66.625
2013-12-30 20:15:00,66.559
2013-12-30 20:20:00,66.839
2013-12-30 20:25:00,66.982
2013-12-30 20:30:00,68.575
2013-12-30 20:35:00,69.896
2013-12-30 20:40:00,71.987
2013-12-30 20:45:00,71.037
2013-12-30 20:50:00,68.519
2013-12-30 20:55:00,70.406
2013-12-30 21:00:00,69.576
2013-12-30 21:05:00,71.728
2013-12-30 21:10:00,70.437
2013-12-30 21:15:00,69.406
2013-12-30 21:20:00,71.338
2013-12-30 21:25:00,69.411
2013-12-30 21:30:00,69.788
2013-12-30 21:35:00,70.346
2013-12-30 21:40:00,70.581
2013-12-30 21:45:00,68.583
2013-12-30 21:50:00,72.476
2013-12-30 21:55:00,74.643
2013-12-30 22:00:00,70.13
2013-12-30 22:05:00,73.417
2013-12-30 22:10:00,69.933
2013-12-30 22:15:00,72.047
2013-12-30 22:20:00,71.323
2013-12-30 22:25:00,72.719
2013-12-30 22:30:00,73.293
2013-12-30 22:35:00,71.285
2013-12-30 22:40:00,72.809
2013-12-30 22:45:00,74.058
2013-12-30 22:50:00,72.226
2013-12-30 22:55:00,74.993
2013-12-30 23:00:00,75.211
2013-12-30 23:05:00,73.262
2013-12-30 23:10:00,75.693
2013-12-30 23:15:00,71.817
2013-12-30 23:20:00,73.568
2013-12-30 23:25:00,75.103
2013-12-30 23:30:00,75.748
2013-12-30 23:35:00,76.085
2013-12-30 23:40:00,76.087
2013-12-30 23:45:00,75.104
2013-12-30 23:50:00,76.027
2013-12-30 23:55:00,75.377
2013-12-31 00:00:00,73.718
2013-12-31 00:05:00,76.701
2013-12-31 00:10:00,76.433
2013-12-31 00:15:00,75.729
2013-12-31 00:20:00,75.316
2013-12-31 00:25:00,78.471
2013-12-31 00:30:00,75.139
2013-12-31 00:35:00,76.464
2013-12-31 00:40:00,75.652
2013-12-31 00:45:00,76.542
2013-12-31 00:50:00,78.082
2013-12-31 00:55:00,77.319
2013-12-31 01:00:00,76.562
2013-12-31 01:05:00,78.009
2013-12-31 01:10:00,78.249
2013-12-31 01:15:00,77.146
2013-12-31 01:20:00,76.802
2013-12-31 01:25:00,76.536
2013-12-31 01:30:00,75.22
2013-12-31 01:35:00,79.434
2013-12-31 01:40:00,76.801
2013-12-31 01:45:00,76.335
2013-12-31 01:50:00,76.778
2013-12-31 01:55:00,76.499
2013-12-31 02:00:00,79.261
2013-12-31 02:05:00,77.886
2013-12-31 02:10:00,76.874
2013-12-31 02:15:00,77.132
2013-12-31 02:20:00,76.948
2013-12-31 02:25:00,79.544
2013-12-31 02:30:00,76.522
2013-12-31 02:35:00,78.373
2013-12-31 02:40:00,78.896
2013-12-31 02:45:00,78.782
2013-12-31 02:50:00,78.638
2013-12-31 02:55:00,78.223
2013-12-31 03:00:00,75.591
2013-12-31 03:05:00,78.405
2013-12-31 03:10:00,77.841
2013-12-31 03:15:00,76.86
2013-12-31 03:20:00,80.186
2013-12-31 03:25:00,79.958
2013-12-31 03:30:00,77.998
2013-12-31 03:35:00,78.868
2013-12-31 03:40:00,78.432
2013-12-31 03:45:00,76.145
2013-12-31 03:50:00,77.878
2013-12-31 03:55:00,79.417
2013-12-31 04:00:00,78.213
2013-12-31 04:05:00,77.119
2013-12-31 04:10:00,79.64
2013-12-31 04:15:00,78.664
2013-12-31 04:20:00,76.812
2013-12-31 04:25:00,77.476
2013-12-31 04:30:00,77.604
2013-12-31 04:35:00,76.879
2013-12-31 04:40:00,78.916
2013-12-31 04:45:00,77.294
2013-12-31 04:50:00,78.047
2013-12-31 04:55:00,79.957
2013-12-31 05:00:00,76.944
2013-12-31 05:05:00,76.35
2013-12-31 05:10:00,77.599
2013-12-31 05:15:00,76.976
2013-12-31 05:20:00,77.034
2013-12-31 05:25:00,76.254
2013-12-31 05:30:00,75.4
2013-12-31 05:35:00,76.694
2013-12-31 05:40:00,75.519
2013-12-31 05:45:00,75.65
2013-12-31 05:50:00,80.278
2013-12-31 05:55:00,79.673
2013-12-31 06:00:00,79.51
2013-12-31 06:05:00,76.178
2013-12-31 06:10:00,75.115
2013-12-31 06:15:00,76.983
2013-12-31 06:20:00,74.964
2013-12-31 06:25:00,75.745
2013-12-31 06:30:00,74.834
2013-12-31 06:35:00,76.899
2013-12-31 06:40:00,75.57
2013-12-31 06:45:00,75.954
2013-12-31 06:50:00,74.704
2013-12-31 06:55:00,75.058
2013-12-31 07:00:00,72.982
2013-12-31 07:05:00,74.897
2013-12-31 07:10:00,74.5
2013-12-31 07:15:00,75.231
2013-12-31 07:20:00,74.02
2013-12-31 07:25:00,73.243
2013-12-31 07:30:00,74.38
2013-12-31 07:35:00,75.887
2013-12-31 07:40:00,73.809
2013-12-31 07:45:00,75.966
2013-12-31 07:50:00,70.669
2013-12-31 07:55:00,72.473
2013-12-31 08:00:00,73.031
2013-12-31 08:05:00,71.594
2013-12-31 08:10:00,69.747
2013-12-31 08:15:00,72.928
2013-12-31 08:20:00,71.513
2013-12-31 08:25:00,71.579
2013-12-31 08:30:00,72.207
2013-12-31 08:35:00,71.95
2013-12-31 08:40:00,71.299
2013-12-31 08:45:00,72.621
2013-12-31 08:50:00,70.768
2013-12-31 08:55:00,72.906
2013-12-31 09:00:00,72.843
2013-12-31 09:05:00,69.306
2013-12-31 09:10:00,69.987
2013-12-31 09:15:00,71.975
2013-12-31 09:20:00,69.171
2013-12-31 09:25:00,69.838
2013-12-31 09:30:00,70.551
2013-12-31 09:35:00,71.395
2013-12-31 09:40:00,71.433
2013-12-31 09:45:00,69.686
2013-12-31 09:50:00,70.339
2013-12-31 09:55:00,69.92
2013-12-31 10:00:00,71.311
2013-12-31 10:05:00,69.177
2013-12-31 10:10:00,68.866
2013-12-31 10:15:00,68.628
2013-12-31 10:20:00,67.148
2013-12-31 10:25:00,66.979
2013-12-31 10:30:00,65.151
2013-12-31 10:35:00,69.985
2013-12-31 10:40:00,70.416
2013-12-31 10:45:00,65.84
2013-12-31 10:50:00,68.77
2013-12-31 10:55:00,68.079
2013-12-31 11:00:00,67.204
2013-12-31 11:05:00,68.04
2013-12-31 11:10:00,67.025
2013-12-31 11:15:00,70.181
2013-12-31 11:20:00,67.944
2013-12-31 11:25:00,65.767
2013-12-31 11:30:00,65.269
2013-12-31 11:35:00,68.088
2013-12-31 11:40:00,65.978
2013-12-31 11:45:00,65.902
2013-12-31 11:50:00,66.209
2013-12-31 11:55:00,65.98
2013-12-31 12:00:00,67.161
2013-12-31 12:05:00,64.515
2013-12-31 12:10:00,62.767
2013-12-31 12:15:00,64.74
2013-12-31 12:20:00,64.337
2013-12-31 12:25:00,64.412
2013-12-31 12:30:00,63.069
2013-12-31 12:35:00,63.825
2013-12-31 12:40:00,63.105
2013-12-31 12:45:00,65.898
2013-12-31 12:50:00,63.344
2013-12-31 12:55:00,64.277
2013-12-31 13:00:00,66.184
2013-12-31 13:05:00,63.961
2013-12-31 13:10:00,64.731
2013-12-31 13:15:00,65.406
2013-12-31 13:20:00,64.808
2013-12-31 13:25:00,63.341
2013-12-31 13:30:00,62.717
2013-12-31 13:35:00,65.446
2013-12-31 13:40:00,64.055
2013-12-31 13:45:00,62.905
2013-12-31 13:50:00,63.283
2013-12-31 13:55:00,63.588
2013-12-31 14:00:00,61.464
2013-12-31 14:05:00,64.127
2013-12-31 14:10:00,64.756
2013-12-31 14:15:00,62.673
2013-12-31 14:20:00,62.413
2013-12-31 14:25:00,62.892
2013-12-31 14:30:00,63.118
2013-12-31 14:35:00,65.75
2013-12-31 14:40:00,64.326
2013-12-31 14:45:00,63.501
2013-12-31 14:50:00,62.533
2013-12-31 14:55:00,63.35
2013-12-31 15:00:00,63.028
2013-12-31 15:05:00,61.848
2013-12-31 15:10:00,62.731
2013-12-31 15:15:00,63.776
2013-12-31 15:20:00,61.969
2013-12-31 15:25:00,61.685
2013-12-31 15:30:00,63.09
2013-12-31 15:35:00,62.818
2013-12-31 15:40:00,61.253
2013-12-31 15:45:00,64.772
2013-12-31 15:50:00,64.785
2013-12-31 15:55:00,65.91
2013-12-31 16:00:00,62.896
2013-12-31 16:05:00,64.169
2013-12-31 16:10:00,65.0
2013-12-31 16:15:00,64.228
2013-12-31 16:20:00,65.01
2013-12-31 16:25:00,63.876
2013-12-31 16:30:00,63.159
2013-12-31 16:35:00,64.369
2013-12-31 16:40:00,64.462
2013-12-31 16:45:00,64.759
2013-12-31 16:50:00,65.324
2013-12-31 16:55:00,64.282
2013-12-31 17:00:00,63.914
2013-12-31 17:05:00,65.669
2013-12-31 17:10:00,64.163
2013-12-31 17:15:00,63.447
2013-12-31 17:20:00,65.663
2013-12-31 17:25:00,62.062
2013-12-31 17:30:00,66.067
2013-12-31 17:35:00,65.84
2013-12-31 17:40:00,64.932
2013-12-31 17:45:00,66.411
2013-12-31 17:50:00,64.671
2013-12-31 17:55:00,65.628
2013-12-31 18:00:00,63.663
2013-12-31 18:05:00,64.026
2013-12-31 18:10:00,66.165
2013-12-31 18:15:00,65.264
2013-12-31 18:20:00,64.513
2013-12-31 18:25:00,67.132
2013-12-31 18:30:00,66.055
2013-12-31 18:35:00,65.489
2013-12-31 18:40:00,66.233
2013-12-31 18:45:00,68.376
2013-12-31 18:50:00,68.009
2013-12-31 18:55:00,66.923
2013-12-31 19:00:00,67.781
2013-12-31 19:05:00,66.462
2013-12-31 19:10:00,69.471
2013-12-31 19:15:00,69.037
2013-12-31 19:20:00,67.192
2013-12-31 19:25:00,68.02
2013-12-31 19:30:00,69.047
2013-12-31 19:35:00,69.26
2013-12-31 19:40:00,69.475
2013-12-31 19:45:00,69.252
2013-12-31 19:50:00,69.011
2013-12-31 19:55:00,66.851
2013-12-31 20:00:00,70.688
2013-12-31 20:05:00,68.697
2013-12-31 20:10:00,69.567
2013-12-31 20:15:00,69.412
2013-12-31 20:20:00,70.881
2013-12-31 20:25:00,69.285
2013-12-31 20:30:00,68.57
2013-12-31 20:35:00,71.904
2013-12-31 20:40:00,71.155
2013-12-31 20:45:00,72.349
2013-12-31 20:50:00,70.619
2013-12-31 20:55:00,71.259
2013-12-31 21:00:00,72.112
2013-12-31 21:05:00,69.984
2013-12-31 21:10:00,69.528
2013-12-31 21:15:00,70.574
2013-12-31 21:20:00,70.975
2013-12-31 21:25:00,74.058
2013-12-31 21:30:00,75.181
2013-12-31 21:35:00,72.025
2013-12-31 21:40:00,72.565
2013-12-31 21:45:00,72.247
2013-12-31 21:50:00,72.515
2013-12-31 21:55:00,73.394
2013-12-31 22:00:00,73.567
2013-12-31 22:05:00,72.91
2013-12-31 22:10:00,73.374
2013-12-31 22:15:00,72.955
2013-12-31 22:20:00,72.973
2013-12-31 22:25:00,73.542
2013-12-31 22:30:00,75.022
2013-12-31 22:35:00,74.943
2013-12-31 22:40:00,73.897
2013-12-31 22:45:00,75.858
2013-12-31 22:50:00,74.929
2013-12-31 22:55:00,76.167
2013-12-31 23:00:00,74.952
2013-12-31 23:05:00,77.501
2013-12-31 23:10:00,77.174
2013-12-31 23:15:00,76.524
2013-12-31 23:20:00,77.536
2013-12-31 23:25:00,75.183
2013-12-31 23:30:00,78.196
2013-12-31 23:35:00,74.786
2013-12-31 23:40:00,76.496
2013-12-31 23:45:00,75.807
2013-12-31 23:50:00,74.396
2013-12-31 23:55:00,75.267
2014-01-01 00:00:00,76.436
2014-01-01 00:05:00,77.676
2014-01-01 00:10:00,76.778
2014-01-01 00:15:00,78.476
2014-01-01 00:20:00,77.082
2014-01-01 00:25:00,76.487
2014-01-01 00:30:00,79.349
2014-01-01 00:35:00,79.283
2014-01-01 00:40:00,77.654
2014-01-01 00:45:00,76.125
2014-01-01 00:50:00,76.859
2014-01-01 00:55:00,77.652
2014-01-01 01:00:00,78.465
2014-01-01 01:05:00,79.911
2014-01-01 01:10:00,78.654
2014-01-01 01:15:00,79.009
2014-01-01 01:20:00,79.266
2014-01-01 01:25:00,77.418
2014-01-01 01:30:00,80.267
2014-01-01 01:35:00,80.819
2014-01-01 01:40:00,79.699
2014-01-01 01:45:00,80.999
2014-01-01 01:50:00,78.909
2014-01-01 01:55:00,79.283
2014-01-01 02:00:00,80.979
2014-01-01 02:05:00,79.187
2014-01-01 02:10:00,78.71
2014-01-01 02:15:00,81.635
2014-01-01 02:20:00,79.356
2014-01-01 02:25:00,78.62
2014-01-01 02:30:00,79.61
2014-01-01 02:35:00,77.087
2014-01-01 02:40:00,80.944
2014-01-01 02:45:00,81.335
2014-01-01 02:50:00,78.248
2014-01-01 02:55:00,78.955
2014-01-01 03:00:00,82.006
2014-01-01 03:05:00,80.948
2014-01-01 03:10:00,79.4
2014-01-01 03:15:00,79.602
2014-01-01 03:20:00,80.284
2014-01-01 03:25:00,81.504
2014-01-01 03:30:00,80.723
2014-01-01 03:35:00,80.46
2014-01-01 03:40:00,79.523
2014-01-01 03:45:00,81.601
2014-01-01 03:50:00,80.426
2014-01-01 03:55:00,78.383
2014-01-01 04:00:00,79.205
2014-01-01 04:05:00,81.801
2014-01-01 04:10:00,77.421
2014-01-01 04:15:00,78.29
2014-01-01 04:20:00,80.174
2014-01-01 04:25:00,79.303
2014-01-01 04:30:00,78.054
2014-01-01 04:35:00,75.156
2014-01-01 04:40:00,78.904
2014-01-01 04:45:00,80.655
2014-01-01 04:50:00,77.972
2014-01-01 04:55:00,77.726
2014-01-01 05:00:00,79.959
2014-01-01 05:05:00,80.636
2014-01-01 05:10:00,77.818
2014-01-01 05:15:00,78.373
2014-01-01 05:20:00,76.882
2014-01-01 05:25:00,78.612
2014-01-01 05:30:00,77.622
2014-01-01 05:35:00,78.22
2014-01-01 05:40:00,75.386
2014-01-01 05:45:00,79.322
2014-01-01 05:50:00,75.902
2014-01-01 05:55:00,76.388
2014-01-01 06:00:00,77.607
2014-01-01 06:05:00,75.359
2014-01-01 06:10:00,75.727
2014-01-01 06:15:00,76.412
2014-01-01 06:20:00,75.215
2014-01-01 06:25:00,76.449
2014-01-01 06:30:00,77.042
2014-01-01 06:35:00,79.082
2014-01-01 06:40:00,77.949
2014-01-01 06:45:00,73.819
2014-01-01 06:50:00,76.378
2014-01-01 06:55:00,75.456
2014-01-01 07:00:00,76.897
2014-01-01 07:05:00,75.794
2014-01-01 07:10:00,76.48
2014-01-01 07:15:00,76.691
2014-01-01 07:20:00,75.293
2014-01-01 07:25:00,73.624
2014-01-01 07:30:00,74.957
2014-01-01 07:35:00,76.046
2014-01-01 07:40:00,75.825
2014-01-01 07:45:00,74.759
2014-01-01 07:50:00,75.623
2014-01-01 07:55:00,74.544
2014-01-01 08:00:00,72.946
2014-01-01 08:05:00,74.542
2014-01-01 08:10:00,75.171
2014-01-01 08:15:00,75.575
2014-01-01 08:20:00,73.132
2014-01-01 08:25:00,73.814
2014-01-01 08:30:00,73.211
2014-01-01 08:35:00,71.708
2014-01-01 08:40:00,73.54
2014-01-01 08:45:00,71.863
2014-01-01 08:50:00,72.897
2014-01-01 08:55:00,71.84
2014-01-01 09:00:00,71.758
2014-01-01 09:05:00,72.222
2014-01-01 09:10:00,72.22
2014-01-01 09:15:00,72.544
2014-01-01 09:20:00,71.286
2014-01-01 09:25:00,71.265
2014-01-01 09:30:00,71.87
2014-01-01 09:35:00,70.754
2014-01-01 09:40:00,71.111
2014-01-01 09:45:00,70.223
2014-01-01 09:50:00,70.68
2014-01-01 09:55:00,71.559
2014-01-01 10:00:00,71.375
2014-01-01 10:05:00,71.212
2014-01-01 10:10:00,71.518
2014-01-01 10:15:00,70.075
2014-01-01 10:20:00,70.918
2014-01-01 10:25:00,69.175
2014-01-01 10:30:00,70.606
2014-01-01 10:35:00,70.14
2014-01-01 10:40:00,71.067
2014-01-01 10:45:00,69.91
2014-01-01 10:50:00,69.565
2014-01-01 10:55:00,68.972
2014-01-01 11:00:00,67.833
2014-01-01 11:05:00,67.505
2014-01-01 11:10:00,69.147
2014-01-01 11:15:00,66.44
2014-01-01 11:20:00,69.705
2014-01-01 11:25:00,67.929
2014-01-01 11:30:00,68.273
2014-01-01 11:35:00,68.556
2014-01-01 11:40:00,67.552
2014-01-01 11:45:00,67.014
2014-01-01 11:50:00,64.397
2014-01-01 11:55:00,67.269
2014-01-01 12:00:00,67.386
2014-01-01 12:05:00,64.821
2014-01-01 12:10:00,66.685
2014-01-01 12:15:00,66.206
2014-01-01 12:20:00,67.458
2014-01-01 12:25:00,64.044
2014-01-01 12:30:00,65.308
2014-01-01 12:35:00,65.625
2014-01-01 12:40:00,64.715
2014-01-01 12:45:00,65.868
2014-01-01 12:50:00,63.071
2014-01-01 12:55:00,62.718
2014-01-01 13:00:00,65.309
2014-01-01 13:05:00,65.904
2014-01-01 13:10:00,64.162
2014-01-01 13:15:00,65.509
2014-01-01 13:20:00,65.346
2014-01-01 13:25:00,65.591
2014-01-01 13:30:00,64.913
2014-01-01 13:35:00,62.696
2014-01-01 13:40:00,64.674
2014-01-01 13:45:00,64.759
2014-01-01 13:50:00,66.342
2014-01-01 13:55:00,62.682
2014-01-01 14:00:00,67.172
2014-01-01 14:05:00,64.267
2014-01-01 14:10:00,63.041
2014-01-01 14:15:00,63.931
2014-01-01 14:20:00,65.57
2014-01-01 14:25:00,64.251
2014-01-01 14:30:00,63.25
2014-01-01 14:35:00,64.947
2014-01-01 14:40:00,65.267
2014-01-01 14:45:00,64.075
2014-01-01 14:50:00,66.095
2014-01-01 14:55:00,66.564
2014-01-01 15:00:00,61.112
2014-01-01 15:05:00,64.045
2014-01-01 15:10:00,66.226
2014-01-01 15:15:00,64.598
2014-01-01 15:20:00,65.783
2014-01-01 15:25:00,64.694
2014-01-01 15:30:00,62.283
2014-01-01 15:35:00,63.272
2014-01-01 15:40:00,64.036
2014-01-01 15:45:00,65.671
2014-01-01 15:50:00,64.018
2014-01-01 15:55:00,63.546
2014-01-01 16:00:00,63.505
2014-01-01 16:05:00,64.415
2014-01-01 16:10:00,64.476
2014-01-01 16:15:00,67.027
2014-01-01 16:20:00,64.152
2014-01-01 16:25:00,62.882
2014-01-01 16:30:00,65.164
2014-01-01 16:35:00,64.806
2014-01-01 16:40:00,64.751
2014-01-01 16:45:00,63.749
2014-01-01 16:50:00,65.239
2014-01-01 16:55:00,64.163
2014-01-01 17:00:00,64.174
2014-01-01 17:05:00,64.193
2014-01-01 17:10:00,66.156
2014-01-01 17:15:00,63.345
2014-01-01 17:20:00,65.048
2014-01-01 17:25:00,64.928
2014-01-01 17:30:00,66.237
2014-01-01 17:35:00,65.226
2014-01-01 17:40:00,66.636
2014-01-01 17:45:00,64.727
2014-01-01 17:50:00,66.27
2014-01-01 17:55:00,66.193
2014-01-01 18:00:00,66.077
2014-01-01 18:05:00,67.968
2014-01-01 18:10:00,66.847
2014-01-01 18:15:00,66.652
2014-01-01 18:20:00,67.772
2014-01-01 18:25:00,67.045
2014-01-01 18:30:00,66.41
2014-01-01 18:35:00,68.005
2014-01-01 18:40:00,69.656
2014-01-01 18:45:00,66.444
2014-01-01 18:50:00,68.024
2014-01-01 18:55:00,67.556
2014-01-01 19:00:00,67.65
2014-01-01 19:05:00,65.418
2014-01-01 19:10:00,67.065
2014-01-01 19:15:00,67.014
2014-01-01 19:20:00,69.851
2014-01-01 19:25:00,66.939
2014-01-01 19:30:00,70.031
2014-01-01 19:35:00,67.455
2014-01-01 19:40:00,68.542
2014-01-01 19:45:00,68.427
2014-01-01 19:50:00,68.404
2014-01-01 19:55:00,67.363
2014-01-01 20:00:00,71.066
2014-01-01 20:05:00,70.911
2014-01-01 20:10:00,71.173
2014-01-01 20:15:00,71.055
2014-01-01 20:20:00,71.157
2014-01-01 20:25:00,71.721
2014-01-01 20:30:00,69.484
2014-01-01 20:35:00,71.256
2014-01-01 20:40:00,72.487
2014-01-01 20:45:00,71.336
2014-01-01 20:50:00,70.872
2014-01-01 20:55:00,70.205
2014-01-01 21:00:00,71.113
2014-01-01 21:05:00,71.044
2014-01-01 21:10:00,68.192
2014-01-01 21:15:00,72.519
2014-01-01 21:20:00,73.953
2014-01-01 21:25:00,73.049
2014-01-01 21:30:00,72.682
2014-01-01 21:35:00,71.772
2014-01-01 21:40:00,72.528
2014-01-01 21:45:00,74.67
2014-01-01 21:50:00,71.516
2014-01-01 21:55:00,76.046
2014-01-01 22:00:00,71.695
2014-01-01 22:05:00,74.701
2014-01-01 22:10:00,73.032
2014-01-01 22:15:00,73.465
2014-01-01 22:20:00,71.586
2014-01-01 22:25:00,75.473
2014-01-01 22:30:00,75.015
2014-01-01 22:35:00,75.952
2014-01-01 22:40:00,74.229
2014-01-01 22:45:00,76.591
2014-01-01 22:50:00,75.364
2014-01-01 22:55:00,75.092
2014-01-01 23:00:00,74.859
2014-01-01 23:05:00,77.097
2014-01-01 23:10:00,76.198
2014-01-01 23:15:00,76.419
2014-01-01 23:20:00,74.285
2014-01-01 23:25:00,76.135
2014-01-01 23:30:00,75.144
2014-01-01 23:35:00,75.525
2014-01-01 23:40:00,74.408
2014-01-01 23:45:00,77.48
2014-01-01 23:50:00,76.777
2014-01-01 23:55:00,77.044
2014-01-02 00:00:00,75.987
2014-01-02 00:05:00,77.519
2014-01-02 00:10:00,76.228
2014-01-02 00:15:00,77.442
2014-01-02 00:20:00,78.423
2014-01-02 00:25:00,78.233
2014-01-02 00:30:00,78.606
2014-01-02 00:35:00,77.197
2014-01-02 00:40:00,75.786
2014-01-02 00:45:00,78.556
2014-01-02 00:50:00,77.044
2014-01-02 00:55:00,78.04
2014-01-02 01:00:00,77.107
2014-01-02 01:05:00,78.335
2014-01-02 01:10:00,79.503
2014-01-02 01:15:00,78.396
2014-01-02 01:20:00,77.404
2014-01-02 01:25:00,79.128
2014-01-02 01:30:00,79.352
2014-01-02 01:35:00,79.128
2014-01-02 01:40:00,79.511
2014-01-02 01:45:00,80.725
2014-01-02 01:50:00,81.298
2014-01-02 01:55:00,80.216
2014-01-02 02:00:00,78.995
2014-01-02 02:05:00,79.902
2014-01-02 02:10:00,77.851
2014-01-02 02:15:00,79.574
2014-01-02 02:20:00,81.836
2014-01-02 02:25:00,79.576
2014-01-02 02:30:00,79.658
2014-01-02 02:35:00,78.761
2014-01-02 02:40:00,81.066
2014-01-02 02:45:00,79.409
2014-01-02 02:50:00,80.134
2014-01-02 02:55:00,79.364
2014-01-02 03:00:00,78.337
2014-01-02 03:05:00,79.585
2014-01-02 03:10:00,78.592
2014-01-02 03:15:00,78.989
2014-01-02 03:20:00,79.112
2014-01-02 03:25:00,81.855
2014-01-02 03:30:00,80.554
2014-01-02 03:35:00,80.139
2014-01-02 03:40:00,78.986
2014-01-02 03:45:00,80.448
2014-01-02 03:50:00,79.527
2014-01-02 03:55:00,81.125
2014-01-02 04:00:00,79.359
2014-01-02 04:05:00,81.648
2014-01-02 04:10:00,79.265
2014-01-02 04:15:00,79.604
2014-01-02 04:20:00,78.887
2014-01-02 04:25:00,79.361
2014-01-02 04:30:00,78.158
2014-01-02 04:35:00,77.897
2014-01-02 04:40:00,77.215
2014-01-02 04:45:00,78.132
2014-01-02 04:50:00,77.935
2014-01-02 04:55:00,79.34
2014-01-02 05:00:00,78.143
2014-01-02 05:05:00,78.648
2014-01-02 05:10:00,80.322
2014-01-02 05:15:00,79.372
2014-01-02 05:20:00,76.692
2014-01-02 05:25:00,78.96
2014-01-02 05:30:00,79.097
2014-01-02 05:35:00,78.102
2014-01-02 05:40:00,77.03
2014-01-02 05:45:00,78.495
2014-01-02 05:50:00,77.642
2014-01-02 05:55:00,78.155
2014-01-02 06:00:00,78.416
2014-01-02 06:05:00,78.102
2014-01-02 06:10:00,76.885
2014-01-02 06:15:00,75.413
2014-01-02 06:20:00,77.338
2014-01-02 06:25:00,76.943
2014-01-02 06:30:00,76.76
2014-01-02 06:35:00,77.213
2014-01-02 06:40:00,77.325
2014-01-02 06:45:00,75.251
2014-01-02 06:50:00,77.413
2014-01-02 06:55:00,76.676
2014-01-02 07:00:00,76.304
2014-01-02 07:05:00,76.036
2014-01-02 07:10:00,78.433
2014-01-02 07:15:00,76.194
2014-01-02 07:20:00,75.395
2014-01-02 07:25:00,73.434
2014-01-02 07:30:00,74.856
2014-01-02 07:35:00,75.601
2014-01-02 07:40:00,73.332
2014-01-02 07:45:00,74.516
2014-01-02 07:50:00,74.697
2014-01-02 07:55:00,75.303
2014-01-02 08:00:00,72.385
2014-01-02 08:05:00,73.801
2014-01-02 08:10:00,73.569
2014-01-02 08:15:00,73.685
2014-01-02 08:20:00,74.008
2014-01-02 08:25:00,74.386
2014-01-02 08:30:00,74.476
2014-01-02 08:35:00,76.098
2014-01-02 08:40:00,73.072
2014-01-02 08:45:00,73.18
2014-01-02 08:50:00,72.304
2014-01-02 08:55:00,72.181
2014-01-02 09:00:00,71.012
2014-01-02 09:05:00,71.707
2014-01-02 09:10:00,70.964
2014-01-02 09:15:00,70.032
2014-01-02 09:20:00,71.575
2014-01-02 09:25:00,70.534
2014-01-02 09:30:00,71.274
2014-01-02 09:35:00,70.509
2014-01-02 09:40:00,71.279
2014-01-02 09:45:00,72.225
2014-01-02 09:50:00,70.952
2014-01-02 09:55:00,69.715
2014-01-02 10:00:00,69.526
2014-01-02 10:05:00,70.046
2014-01-02 10:10:00,69.12
2014-01-02 10:15:00,69.03
2014-01-02 10:20:00,70.648
2014-01-02 10:25:00,69.445
2014-01-02 10:30:00,68.364
2014-01-02 10:35:00,68.989
2014-01-02 10:40:00,68.457
2014-01-02 10:45:00,67.822
2014-01-02 10:50:00,68.565
2014-01-02 10:55:00,67.621
2014-01-02 11:00:00,67.229
2014-01-02 11:05:00,68.638
2014-01-02 11:10:00,66.807
2014-01-02 11:15:00,69.133
2014-01-02 11:20:00,65.827
2014-01-02 11:25:00,67.716
2014-01-02 11:30:00,67.484
2014-01-02 11:35:00,67.288
2014-01-02 11:40:00,67.069
2014-01-02 11:45:00,67.656
2014-01-02 11:50:00,66.12
2014-01-02 11:55:00,65.839
2014-01-02 12:00:00,65.752
2014-01-02 12:05:00,68.408
2014-01-02 12:10:00,64.637
2014-01-02 12:15:00,67.053
2014-01-02 12:20:00,64.634
2014-01-02 12:25:00,66.152
2014-01-02 12:30:00,66.714
2014-01-02 12:35:00,63.801
2014-01-02 12:40:00,64.093
2014-01-02 12:45:00,66.085
2014-01-02 12:50:00,66.373
2014-01-02 12:55:00,64.121
2014-01-02 13:00:00,66.821
2014-01-02 13:05:00,64.297
2014-01-02 13:10:00,64.984
2014-01-02 13:15:00,65.96
2014-01-02 13:20:00,63.454
2014-01-02 13:25:00,66.253
2014-01-02 13:30:00,63.275
2014-01-02 13:35:00,63.976
2014-01-02 13:40:00,63.551
2014-01-02 13:45:00,66.732
2014-01-02 13:50:00,63.91
2014-01-02 13:55:00,64.848
2014-01-02 14:00:00,65.152
2014-01-02 14:05:00,63.174
2014-01-02 14:10:00,64.709
2014-01-02 14:15:00,63.2
2014-01-02 14:20:00,61.457
2014-01-02 14:25:00,63.041
2014-01-02 14:30:00,63.505
2014-01-02 14:35:00,60.724
2014-01-02 14:40:00,61.946
2014-01-02 14:45:00,63.251
2014-01-02 14:50:00,63.833
2014-01-02 14:55:00,64.057
2014-01-02 15:00:00,63.254
2014-01-02 15:05:00,62.475
2014-01-02 15:10:00,63.95
2014-01-02 15:15:00,61.609
2014-01-02 15:20:00,64.094
2014-01-02 15:25:00,61.417
2014-01-02 15:30:00,64.347
2014-01-02 15:35:00,62.176
2014-01-02 15:40:00,65.14
2014-01-02 15:45:00,62.774
2014-01-02 15:50:00,62.563
2014-01-02 15:55:00,62.102
2014-01-02 16:00:00,64.045
2014-01-02 16:05:00,61.941
2014-01-02 16:10:00,63.11
2014-01-02 16:15:00,63.973
2014-01-02 16:20:00,62.437
2014-01-02 16:25:00,62.451
2014-01-02 16:30:00,62.985
2014-01-02 16:35:00,62.021
2014-01-02 16:40:00,62.839
2014-01-02 16:45:00,63.746
2014-01-02 16:50:00,61.96
2014-01-02 16:55:00,63.905
2014-01-02 17:00:00,64.058
2014-01-02 17:05:00,64.264
2014-01-02 17:10:00,64.109
2014-01-02 17:15:00,61.382
2014-01-02 17:20:00,63.2
2014-01-02 17:25:00,64.739
2014-01-02 17:30:00,64.259
2014-01-02 17:35:00,63.19
2014-01-02 17:40:00,66.542
2014-01-02 17:45:00,66.234
2014-01-02 17:50:00,63.203
2014-01-02 17:55:00,64.771
2014-01-02 18:00:00,65.708
2014-01-02 18:05:00,67.114
2014-01-02 18:10:00,62.736
2014-01-02 18:15:00,66.171
2014-01-02 18:20:00,65.062
2014-01-02 18:25:00,65.84
2014-01-02 18:30:00,65.414
2014-01-02 18:35:00,67.89
2014-01-02 18:40:00,68.368
2014-01-02 18:45:00,65.829
2014-01-02 18:50:00,65.177
2014-01-02 18:55:00,69.497
2014-01-02 19:00:00,67.083
2014-01-02 19:05:00,65.421
2014-01-02 19:10:00,68.202
2014-01-02 19:15:00,66.755
2014-01-02 19:20:00,66.746
2014-01-02 19:25:00,68.562
2014-01-02 19:30:00,65.376
2014-01-02 19:35:00,68.721
2014-01-02 19:40:00,67.967
2014-01-02 19:45:00,68.329
2014-01-02 19:50:00,68.291
2014-01-02 19:55:00,66.225
2014-01-02 20:00:00,67.453
2014-01-02 20:05:00,68.989
2014-01-02 20:10:00,69.317
2014-01-02 20:15:00,68.783
2014-01-02 20:20:00,67.036
2014-01-02 20:25:00,68.87
2014-01-02 20:30:00,68.397
2014-01-02 20:35:00,68.599
2014-01-02 20:40:00,70.264
2014-01-02 20:45:00,70.22
2014-01-02 20:50:00,68.211
2014-01-02 20:55:00,70.033
2014-01-02 21:00:00,71.041
2014-01-02 21:05:00,70.755
2014-01-02 21:10:00,70.491
2014-01-02 21:15:00,70.878
2014-01-02 21:20:00,69.617
2014-01-02 21:25:00,73.469
2014-01-02 21:30:00,71.529
2014-01-02 21:35:00,70.497
2014-01-02 21:40:00,69.493
2014-01-02 21:45:00,69.75
2014-01-02 21:50:00,71.292
2014-01-02 21:55:00,73.45
2014-01-02 22:00:00,71.688
2014-01-02 22:05:00,72.224
2014-01-02 22:10:00,71.488
2014-01-02 22:15:00,74.654
2014-01-02 22:20:00,75.722
2014-01-02 22:25:00,69.91
2014-01-02 22:30:00,72.908
2014-01-02 22:35:00,74.098
2014-01-02 22:40:00,74.257
2014-01-02 22:45:00,73.208
2014-01-02 22:50:00,73.408
2014-01-02 22:55:00,74.939
2014-01-02 23:00:00,76.103
2014-01-02 23:05:00,72.29
2014-01-02 23:10:00,73.746
2014-01-02 23:15:00,75.279
2014-01-02 23:20:00,73.642
2014-01-02 23:25:00,74.352
2014-01-02 23:30:00,76.744
2014-01-02 23:35:00,75.632
2014-01-02 23:40:00,74.795
2014-01-02 23:45:00,76.135
2014-01-02 23:50:00,74.063
2014-01-02 23:55:00,76.022
2014-01-03 00:00:00,76.493
2014-01-03 00:05:00,77.517
2014-01-03 00:10:00,76.965
2014-01-03 00:15:00,76.481
2014-01-03 00:20:00,76.198
2014-01-03 00:25:00,76.246
2014-01-03 00:30:00,78.126
2014-01-03 00:35:00,78.249
2014-01-03 00:40:00,77.516
2014-01-03 00:45:00,77.014
2014-01-03 00:50:00,76.04
2014-01-03 00:55:00,75.544
2014-01-03 01:00:00,76.713
2014-01-03 01:05:00,78.279
2014-01-03 01:10:00,77.627
2014-01-03 01:15:00,79.049
2014-01-03 01:20:00,77.371
2014-01-03 01:25:00,75.721
2014-01-03 01:30:00,76.92
2014-01-03 01:35:00,78.816
2014-01-03 01:40:00,78.177
2014-01-03 01:45:00,78.092
2014-01-03 01:50:00,77.949
2014-01-03 01:55:00,77.452
2014-01-03 02:00:00,78.877
2014-01-03 02:05:00,77.526
2014-01-03 02:10:00,78.676
2014-01-03 02:15:00,78.267
2014-01-03 02:20:00,76.352
2014-01-03 02:25:00,80.16
2014-01-03 02:30:00,78.04
2014-01-03 02:35:00,79.377
2014-01-03 02:40:00,79.099
2014-01-03 02:45:00,78.383
2014-01-03 02:50:00,77.875
2014-01-03 02:55:00,78.681
2014-01-03 03:00:00,77.806
2014-01-03 03:05:00,77.444
2014-01-03 03:10:00,77.836
2014-01-03 03:15:00,76.436
2014-01-03 03:20:00,77.226
2014-01-03 03:25:00,78.254
2014-01-03 03:30:00,79.076
2014-01-03 03:35:00,75.96
2014-01-03 03:40:00,78.941
2014-01-03 03:45:00,79.932
2014-01-03 03:50:00,79.366
2014-01-03 03:55:00,79.903
2014-01-03 04:00:00,76.79
2014-01-03 04:05:00,77.032
2014-01-03 04:10:00,76.456
2014-01-03 04:15:00,79.738
2014-01-03 04:20:00,80.666
2014-01-03 04:25:00,76.061
2014-01-03 04:30:00,77.731
2014-01-03 04:35:00,76.257
2014-01-03 04:40:00,75.543
2014-01-03 04:45:00,76.582
2014-01-03 04:50:00,79.419
2014-01-03 04:55:00,76.971
2014-01-03 05:00:00,78.453
2014-01-03 05:05:00,78.193
2014-01-03 05:10:00,76.316
2014-01-03 05:15:00,78.827
2014-01-03 05:20:00,75.818
2014-01-03 05:25:00,76.408
2014-01-03 05:30:00,77.464
2014-01-03 05:35:00,76.462
2014-01-03 05:40:00,76.416
2014-01-03 05:45:00,77.579
2014-01-03 05:50:00,77.874
2014-01-03 05:55:00,74.208
2014-01-03 06:00:00,76.291
2014-01-03 06:05:00,77.65
2014-01-03 06:10:00,77.904
2014-01-03 06:15:00,72.856
2014-01-03 06:20:00,74.827
2014-01-03 06:25:00,75.717
2014-01-03 06:30:00,74.978
2014-01-03 06:35:00,76.206
2014-01-03 06:40:00,75.781
2014-01-03 06:45:00,75.709
2014-01-03 06:50:00,74.624
2014-01-03 06:55:00,74.548
2014-01-03 07:00:00,75.733
2014-01-03 07:05:00,75.099
2014-01-03 07:10:00,74.707
2014-01-03 07:15:00,74.277
2014-01-03 07:20:00,73.073
2014-01-03 07:25:00,72.921
2014-01-03 07:30:00,73.823
2014-01-03 07:35:00,74.748
2014-01-03 07:40:00,72.123
2014-01-03 07:45:00,73.566
2014-01-03 07:50:00,73.482
2014-01-03 07:55:00,72.526
2014-01-03 08:00:00,72.522
2014-01-03 08:05:00,73.261
2014-01-03 08:10:00,71.379
2014-01-03 08:15:00,73.813
2014-01-03 08:20:00,69.875
2014-01-03 08:25:00,72.584
2014-01-03 08:30:00,72.448
2014-01-03 08:35:00,73.099
2014-01-03 08:40:00,68.813
2014-01-03 08:45:00,69.807
2014-01-03 08:50:00,72.197
2014-01-03 08:55:00,69.786
2014-01-03 09:00:00,70.507
2014-01-03 09:05:00,71.651
2014-01-03 09:10:00,68.9
2014-01-03 09:15:00,68.748
2014-01-03 09:20:00,68.634
2014-01-03 09:25:00,69.588
2014-01-03 09:30:00,68.56
2014-01-03 09:35:00,69.343
2014-01-03 09:40:00,68.961
2014-01-03 09:45:00,69.518
2014-01-03 09:50:00,67.946
2014-01-03 09:55:00,69.222
2014-01-03 10:00:00,69.399
2014-01-03 10:05:00,69.273
2014-01-03 10:10:00,68.557
2014-01-03 10:15:00,67.338
2014-01-03 10:20:00,67.805
2014-01-03 10:25:00,65.825
2014-01-03 10:30:00,67.701
2014-01-03 10:35:00,68.25
2014-01-03 10:40:00,66.207
2014-01-03 10:45:00,68.497
2014-01-03 10:50:00,67.659
2014-01-03 10:55:00,68.852
2014-01-03 11:00:00,64.986
2014-01-03 11:05:00,66.26
2014-01-03 11:10:00,65.214
2014-01-03 11:15:00,65.353
2014-01-03 11:20:00,66.617
2014-01-03 11:25:00,66.924
2014-01-03 11:30:00,65.356
2014-01-03 11:35:00,64.834
2014-01-03 11:40:00,63.785
2014-01-03 11:45:00,64.884
2014-01-03 11:50:00,65.13
2014-01-03 11:55:00,65.413
2014-01-03 12:00:00,65.642
2014-01-03 12:05:00,63.713
2014-01-03 12:10:00,63.437
2014-01-03 12:15:00,65.715
2014-01-03 12:20:00,64.309
2014-01-03 12:25:00,61.808
2014-01-03 12:30:00,65.668
2014-01-03 12:35:00,62.803
2014-01-03 12:40:00,64.479
2014-01-03 12:45:00,62.998
2014-01-03 12:50:00,63.348
2014-01-03 12:55:00,65.175
2014-01-03 13:00:00,60.883
2014-01-03 13:05:00,62.582
2014-01-03 13:10:00,61.999
2014-01-03 13:15:00,62.444
2014-01-03 13:20:00,62.304
2014-01-03 13:25:00,63.702
2014-01-03 13:30:00,63.024
2014-01-03 13:35:00,61.86
2014-01-03 13:40:00,64.156
2014-01-03 13:45:00,63.285
2014-01-03 13:50:00,61.144
2014-01-03 13:55:00,61.685
2014-01-03 14:00:00,61.257
2014-01-03 14:05:00,62.267
2014-01-03 14:10:00,61.492
2014-01-03 14:15:00,62.796
2014-01-03 14:20:00,61.215
2014-01-03 14:25:00,61.82
2014-01-03 14:30:00,61.044
2014-01-03 14:35:00,60.995
2014-01-03 14:40:00,62.706
2014-01-03 14:45:00,59.848
2014-01-03 14:50:00,61.914
2014-01-03 14:55:00,62.596
2014-01-03 15:00:00,63.16
2014-01-03 15:05:00,60.447
2014-01-03 15:10:00,63.022
2014-01-03 15:15:00,61.425
2014-01-03 15:20:00,61.66
2014-01-03 15:25:00,61.884
2014-01-03 15:30:00,59.971
2014-01-03 15:35:00,63.134
2014-01-03 15:40:00,62.409
2014-01-03 15:45:00,60.798
2014-01-03 15:50:00,60.896
2014-01-03 15:55:00,64.455
2014-01-03 16:00:00,61.411
2014-01-03 16:05:00,61.596
2014-01-03 16:10:00,59.759
2014-01-03 16:15:00,61.477
2014-01-03 16:20:00,62.422
2014-01-03 16:25:00,61.185
2014-01-03 16:30:00,62.063
2014-01-03 16:35:00,62.329
2014-01-03 16:40:00,61.552
2014-01-03 16:45:00,63.259
2014-01-03 16:50:00,61.888
2014-01-03 16:55:00,62.082
2014-01-03 17:00:00,62.24
2014-01-03 17:05:00,60.166
2014-01-03 17:10:00,63.096
2014-01-03 17:15:00,63.405
2014-01-03 17:20:00,63.496
2014-01-03 17:25:00,63.185
2014-01-03 17:30:00,62.637
2014-01-03 17:35:00,63.487
2014-01-03 17:40:00,66.201
2014-01-03 17:45:00,61.706
2014-01-03 17:50:00,63.855
2014-01-03 17:55:00,63.823
2014-01-03 18:00:00,64.352
2014-01-03 18:05:00,61.741
2014-01-03 18:10:00,65.983
2014-01-03 18:15:00,65.232
2014-01-03 18:20:00,63.524
2014-01-03 18:25:00,66.114
2014-01-03 18:30:00,64.245
2014-01-03 18:35:00,66.717
2014-01-03 18:40:00,64.562
2014-01-03 18:45:00,62.021
2014-01-03 18:50:00,64.536
2014-01-03 18:55:00,64.16
2014-01-03 19:00:00,63.193
2014-01-03 19:05:00,63.796
2014-01-03 19:10:00,65.462
2014-01-03 19:15:00,64.37
2014-01-03 19:20:00,66.617
2014-01-03 19:25:00,63.543
2014-01-03 19:30:00,65.417
2014-01-03 19:35:00,66.43
2014-01-03 19:40:00,66.506
2014-01-03 19:45:00,65.499
2014-01-03 19:50:00,66.655
2014-01-03 19:55:00,65.245
2014-01-03 20:00:00,65.803
2014-01-03 20:05:00,65.101
2014-01-03 20:10:00,68.537
2014-01-03 20:15:00,66.645
2014-01-03 20:20:00,66.101
2014-01-03 20:25:00,67.111
2014-01-03 20:30:00,69.256
2014-01-03 20:35:00,69.898
2014-01-03 20:40:00,66.882
2014-01-03 20:45:00,70.294
2014-01-03 20:50:00,68.226
2014-01-03 20:55:00,69.839
2014-01-03 21:00:00,69.681
2014-01-03 21:05:00,67.874
2014-01-03 21:10:00,68.139
2014-01-03 21:15:00,67.13
2014-01-03 21:20:00,69.346
2014-01-03 21:25:00,69.963
2014-01-03 21:30:00,69.396
2014-01-03 21:35:00,68.32
2014-01-03 21:40:00,70.52
2014-01-03 21:45:00,71.115
2014-01-03 21:50:00,70.512
2014-01-03 21:55:00,69.728
2014-01-03 22:00:00,71.05
2014-01-03 22:05:00,69.68
2014-01-03 22:10:00,71.303
2014-01-03 22:15:00,71.589
2014-01-03 22:20:00,72.572
2014-01-03 22:25:00,73.69
2014-01-03 22:30:00,73.835
2014-01-03 22:35:00,72.842
2014-01-03 22:40:00,71.301
2014-01-03 22:45:00,72.896
2014-01-03 22:50:00,70.557
2014-01-03 22:55:00,72.394
2014-01-03 23:00:00,72.406
2014-01-03 23:05:00,72.102
2014-01-03 23:10:00,73.459
2014-01-03 23:15:00,72.483
2014-01-03 23:20:00,75.559
2014-01-03 23:25:00,73.079
2014-01-03 23:30:00,75.71
2014-01-03 23:35:00,73.915
2014-01-03 23:40:00,72.511
2014-01-03 23:45:00,73.975
2014-01-03 23:50:00,76.542
2014-01-03 23:55:00,73.917
2014-01-04 00:00:00,74.335
2014-01-04 00:05:00,75.014
2014-01-04 00:10:00,75.428
2014-01-04 00:15:00,75.497
2014-01-04 00:20:00,72.68
2014-01-04 00:25:00,73.946
2014-01-04 00:30:00,74.298
2014-01-04 00:35:00,78.691
2014-01-04 00:40:00,74.192
2014-01-04 00:45:00,75.417
2014-01-04 00:50:00,78.58
2014-01-04 00:55:00,76.056
2014-01-04 01:00:00,77.156
2014-01-04 01:05:00,76.653
2014-01-04 01:10:00,73.818
2014-01-04 01:15:00,75.245
2014-01-04 01:20:00,75.586
2014-01-04 01:25:00,73.795
2014-01-04 01:30:00,73.538
2014-01-04 01:35:00,77.302
2014-01-04 01:40:00,78.476
2014-01-04 01:45:00,74.954
2014-01-04 01:50:00,76.154
2014-01-04 01:55:00,78.098
2014-01-04 02:00:00,77.666
2014-01-04 02:05:00,74.757
2014-01-04 02:10:00,76.452
2014-01-04 02:15:00,77.033
2014-01-04 02:20:00,74.322
2014-01-04 02:25:00,75.964
2014-01-04 02:30:00,75.975
2014-01-04 02:35:00,73.906
2014-01-04 02:40:00,75.74
2014-01-04 02:45:00,76.866
2014-01-04 02:50:00,77.239
2014-01-04 02:55:00,75.181
2014-01-04 03:00:00,77.398
2014-01-04 03:05:00,76.518
2014-01-04 03:10:00,76.598
2014-01-04 03:15:00,76.042
2014-01-04 03:20:00,74.141
2014-01-04 03:25:00,77.772
2014-01-04 03:30:00,77.281
2014-01-04 03:35:00,76.673
2014-01-04 03:40:00,76.047
2014-01-04 03:45:00,75.031
2014-01-04 03:50:00,77.112
2014-01-04 03:55:00,76.035
2014-01-04 04:00:00,77.247
2014-01-04 04:05:00,77.322
2014-01-04 04:10:00,75.868
2014-01-04 04:15:00,75.545
2014-01-04 04:20:00,76.172
2014-01-04 04:25:00,76.711
2014-01-04 04:30:00,74.187
2014-01-04 04:35:00,76.419
2014-01-04 04:40:00,74.382
2014-01-04 04:45:00,75.62
2014-01-04 04:50:00,78.756
2014-01-04 04:55:00,74.717
2014-01-04 05:00:00,74.6
2014-01-04 05:05:00,75.252
2014-01-04 05:10:00,75.39
2014-01-04 05:15:00,74.005
2014-01-04 05:20:00,75.885
2014-01-04 05:25:00,76.142
2014-01-04 05:30:00,75.887
2014-01-04 05:35:00,75.592
2014-01-04 05:40:00,74.743
2014-01-04 05:45:00,73.824
2014-01-04 05:50:00,74.888
2014-01-04 05:55:00,75.361
2014-01-04 06:00:00,73.598
2014-01-04 06:05:00,74.24
2014-01-04 06:10:00,74.383
2014-01-04 06:15:00,76.96
2014-01-04 06:20:00,75.467
2014-01-04 06:25:00,75.605
2014-01-04 06:30:00,74.692
2014-01-04 06:35:00,72.973
2014-01-04 06:40:00,74.306
2014-01-04 06:45:00,75.259
2014-01-04 06:50:00,72.097
2014-01-04 06:55:00,73.213
2014-01-04 07:00:00,73.146
2014-01-04 07:05:00,73.514
2014-01-04 07:10:00,74.088
2014-01-04 07:15:00,72.296
2014-01-04 07:20:00,72.189
2014-01-04 07:25:00,75.998
2014-01-04 07:30:00,71.483
2014-01-04 07:35:00,70.251
2014-01-04 07:40:00,71.902
2014-01-04 07:45:00,70.895
2014-01-04 07:50:00,71.201
2014-01-04 07:55:00,71.094
2014-01-04 08:00:00,68.329
2014-01-04 08:05:00,71.001
2014-01-04 08:10:00,71.002
2014-01-04 08:15:00,71.976
2014-01-04 08:20:00,70.589
2014-01-04 08:25:00,71.595
2014-01-04 08:30:00,72.003
2014-01-04 08:35:00,70.487
2014-01-04 08:40:00,70.235
2014-01-04 08:45:00,69.108
2014-01-04 08:50:00,70.074
2014-01-04 08:55:00,68.753
2014-01-04 09:00:00,66.154
2014-01-04 09:05:00,68.641
2014-01-04 09:10:00,69.982
2014-01-04 09:15:00,69.5
2014-01-04 09:20:00,67.936
2014-01-04 09:25:00,67.13
2014-01-04 09:30:00,67.583
2014-01-04 09:35:00,67.681
2014-01-04 09:40:00,66.142
2014-01-04 09:45:00,66.16
2014-01-04 09:50:00,67.096
2014-01-04 09:55:00,67.276
2014-01-04 10:00:00,67.534
2014-01-04 10:05:00,65.701
2014-01-04 10:10:00,64.179
2014-01-04 10:15:00,66.088
2014-01-04 10:20:00,67.324
2014-01-04 10:25:00,64.207
2014-01-04 10:30:00,64.781
2014-01-04 10:35:00,64.835
2014-01-04 10:40:00,67.449
2014-01-04 10:45:00,66.637
2014-01-04 10:50:00,64.746
2014-01-04 10:55:00,65.915
2014-01-04 11:00:00,63.974
2014-01-04 11:05:00,64.62
2014-01-04 11:10:00,62.296
2014-01-04 11:15:00,63.172
2014-01-04 11:20:00,63.049
2014-01-04 11:25:00,62.64
2014-01-04 11:30:00,64.56
2014-01-04 11:35:00,62.552
2014-01-04 11:40:00,64.808
2014-01-04 11:45:00,64.124
2014-01-04 11:50:00,63.601
2014-01-04 11:55:00,64.582
2014-01-04 12:00:00,63.344
2014-01-04 12:05:00,62.054
2014-01-04 12:10:00,62.259
2014-01-04 12:15:00,63.45
2014-01-04 12:20:00,60.994
2014-01-04 12:25:00,63.493
2014-01-04 12:30:00,62.039
2014-01-04 12:35:00,62.908
2014-01-04 12:40:00,62.192
2014-01-04 12:45:00,61.004
2014-01-04 12:50:00,63.738
2014-01-04 12:55:00,61.435
2014-01-04 13:00:00,61.989
2014-01-04 13:05:00,60.888
2014-01-04 13:10:00,60.467
2014-01-04 13:15:00,61.453
2014-01-04 13:20:00,60.649
2014-01-04 13:25:00,61.091
2014-01-04 13:30:00,61.245
2014-01-04 13:35:00,60.367
2014-01-04 13:40:00,62.111
2014-01-04 13:45:00,61.579
2014-01-04 13:50:00,58.325
2014-01-04 13:55:00,59.629
2014-01-04 14:00:00,60.218
2014-01-04 14:05:00,59.429
2014-01-04 14:10:00,59.677
2014-01-04 14:15:00,61.277
2014-01-04 14:20:00,61.042
2014-01-04 14:25:00,58.478
2014-01-04 14:30:00,58.817
2014-01-04 14:35:00,60.643
2014-01-04 14:40:00,59.946
2014-01-04 14:45:00,61.264
2014-01-04 14:50:00,59.475
2014-01-04 14:55:00,60.28
2014-01-04 15:00:00,59.175
2014-01-04 15:05:00,59.872
2014-01-04 15:10:00,60.922
2014-01-04 15:15:00,60.657
2014-01-04 15:20:00,58.864
2014-01-04 15:25:00,61.453
2014-01-04 15:30:00,60.13
2014-01-04 15:35:00,60.741
2014-01-04 15:40:00,60.749
2014-01-04 15:45:00,59.703
2014-01-04 15:50:00,61.317
2014-01-04 15:55:00,59.427
2014-01-04 16:00:00,59.874
2014-01-04 16:05:00,58.898
2014-01-04 16:10:00,58.544
2014-01-04 16:15:00,63.075
2014-01-04 16:20:00,60.284
2014-01-04 16:25:00,60.039
2014-01-04 16:30:00,62.834
2014-01-04 16:35:00,58.549
2014-01-04 16:40:00,62.162
2014-01-04 16:45:00,61.056
2014-01-04 16:50:00,60.66
2014-01-04 16:55:00,60.617
2014-01-04 17:00:00,60.611
2014-01-04 17:05:00,62.833
2014-01-04 17:10:00,62.343
2014-01-04 17:15:00,61.049
2014-01-04 17:20:00,60.349
2014-01-04 17:25:00,61.415
2014-01-04 17:30:00,60.266
2014-01-04 17:35:00,60.601
2014-01-04 17:40:00,61.314
2014-01-04 17:45:00,60.865
2014-01-04 17:50:00,61.106
2014-01-04 17:55:00,61.556
2014-01-04 18:00:00,60.857
2014-01-04 18:05:00,64.041
2014-01-04 18:10:00,59.783
2014-01-04 18:15:00,63.295
2014-01-04 18:20:00,63.381
2014-01-04 18:25:00,62.488
2014-01-04 18:30:00,62.634
2014-01-04 18:35:00,63.128
2014-01-04 18:40:00,63.146
2014-01-04 18:45:00,64.067
2014-01-04 18:50:00,64.018
2014-01-04 18:55:00,63.017
2014-01-04 19:00:00,62.464
2014-01-04 19:05:00,64.17
2014-01-04 19:10:00,64.626
2014-01-04 19:15:00,65.03
2014-01-04 19:20:00,63.576
2014-01-04 19:25:00,67.362
2014-01-04 19:30:00,62.468
2014-01-04 19:35:00,66.912
2014-01-04 19:40:00,63.886
2014-01-04 19:45:00,64.889
2014-01-04 19:50:00,67.277
2014-01-04 19:55:00,67.571
2014-01-04 20:00:00,67.368
2014-01-04 20:05:00,66.621
2014-01-04 20:10:00,66.318
2014-01-04 20:15:00,64.33
2014-01-04 20:20:00,64.736
2014-01-04 20:25:00,66.242
2014-01-04 20:30:00,67.23
2014-01-04 20:35:00,67.537
2014-01-04 20:40:00,67.859
2014-01-04 20:45:00,68.689
2014-01-04 20:50:00,68.888
2014-01-04 20:55:00,67.406
2014-01-04 21:00:00,65.022
2014-01-04 21:05:00,68.915
2014-01-04 21:10:00,67.613
2014-01-04 21:15:00,67.471
2014-01-04 21:20:00,68.425
2014-01-04 21:25:00,66.844
2014-01-04 21:30:00,68.297
2014-01-04 21:35:00,67.005
2014-01-04 21:40:00,66.128
2014-01-04 21:45:00,68.237
2014-01-04 21:50:00,71.007
2014-01-04 21:55:00,69.571
2014-01-04 22:00:00,70.528
2014-01-04 22:05:00,69.626
2014-01-04 22:10:00,70.416
2014-01-04 22:15:00,67.831
2014-01-04 22:20:00,69.396
2014-01-04 22:25:00,69.385
2014-01-04 22:30:00,68.955
2014-01-04 22:35:00,70.899
2014-01-04 22:40:00,71.394
2014-01-04 22:45:00,71.506
2014-01-04 22:50:00,71.175
2014-01-04 22:55:00,72.242
2014-01-04 23:00:00,71.633
2014-01-04 23:05:00,72.041
2014-01-04 23:10:00,71.168
2014-01-04 23:15:00,72.673
2014-01-04 23:20:00,72.673
2014-01-04 23:25:00,71.081
2014-01-04 23:30:00,71.673
2014-01-04 23:35:00,73.885
2014-01-04 23:40:00,71.173
2014-01-04 23:45:00,72.387
2014-01-04 23:50:00,74.246
2014-01-04 23:55:00,73.965
2014-01-05 00:00:00,74.461
2014-01-05 00:05:00,74.142
2014-01-05 00:10:00,73.112
2014-01-05 00:15:00,71.534
2014-01-05 00:20:00,76.255
2014-01-05 00:25:00,74.881
2014-01-05 00:30:00,72.962
2014-01-05 00:35:00,74.283
2014-01-05 00:40:00,73.488
2014-01-05 00:45:00,74.23
2014-01-05 00:50:00,75.167
2014-01-05 00:55:00,73.709
2014-01-05 01:00:00,76.928
2014-01-05 01:05:00,74.35
2014-01-05 01:10:00,74.301
2014-01-05 01:15:00,76.347
2014-01-05 01:20:00,73.627
2014-01-05 01:25:00,75.251
2014-01-05 01:30:00,77.718
2014-01-05 01:35:00,75.366
2014-01-05 01:40:00,75.593
2014-01-05 01:45:00,74.701
2014-01-05 01:50:00,74.338
2014-01-05 01:55:00,75.252
2014-01-05 02:00:00,78.309
2014-01-05 02:05:00,76.733
2014-01-05 02:10:00,76.325
2014-01-05 02:15:00,76.557
2014-01-05 02:20:00,76.922
2014-01-05 02:25:00,75.415
2014-01-05 02:30:00,75.827
2014-01-05 02:35:00,75.802
2014-01-05 02:40:00,76.446
2014-01-05 02:45:00,74.774
2014-01-05 02:50:00,74.387
2014-01-05 02:55:00,75.085
2014-01-05 03:00:00,76.451
2014-01-05 03:05:00,74.673
2014-01-05 03:10:00,76.923
2014-01-05 03:15:00,74.624
2014-01-05 03:20:00,75.74
2014-01-05 03:25:00,74.334
2014-01-05 03:30:00,76.719
2014-01-05 03:35:00,74.131
2014-01-05 03:40:00,73.541
2014-01-05 03:45:00,76.007
2014-01-05 03:50:00,76.297
2014-01-05 03:55:00,76.8
2014-01-05 04:00:00,76.057
2014-01-05 04:05:00,76.318
2014-01-05 04:10:00,75.995
2014-01-05 04:15:00,75.975
2014-01-05 04:20:00,77.334
2014-01-05 04:25:00,75.377
2014-01-05 04:30:00,74.408
2014-01-05 04:35:00,77.09
2014-01-05 04:40:00,76.62
2014-01-05 04:45:00,76.084
2014-01-05 04:50:00,74.675
2014-01-05 04:55:00,75.833
2014-01-05 05:00:00,77.205
2014-01-05 05:05:00,74.531
2014-01-05 05:10:00,75.828
2014-01-05 05:15:00,73.328
2014-01-05 05:20:00,73.735
2014-01-05 05:25:00,75.932
2014-01-05 05:30:00,75.451
2014-01-05 05:35:00,74.143
2014-01-05 05:40:00,73.16
2014-01-05 05:45:00,73.465
2014-01-05 05:50:00,76.706
2014-01-05 05:55:00,74.213
2014-01-05 06:00:00,75.067
2014-01-05 06:05:00,74.61
2014-01-05 06:10:00,74.118
2014-01-05 06:15:00,74.206
2014-01-05 06:20:00,73.155
2014-01-05 06:25:00,74.776
2014-01-05 06:30:00,73.398
2014-01-05 06:35:00,72.78
2014-01-05 06:40:00,73.672
2014-01-05 06:45:00,72.846
2014-01-05 06:50:00,73.227
2014-01-05 06:55:00,71.596
2014-01-05 07:00:00,70.343
2014-01-05 07:05:00,69.685
2014-01-05 07:10:00,70.406
2014-01-05 07:15:00,70.819
2014-01-05 07:20:00,71.178
2014-01-05 07:25:00,71.727
2014-01-05 07:30:00,72.141
2014-01-05 07:35:00,72.059
2014-01-05 07:40:00,69.839
2014-01-05 07:45:00,73.365
2014-01-05 07:50:00,70.792
2014-01-05 07:55:00,70.05
2014-01-05 08:00:00,70.488
2014-01-05 08:05:00,70.761
2014-01-05 08:10:00,70.697
2014-01-05 08:15:00,69.446
2014-01-05 08:20:00,71.782
2014-01-05 08:25:00,67.9
2014-01-05 08:30:00,70.173
2014-01-05 08:35:00,70.353
2014-01-05 08:40:00,69.199
2014-01-05 08:45:00,67.948
2014-01-05 08:50:00,69.011
2014-01-05 08:55:00,69.857
2014-01-05 09:00:00,68.665
2014-01-05 09:05:00,67.77
2014-01-05 09:10:00,65.774
2014-01-05 09:15:00,68.413
2014-01-05 09:20:00,65.539
2014-01-05 09:25:00,69.023
2014-01-05 09:30:00,66.6
2014-01-05 09:35:00,68.745
2014-01-05 09:40:00,68.375
2014-01-05 09:45:00,66.981
2014-01-05 09:50:00,66.6
2014-01-05 09:55:00,69.015
2014-01-05 10:00:00,66.186
2014-01-05 10:05:00,65.976
2014-01-05 10:10:00,65.607
2014-01-05 10:15:00,65.099
2014-01-05 10:20:00,65.843
2014-01-05 10:25:00,65.483
2014-01-05 10:30:00,62.277
2014-01-05 10:35:00,64.081
2014-01-05 10:40:00,66.709
2014-01-05 10:45:00,66.049
2014-01-05 10:50:00,67.66
2014-01-05 10:55:00,62.697
2014-01-05 11:00:00,62.162
2014-01-05 11:05:00,65.687
2014-01-05 11:10:00,62.978
2014-01-05 11:15:00,65.145
2014-01-05 11:20:00,63.165
2014-01-05 11:25:00,65.212
2014-01-05 11:30:00,63.27
2014-01-05 11:35:00,63.334
2014-01-05 11:40:00,65.169
2014-01-05 11:45:00,64.141
2014-01-05 11:50:00,62.321
2014-01-05 11:55:00,59.633
2014-01-05 12:00:00,64.736
2014-01-05 12:05:00,62.577
2014-01-05 12:10:00,62.902
2014-01-05 12:15:00,61.364
2014-01-05 12:20:00,62.197
2014-01-05 12:25:00,61.245
2014-01-05 12:30:00,61.274
2014-01-05 12:35:00,58.967
2014-01-05 12:40:00,62.762
2014-01-05 12:45:00,62.038
2014-01-05 12:50:00,60.72
2014-01-05 12:55:00,62.961
2014-01-05 13:00:00,61.211
2014-01-05 13:05:00,60.857
2014-01-05 13:10:00,60.061
2014-01-05 13:15:00,63.046
2014-01-05 13:20:00,63.661
2014-01-05 13:25:00,59.784
2014-01-05 13:30:00,59.726
2014-01-05 13:35:00,60.57
2014-01-05 13:40:00,61.761
2014-01-05 13:45:00,60.827
2014-01-05 13:50:00,60.496
2014-01-05 13:55:00,61.586
2014-01-05 14:00:00,60.833
2014-01-05 14:05:00,60.201
2014-01-05 14:10:00,60.265
2014-01-05 14:15:00,60.002
2014-01-05 14:20:00,61.594
2014-01-05 14:25:00,60.339
2014-01-05 14:30:00,60.292
2014-01-05 14:35:00,60.288
2014-01-05 14:40:00,61.387
2014-01-05 14:45:00,59.758
2014-01-05 14:50:00,62.556
2014-01-05 14:55:00,59.176
2014-01-05 15:00:00,58.437
2014-01-05 15:05:00,60.486
2014-01-05 15:10:00,60.618
2014-01-05 15:15:00,59.683
2014-01-05 15:20:00,64.149
2014-01-05 15:25:00,60.734
2014-01-05 15:30:00,61.727
2014-01-05 15:35:00,60.977
2014-01-05 15:40:00,60.669
2014-01-05 15:45:00,59.176
2014-01-05 15:50:00,60.499
2014-01-05 15:55:00,60.988
2014-01-05 16:00:00,58.795
2014-01-05 16:05:00,57.646
2014-01-05 16:10:00,61.923
2014-01-05 16:15:00,61.266
2014-01-05 16:20:00,61.094
2014-01-05 16:25:00,60.275
2014-01-05 16:30:00,61.646
2014-01-05 16:35:00,59.061
2014-01-05 16:40:00,60.084
2014-01-05 16:45:00,60.165
2014-01-05 16:50:00,62.346
2014-01-05 16:55:00,60.679
2014-01-05 17:00:00,60.352
2014-01-05 17:05:00,62.17
2014-01-05 17:10:00,62.4
2014-01-05 17:15:00,61.18
2014-01-05 17:20:00,61.914
2014-01-05 17:25:00,59.985
2014-01-05 17:30:00,60.939
2014-01-05 17:35:00,60.61
2014-01-05 17:40:00,61.501
2014-01-05 17:45:00,62.855
2014-01-05 17:50:00,61.147
2014-01-05 17:55:00,63.0
2014-01-05 18:00:00,63.273
2014-01-05 18:05:00,61.316
2014-01-05 18:10:00,65.11
2014-01-05 18:15:00,62.336
2014-01-05 18:20:00,61.466
2014-01-05 18:25:00,61.782
2014-01-05 18:30:00,63.592
2014-01-05 18:35:00,62.937
2014-01-05 18:40:00,63.468
2014-01-05 18:45:00,60.645
2014-01-05 18:50:00,62.509
2014-01-05 18:55:00,61.974
2014-01-05 19:00:00,64.853
2014-01-05 19:05:00,63.279
2014-01-05 19:10:00,63.519
2014-01-05 19:15:00,64.414
2014-01-05 19:20:00,65.939
2014-01-05 19:25:00,65.708
2014-01-05 19:30:00,65.897
2014-01-05 19:35:00,64.064
2014-01-05 19:40:00,64.743
2014-01-05 19:45:00,65.348
2014-01-05 19:50:00,64.275
2014-01-05 19:55:00,65.532
2014-01-05 20:00:00,65.883
2014-01-05 20:05:00,66.842
2014-01-05 20:10:00,63.86
2014-01-05 20:15:00,65.932
2014-01-05 20:20:00,66.592
2014-01-05 20:25:00,68.793
2014-01-05 20:30:00,67.602
2014-01-05 20:35:00,66.381
2014-01-05 20:40:00,66.319
2014-01-05 20:45:00,68.183
2014-01-05 20:50:00,68.117
2014-01-05 20:55:00,66.654
2014-01-05 21:00:00,68.027
2014-01-05 21:05:00,69.908
2014-01-05 21:10:00,68.993
2014-01-05 21:15:00,67.536
2014-01-05 21:20:00,66.865
2014-01-05 21:25:00,69.561
2014-01-05 21:30:00,69.237
2014-01-05 21:35:00,70.365
2014-01-05 21:40:00,70.878
2014-01-05 21:45:00,68.651
2014-01-05 21:50:00,69.706
2014-01-05 21:55:00,68.801
2014-01-05 22:00:00,67.937
2014-01-05 22:05:00,69.882
2014-01-05 22:10:00,71.365
2014-01-05 22:15:00,70.691
2014-01-05 22:20:00,70.717
2014-01-05 22:25:00,69.075
2014-01-05 22:30:00,71.241
2014-01-05 22:35:00,71.244
2014-01-05 22:40:00,71.411
2014-01-05 22:45:00,71.086
2014-01-05 22:50:00,71.365
2014-01-05 22:55:00,72.564
2014-01-05 23:00:00,72.523
2014-01-05 23:05:00,69.981
2014-01-05 23:10:00,72.75
2014-01-05 23:15:00,72.153
2014-01-05 23:20:00,72.829
2014-01-05 23:25:00,73.722
2014-01-05 23:30:00,73.838
2014-01-05 23:35:00,75.35
2014-01-05 23:40:00,73.045
2014-01-05 23:45:00,74.252
2014-01-05 23:50:00,72.306
2014-01-05 23:55:00,74.501
2014-01-06 00:00:00,72.214
2014-01-06 00:05:00,75.036
2014-01-06 00:10:00,72.828
2014-01-06 00:15:00,72.688
2014-01-06 00:20:00,75.073
2014-01-06 00:25:00,75.376
2014-01-06 00:30:00,76.647
2014-01-06 00:35:00,74.329
2014-01-06 00:40:00,74.233
2014-01-06 00:45:00,74.88
2014-01-06 00:50:00,73.561
2014-01-06 00:55:00,74.193
2014-01-06 01:00:00,75.426
2014-01-06 01:05:00,73.875
2014-01-06 01:10:00,72.839
2014-01-06 01:15:00,73.788
2014-01-06 01:20:00,75.737
2014-01-06 01:25:00,74.306
2014-01-06 01:30:00,77.001
2014-01-06 01:35:00,76.882
2014-01-06 01:40:00,76.763
2014-01-06 01:45:00,75.804
2014-01-06 01:50:00,76.258
2014-01-06 01:55:00,74.703
2014-01-06 02:00:00,76.669
2014-01-06 02:05:00,77.332
2014-01-06 02:10:00,76.442
2014-01-06 02:15:00,74.869
2014-01-06 02:20:00,74.464
2014-01-06 02:25:00,76.257
2014-01-06 02:30:00,76.314
2014-01-06 02:35:00,79.161
2014-01-06 02:40:00,74.929
2014-01-06 02:45:00,74.772
2014-01-06 02:50:00,77.066
2014-01-06 02:55:00,76.132
2014-01-06 03:00:00,80.069
2014-01-06 03:05:00,75.256
2014-01-06 03:10:00,78.587
2014-01-06 03:15:00,75.642
2014-01-06 03:20:00,76.734
2014-01-06 03:25:00,76.431
2014-01-06 03:30:00,75.601
2014-01-06 03:35:00,78.361
2014-01-06 03:40:00,77.403
2014-01-06 03:45:00,75.572
2014-01-06 03:50:00,78.228
2014-01-06 03:55:00,75.659
2014-01-06 04:00:00,78.254
2014-01-06 04:05:00,76.834
2014-01-06 04:10:00,75.634
2014-01-06 04:15:00,76.62
2014-01-06 04:20:00,75.482
2014-01-06 04:25:00,74.352
2014-01-06 04:30:00,78.055
2014-01-06 04:35:00,75.636
2014-01-06 04:40:00,75.371
2014-01-06 04:45:00,74.501
2014-01-06 04:50:00,76.481
2014-01-06 04:55:00,73.663
2014-01-06 05:00:00,74.769
2014-01-06 05:05:00,76.192
2014-01-06 05:10:00,74.436
2014-01-06 05:15:00,76.531
2014-01-06 05:20:00,76.489
2014-01-06 05:25:00,76.697
2014-01-06 05:30:00,75.232
2014-01-06 05:35:00,74.544
2014-01-06 05:40:00,74.53
2014-01-06 05:45:00,77.504
2014-01-06 05:50:00,75.802
2014-01-06 05:55:00,75.335
2014-01-06 06:00:00,75.39
2014-01-06 06:05:00,77.023
2014-01-06 06:10:00,76.442
2014-01-06 06:15:00,72.588
2014-01-06 06:20:00,74.773
2014-01-06 06:25:00,76.518
2014-01-06 06:30:00,73.971
2014-01-06 06:35:00,74.003
2014-01-06 06:40:00,73.093
2014-01-06 06:45:00,74.438
2014-01-06 06:50:00,73.267
2014-01-06 06:55:00,75.139
2014-01-06 07:00:00,72.168
2014-01-06 07:05:00,72.904
2014-01-06 07:10:00,73.356
2014-01-06 07:15:00,72.549
2014-01-06 07:20:00,72.471
2014-01-06 07:25:00,72.972
2014-01-06 07:30:00,72.171
2014-01-06 07:35:00,72.54
2014-01-06 07:40:00,70.616
2014-01-06 07:45:00,73.562
2014-01-06 07:50:00,69.646
2014-01-06 07:55:00,70.976
2014-01-06 08:00:00,73.297
2014-01-06 08:05:00,68.873
2014-01-06 08:10:00,73.801
2014-01-06 08:15:00,70.419
2014-01-06 08:20:00,70.614
2014-01-06 08:25:00,70.788
2014-01-06 08:30:00,71.93
2014-01-06 08:35:00,70.296
2014-01-06 08:40:00,71.094
2014-01-06 08:45:00,71.297
2014-01-06 08:50:00,71.848
2014-01-06 08:55:00,70.09
2014-01-06 09:00:00,68.907
2014-01-06 09:05:00,68.0
2014-01-06 09:10:00,68.467
2014-01-06 09:15:00,68.736
2014-01-06 09:20:00,68.257
2014-01-06 09:25:00,69.729
2014-01-06 09:30:00,66.266
2014-01-06 09:35:00,67.677
2014-01-06 09:40:00,69.238
2014-01-06 09:45:00,67.678
2014-01-06 09:50:00,67.821
2014-01-06 09:55:00,68.556
2014-01-06 10:00:00,69.406
2014-01-06 10:05:00,68.916
2014-01-06 10:10:00,66.38
2014-01-06 10:15:00,64.862
2014-01-06 10:20:00,67.022
2014-01-06 10:25:00,65.577
2014-01-06 10:30:00,66.064
2014-01-06 10:35:00,65.49
2014-01-06 10:40:00,67.664
2014-01-06 10:45:00,65.563
2014-01-06 10:50:00,65.783
2014-01-06 10:55:00,67.021
2014-01-06 11:00:00,66.233
2014-01-06 11:05:00,65.236
2014-01-06 11:10:00,65.739
2014-01-06 11:15:00,67.117
2014-01-06 11:20:00,66.113
2014-01-06 11:25:00,64.803
2014-01-06 11:30:00,65.416
2014-01-06 11:35:00,64.902
2014-01-06 11:40:00,66.184
2014-01-06 11:45:00,64.018
2014-01-06 11:50:00,65.049
2014-01-06 11:55:00,66.699
2014-01-06 12:00:00,63.058
2014-01-06 12:05:00,63.907
2014-01-06 12:10:00,65.672
2014-01-06 12:15:00,65.895
2014-01-06 12:20:00,64.573
2014-01-06 12:25:00,63.917
2014-01-06 12:30:00,63.248
2014-01-06 12:35:00,61.143
2014-01-06 12:40:00,62.058
2014-01-06 12:45:00,64.313
2014-01-06 12:50:00,62.342
2014-01-06 12:55:00,62.503
2014-01-06 13:00:00,62.983
2014-01-06 13:05:00,62.463
2014-01-06 13:10:00,62.015
2014-01-06 13:15:00,59.847
2014-01-06 13:20:00,62.889
2014-01-06 13:25:00,62.302
2014-01-06 13:30:00,62.548
2014-01-06 13:35:00,61.694
2014-01-06 13:40:00,62.912
2014-01-06 13:45:00,61.021
2014-01-06 13:50:00,63.756
2014-01-06 13:55:00,62.909
2014-01-06 14:00:00,63.048
2014-01-06 14:05:00,61.565
2014-01-06 14:10:00,59.084
2014-01-06 14:15:00,60.479
2014-01-06 14:20:00,59.611
2014-01-06 14:25:00,61.726
2014-01-06 14:30:00,62.119
2014-01-06 14:35:00,64.09
2014-01-06 14:40:00,60.771
2014-01-06 14:45:00,60.993
2014-01-06 14:50:00,59.616
2014-01-06 14:55:00,64.858
2014-01-06 15:00:00,62.299
2014-01-06 15:05:00,63.091
2014-01-06 15:10:00,61.049
2014-01-06 15:15:00,61.181
2014-01-06 15:20:00,61.244
2014-01-06 15:25:00,58.82
2014-01-06 15:30:00,60.668
2014-01-06 15:35:00,61.565
2014-01-06 15:40:00,61.98
2014-01-06 15:45:00,63.053
2014-01-06 15:50:00,62.008
2014-01-06 15:55:00,60.978
2014-01-06 16:00:00,60.73
2014-01-06 16:05:00,61.036
2014-01-06 16:10:00,64.058
2014-01-06 16:15:00,62.147
2014-01-06 16:20:00,61.909
2014-01-06 16:25:00,63.955
2014-01-06 16:30:00,62.776
2014-01-06 16:35:00,62.693
2014-01-06 16:40:00,60.828
2014-01-06 16:45:00,63.434
2014-01-06 16:50:00,60.951
2014-01-06 16:55:00,62.311
2014-01-06 17:00:00,60.991
2014-01-06 17:05:00,64.529
2014-01-06 17:10:00,63.34
2014-01-06 17:15:00,62.346
2014-01-06 17:20:00,61.671
2014-01-06 17:25:00,62.382
2014-01-06 17:30:00,63.359
2014-01-06 17:35:00,60.806
2014-01-06 17:40:00,64.254
2014-01-06 17:45:00,64.534
2014-01-06 17:50:00,63.38
2014-01-06 17:55:00,64.069
2014-01-06 18:00:00,64.948
2014-01-06 18:05:00,64.68
2014-01-06 18:10:00,64.301
2014-01-06 18:15:00,63.388
2014-01-06 18:20:00,63.795
2014-01-06 18:25:00,64.344
2014-01-06 18:30:00,62.008
2014-01-06 18:35:00,65.075
2014-01-06 18:40:00,63.302
2014-01-06 18:45:00,65.151
2014-01-06 18:50:00,65.077
2014-01-06 18:55:00,64.823
2014-01-06 19:00:00,63.231
2014-01-06 19:05:00,66.093
2014-01-06 19:10:00,65.983
2014-01-06 19:15:00,66.002
2014-01-06 19:20:00,66.334
2014-01-06 19:25:00,65.143
2014-01-06 19:30:00,67.75
2014-01-06 19:35:00,66.531
2014-01-06 19:40:00,67.657
2014-01-06 19:45:00,65.75
2014-01-06 19:50:00,66.147
2014-01-06 19:55:00,67.509
2014-01-06 20:00:00,67.669
2014-01-06 20:05:00,67.505
2014-01-06 20:10:00,69.183
2014-01-06 20:15:00,65.899
2014-01-06 20:20:00,68.092
2014-01-06 20:25:00,66.547
2014-01-06 20:30:00,70.469
2014-01-06 20:35:00,68.913
2014-01-06 20:40:00,70.603
2014-01-06 20:45:00,70.867
2014-01-06 20:50:00,68.346
2014-01-06 20:55:00,68.815
2014-01-06 21:00:00,71.143
2014-01-06 21:05:00,68.705
2014-01-06 21:10:00,69.66
2014-01-06 21:15:00,69.542
2014-01-06 21:20:00,68.837
2014-01-06 21:25:00,72.792
2014-01-06 21:30:00,71.4
2014-01-06 21:35:00,70.26
2014-01-06 21:40:00,69.294
2014-01-06 21:45:00,70.931
2014-01-06 21:50:00,72.056
2014-01-06 21:55:00,73.573
2014-01-06 22:00:00,74.103
2014-01-06 22:05:00,72.035
2014-01-06 22:10:00,73.93
2014-01-06 22:15:00,72.428
2014-01-06 22:20:00,73.443
2014-01-06 22:25:00,72.762
2014-01-06 22:30:00,72.058
2014-01-06 22:35:00,74.676
2014-01-06 22:40:00,72.748
2014-01-06 22:45:00,72.397
2014-01-06 22:50:00,72.273
2014-01-06 22:55:00,74.568
2014-01-06 23:00:00,74.597
2014-01-06 23:05:00,74.778
2014-01-06 23:10:00,74.195
2014-01-06 23:15:00,72.471
2014-01-06 23:20:00,75.802
2014-01-06 23:25:00,75.297
2014-01-06 23:30:00,75.104
2014-01-06 23:35:00,73.68
2014-01-06 23:40:00,74.018
2014-01-06 23:45:00,75.826
2014-01-06 23:50:00,74.302
2014-01-06 23:55:00,76.124
2014-01-07 00:00:00,75.704
2014-01-07 00:05:00,76.127
2014-01-07 00:10:00,76.918
2014-01-07 00:15:00,76.85
2014-01-07 00:20:00,76.339
2014-01-07 00:25:00,75.063
2014-01-07 00:30:00,75.971
2014-01-07 00:35:00,77.999
2014-01-07 00:40:00,76.761
2014-01-07 00:45:00,78.734
2014-01-07 00:50:00,75.03
2014-01-07 00:55:00,78.655
2014-01-07 01:00:00,75.73
2014-01-07 01:05:00,75.335
2014-01-07 01:10:00,76.039
2014-01-07 01:15:00,76.006
2014-01-07 01:20:00,79.216
2014-01-07 01:25:00,76.246
2014-01-07 01:30:00,78.002
2014-01-07 01:35:00,77.318
2014-01-07 01:40:00,75.711
2014-01-07 01:45:00,78.266
2014-01-07 01:50:00,78.0
2014-01-07 01:55:00,76.401
2014-01-07 02:00:00,79.169
2014-01-07 02:05:00,76.952
2014-01-07 02:10:00,75.912
2014-01-07 02:15:00,79.338
2014-01-07 02:20:00,77.64
2014-01-07 02:25:00,76.798
2014-01-07 02:30:00,77.551
2014-01-07 02:35:00,77.565
2014-01-07 02:40:00,78.225
2014-01-07 02:45:00,76.882
2014-01-07 02:50:00,79.715
2014-01-07 02:55:00,78.958
2014-01-07 03:00:00,78.119
2014-01-07 03:05:00,80.567
2014-01-07 03:10:00,78.642
2014-01-07 03:15:00,78.929
2014-01-07 03:20:00,78.295
2014-01-07 03:25:00,78.45
2014-01-07 03:30:00,79.947
2014-01-07 03:35:00,77.81
2014-01-07 03:40:00,79.453
2014-01-07 03:45:00,77.563
2014-01-07 03:50:00,77.639
2014-01-07 03:55:00,77.24
2014-01-07 04:00:00,76.582
2014-01-07 04:05:00,78.923
2014-01-07 04:10:00,76.756
2014-01-07 04:15:00,79.35
2014-01-07 04:20:00,79.299
2014-01-07 04:25:00,77.754
2014-01-07 04:30:00,78.96
2014-01-07 04:35:00,78.638
2014-01-07 04:40:00,79.21
2014-01-07 04:45:00,76.694
2014-01-07 04:50:00,78.378
2014-01-07 04:55:00,79.157
2014-01-07 05:00:00,77.455
2014-01-07 05:05:00,78.144
2014-01-07 05:10:00,76.9
2014-01-07 05:15:00,80.164
2014-01-07 05:20:00,78.456
2014-01-07 05:25:00,77.076
2014-01-07 05:30:00,78.884
2014-01-07 05:35:00,76.996
2014-01-07 05:40:00,77.473
2014-01-07 05:45:00,77.845
2014-01-07 05:50:00,78.72
2014-01-07 05:55:00,76.37
2014-01-07 06:00:00,79.045
2014-01-07 06:05:00,77.727
2014-01-07 06:10:00,77.647
2014-01-07 06:15:00,77.322
2014-01-07 06:20:00,77.526
2014-01-07 06:25:00,76.64
2014-01-07 06:30:00,76.134
2014-01-07 06:35:00,77.596
2014-01-07 06:40:00,76.134
2014-01-07 06:45:00,76.578
2014-01-07 06:50:00,74.218
2014-01-07 06:55:00,77.138
2014-01-07 07:00:00,75.655
2014-01-07 07:05:00,76.781
2014-01-07 07:10:00,75.584
2014-01-07 07:15:00,74.678
2014-01-07 07:20:00,75.509
2014-01-07 07:25:00,73.406
2014-01-07 07:30:00,72.153
2014-01-07 07:35:00,72.98
2014-01-07 07:40:00,75.503
2014-01-07 07:45:00,72.929
2014-01-07 07:50:00,73.013
2014-01-07 07:55:00,74.662
2014-01-07 08:00:00,73.962
2014-01-07 08:05:00,72.314
2014-01-07 08:10:00,72.972
2014-01-07 08:15:00,72.34
2014-01-07 08:20:00,73.735
2014-01-07 08:25:00,73.092
2014-01-07 08:30:00,71.261
2014-01-07 08:35:00,70.672
2014-01-07 08:40:00,70.138
2014-01-07 08:45:00,72.542
2014-01-07 08:50:00,72.546
2014-01-07 08:55:00,71.8
2014-01-07 09:00:00,70.321
2014-01-07 09:05:00,69.744
2014-01-07 09:10:00,71.988
2014-01-07 09:15:00,67.689
2014-01-07 09:20:00,71.291
2014-01-07 09:25:00,70.019
2014-01-07 09:30:00,69.87
2014-01-07 09:35:00,72.855
2014-01-07 09:40:00,70.791
2014-01-07 09:45:00,70.089
2014-01-07 09:50:00,69.546
2014-01-07 09:55:00,67.835
2014-01-07 10:00:00,67.978
2014-01-07 10:05:00,67.106
2014-01-07 10:10:00,68.886
2014-01-07 10:15:00,67.282
2014-01-07 10:20:00,68.62
2014-01-07 10:25:00,68.075
2014-01-07 10:30:00,69.073
2014-01-07 10:35:00,68.37
2014-01-07 10:40:00,67.792
2014-01-07 10:45:00,67.731
2014-01-07 10:50:00,66.588
2014-01-07 10:55:00,68.082
2014-01-07 11:00:00,67.439
2014-01-07 11:05:00,69.78
2014-01-07 11:10:00,68.459
2014-01-07 11:15:00,67.226
2014-01-07 11:20:00,68.257
2014-01-07 11:25:00,65.362
2014-01-07 11:30:00,65.89
2014-01-07 11:35:00,64.735
2014-01-07 11:40:00,67.256
2014-01-07 11:45:00,67.008
2014-01-07 11:50:00,64.828
2014-01-07 11:55:00,67.187
2014-01-07 12:00:00,66.204
2014-01-07 12:05:00,64.37
2014-01-07 12:10:00,65.329
2014-01-07 12:15:00,65.133
2014-01-07 12:20:00,67.556
2014-01-07 12:25:00,64.936
2014-01-07 12:30:00,65.93
2014-01-07 12:35:00,65.046
2014-01-07 12:40:00,66.9
2014-01-07 12:45:00,63.892
2014-01-07 12:50:00,65.659
2014-01-07 12:55:00,64.546
2014-01-07 13:00:00,63.865
2014-01-07 13:05:00,64.479
2014-01-07 13:10:00,66.229
2014-01-07 13:15:00,65.029
2014-01-07 13:20:00,63.341
2014-01-07 13:25:00,63.189
2014-01-07 13:30:00,65.109
2014-01-07 13:35:00,65.398
2014-01-07 13:40:00,62.937
2014-01-07 13:45:00,62.732
2014-01-07 13:50:00,62.902
2014-01-07 13:55:00,62.29
2014-01-07 14:00:00,64.357
2014-01-07 14:05:00,63.836
2014-01-07 14:10:00,62.952
2014-01-07 14:15:00,61.441
2014-01-07 14:20:00,62.936
2014-01-07 14:25:00,62.057
2014-01-07 14:30:00,64.229
2014-01-07 14:35:00,63.931
2014-01-07 14:40:00,64.017
2014-01-07 14:45:00,63.047
2014-01-07 14:50:00,64.284
2014-01-07 14:55:00,64.351
2014-01-07 15:00:00,63.864
2014-01-07 15:05:00,64.808
2014-01-07 15:10:00,63.079
2014-01-07 15:15:00,61.858
2014-01-07 15:20:00,61.725
2014-01-07 15:25:00,65.248
2014-01-07 15:30:00,61.835
2014-01-07 15:35:00,63.903
2014-01-07 15:40:00,63.378
2014-01-07 15:45:00,63.216
2014-01-07 15:50:00,64.895
2014-01-07 15:55:00,65.197
2014-01-07 16:00:00,62.603
2014-01-07 16:05:00,63.706
2014-01-07 16:10:00,63.754
2014-01-07 16:15:00,61.908
2014-01-07 16:20:00,64.396
2014-01-07 16:25:00,64.322
2014-01-07 16:30:00,63.703
2014-01-07 16:35:00,65.607
2014-01-07 16:40:00,61.877
2014-01-07 16:45:00,64.867
2014-01-07 16:50:00,63.38
2014-01-07 16:55:00,62.84
2014-01-07 17:00:00,65.053
2014-01-07 17:05:00,64.112
2014-01-07 17:10:00,63.755
2014-01-07 17:15:00,66.483
2014-01-07 17:20:00,62.984
2014-01-07 17:25:00,63.228
2014-01-07 17:30:00,63.819
2014-01-07 17:35:00,65.19
2014-01-07 17:40:00,64.918
2014-01-07 17:45:00,64.961
2014-01-07 17:50:00,64.032
2014-01-07 17:55:00,64.101
2014-01-07 18:00:00,65.775
2014-01-07 18:05:00,63.342
2014-01-07 18:10:00,66.338
2014-01-07 18:15:00,65.423
2014-01-07 18:20:00,67.212
2014-01-07 18:25:00,66.525
2014-01-07 18:30:00,66.724
2014-01-07 18:35:00,66.557
2014-01-07 18:40:00,63.769
2014-01-07 18:45:00,67.033
2014-01-07 18:50:00,66.52
2014-01-07 18:55:00,68.136
2014-01-07 19:00:00,66.027
2014-01-07 19:05:00,65.971
2014-01-07 19:10:00,68.579
2014-01-07 19:15:00,66.53
2014-01-07 19:20:00,68.509
2014-01-07 19:25:00,66.185
2014-01-07 19:30:00,67.853
2014-01-07 19:35:00,68.611
2014-01-07 19:40:00,68.081
2014-01-07 19:45:00,68.108
2014-01-07 19:50:00,69.644
2014-01-07 19:55:00,66.408
2014-01-07 20:00:00,67.928
2014-01-07 20:05:00,67.074
2014-01-07 20:10:00,68.161
2014-01-07 20:15:00,68.496
2014-01-07 20:20:00,70.089
2014-01-07 20:25:00,69.478
2014-01-07 20:30:00,70.651
2014-01-07 20:35:00,71.511
2014-01-07 20:40:00,72.043
2014-01-07 20:45:00,70.148
2014-01-07 20:50:00,67.078
2014-01-07 20:55:00,71.206
2014-01-07 21:00:00,72.437
2014-01-07 21:05:00,69.729
2014-01-07 21:10:00,70.631
2014-01-07 21:15:00,72.36
2014-01-07 21:20:00,72.317
2014-01-07 21:25:00,72.626
2014-01-07 21:30:00,72.749
2014-01-07 21:35:00,69.96
2014-01-07 21:40:00,73.389
2014-01-07 21:45:00,71.989
2014-01-07 21:50:00,75.411
2014-01-07 21:55:00,74.987
2014-01-07 22:00:00,73.018
2014-01-07 22:05:00,74.915
2014-01-07 22:10:00,72.695
2014-01-07 22:15:00,74.197
2014-01-07 22:20:00,74.484
2014-01-07 22:25:00,75.087
2014-01-07 22:30:00,72.485
2014-01-07 22:35:00,76.911
2014-01-07 22:40:00,74.97
2014-01-07 22:45:00,76.14
2014-01-07 22:50:00,74.484
2014-01-07 22:55:00,75.061
2014-01-07 23:00:00,75.048
2014-01-07 23:05:00,75.475
2014-01-07 23:10:00,75.259
2014-01-07 23:15:00,76.483
2014-01-07 23:20:00,78.545
2014-01-07 23:25:00,74.202
2014-01-07 23:30:00,75.265
2014-01-07 23:35:00,74.012
2014-01-07 23:40:00,76.104
2014-01-07 23:45:00,76.382
2014-01-07 23:50:00,77.239
2014-01-07 23:55:00,76.195
2014-01-08 00:00:00,74.729
2014-01-08 00:05:00,75.892
2014-01-08 00:10:00,77.659
2014-01-08 00:15:00,77.154
2014-01-08 00:20:00,79.867
2014-01-08 00:25:00,79.543
2014-01-08 00:30:00,77.633
2014-01-08 00:35:00,78.669
2014-01-08 00:40:00,78.698
2014-01-08 00:45:00,79.933
2014-01-08 00:50:00,79.183
2014-01-08 00:55:00,78.121
2014-01-08 01:00:00,77.317
2014-01-08 01:05:00,77.509
2014-01-08 01:10:00,78.525
2014-01-08 01:15:00,77.679
2014-01-08 01:20:00,77.696
2014-01-08 01:25:00,79.152
2014-01-08 01:30:00,77.064
2014-01-08 01:35:00,77.914
2014-01-08 01:40:00,81.576
2014-01-08 01:45:00,76.597
2014-01-08 01:50:00,80.342
2014-01-08 01:55:00,79.562
2014-01-08 02:00:00,78.326
2014-01-08 02:05:00,80.351
2014-01-08 02:10:00,77.964
2014-01-08 02:15:00,79.728
2014-01-08 02:20:00,79.317
2014-01-08 02:25:00,79.484
2014-01-08 02:30:00,79.51
2014-01-08 02:35:00,80.419
2014-01-08 02:40:00,80.573
2014-01-08 02:45:00,81.399
2014-01-08 02:50:00,79.113
2014-01-08 02:55:00,79.695
2014-01-08 03:00:00,80.461
2014-01-08 03:05:00,80.551
2014-01-08 03:10:00,78.001
2014-01-08 03:15:00,79.64
2014-01-08 03:20:00,80.584
2014-01-08 03:25:00,81.894
2014-01-08 03:30:00,77.721
2014-01-08 03:35:00,81.027
2014-01-08 03:40:00,78.207
2014-01-08 03:45:00,80.197
2014-01-08 03:50:00,79.736
2014-01-08 03:55:00,78.934
2014-01-08 04:00:00,79.381
2014-01-08 04:05:00,80.184
2014-01-08 04:10:00,80.725
2014-01-08 04:15:00,79.464
2014-01-08 04:20:00,80.686
2014-01-08 04:25:00,77.99
2014-01-08 04:30:00,78.556
2014-01-08 04:35:00,77.614
2014-01-08 04:40:00,79.475
2014-01-08 04:45:00,79.67
2014-01-08 04:50:00,80.09
2014-01-08 04:55:00,79.216
2014-01-08 05:00:00,80.021
2014-01-08 05:05:00,76.821
2014-01-08 05:10:00,79.074
2014-01-08 05:15:00,77.911
2014-01-08 05:20:00,79.41
2014-01-08 05:25:00,78.077
2014-01-08 05:30:00,78.585
2014-01-08 05:35:00,80.308
2014-01-08 05:40:00,79.931
2014-01-08 05:45:00,78.253
2014-01-08 05:50:00,77.129
2014-01-08 05:55:00,79.053
2014-01-08 06:00:00,77.693
2014-01-08 06:05:00,77.47
2014-01-08 06:10:00,77.157
2014-01-08 06:15:00,76.519
2014-01-08 06:20:00,77.653
2014-01-08 06:25:00,78.699
2014-01-08 06:30:00,78.382
2014-01-08 06:35:00,76.459
2014-01-08 06:40:00,74.919
2014-01-08 06:45:00,74.612
2014-01-08 06:50:00,76.853
2014-01-08 06:55:00,75.258
2014-01-08 07:00:00,76.434
2014-01-08 07:05:00,76.3
2014-01-08 07:10:00,77.05
2014-01-08 07:15:00,73.394
2014-01-08 07:20:00,75.642
2014-01-08 07:25:00,75.696
2014-01-08 07:30:00,75.039
2014-01-08 07:35:00,75.427
2014-01-08 07:40:00,74.216
2014-01-08 07:45:00,74.49
2014-01-08 07:50:00,75.913
2014-01-08 07:55:00,73.531
2014-01-08 08:00:00,74.93
2014-01-08 08:05:00,75.143
2014-01-08 08:10:00,73.673
2014-01-08 08:15:00,73.853
2014-01-08 08:20:00,72.752
2014-01-08 08:25:00,74.097
2014-01-08 08:30:00,72.561
2014-01-08 08:35:00,72.007
2014-01-08 08:40:00,73.997
2014-01-08 08:45:00,73.394
2014-01-08 08:50:00,73.52
2014-01-08 08:55:00,70.583
2014-01-08 09:00:00,70.403
2014-01-08 09:05:00,71.483
2014-01-08 09:10:00,71.422
2014-01-08 09:15:00,71.76
2014-01-08 09:20:00,71.629
2014-01-08 09:25:00,71.228
2014-01-08 09:30:00,69.302
2014-01-08 09:35:00,72.839
2014-01-08 09:40:00,72.092
2014-01-08 09:45:00,72.658
2014-01-08 09:50:00,69.669
2014-01-08 09:55:00,68.916
2014-01-08 10:00:00,69.83
2014-01-08 10:05:00,69.101
2014-01-08 10:10:00,69.929
2014-01-08 10:15:00,70.118
2014-01-08 10:20:00,70.392
2014-01-08 10:25:00,67.243
2014-01-08 10:30:00,68.868
2014-01-08 10:35:00,69.513
2014-01-08 10:40:00,71.21
2014-01-08 10:45:00,69.822
2014-01-08 10:50:00,68.177
2014-01-08 10:55:00,69.011
2014-01-08 11:00:00,70.342
2014-01-08 11:05:00,68.584
2014-01-08 11:10:00,68.009
2014-01-08 11:15:00,70.805
2014-01-08 11:20:00,68.186
2014-01-08 11:25:00,68.648
2014-01-08 11:30:00,68.262
2014-01-08 11:35:00,66.695
2014-01-08 11:40:00,67.318
2014-01-08 11:45:00,66.837
2014-01-08 11:50:00,67.799
2014-01-08 11:55:00,66.969
2014-01-08 12:00:00,65.815
2014-01-08 12:05:00,66.495
2014-01-08 12:10:00,67.065
2014-01-08 12:15:00,66.702
2014-01-08 12:20:00,64.498
2014-01-08 12:25:00,67.429
2014-01-08 12:30:00,67.422
2014-01-08 12:35:00,65.798
2014-01-08 12:40:00,66.253
2014-01-08 12:45:00,67.362
2014-01-08 12:50:00,66.4
2014-01-08 12:55:00,65.536
2014-01-08 13:00:00,64.102
2014-01-08 13:05:00,67.497
2014-01-08 13:10:00,65.364
2014-01-08 13:15:00,64.522
2014-01-08 13:20:00,64.559
2014-01-08 13:25:00,64.711
2014-01-08 13:30:00,62.701
2014-01-08 13:35:00,65.307
2014-01-08 13:40:00,66.212
2014-01-08 13:45:00,64.202
2014-01-08 13:50:00,65.523
2014-01-08 13:55:00,64.219
2014-01-08 14:00:00,64.402
2014-01-08 14:05:00,64.247
2014-01-08 14:10:00,65.116
2014-01-08 14:15:00,64.114
2014-01-08 14:20:00,65.974
2014-01-08 14:25:00,63.209
2014-01-08 14:30:00,64.331
2014-01-08 14:35:00,66.733
2014-01-08 14:40:00,65.822
2014-01-08 14:45:00,62.789
2014-01-08 14:50:00,63.532
2014-01-08 14:55:00,65.269
2014-01-08 15:00:00,63.205
2014-01-08 15:05:00,64.015
2014-01-08 15:10:00,64.225
2014-01-08 15:15:00,62.8
2014-01-08 15:20:00,64.024
2014-01-08 15:25:00,62.956
2014-01-08 15:30:00,65.099
2014-01-08 15:35:00,64.695
2014-01-08 15:40:00,64.585
2014-01-08 15:45:00,65.261
2014-01-08 15:50:00,63.905
2014-01-08 15:55:00,64.25
2014-01-08 16:00:00,65.299
2014-01-08 16:05:00,62.601
2014-01-08 16:10:00,63.563
2014-01-08 16:15:00,63.189
2014-01-08 16:20:00,66.217
2014-01-08 16:25:00,64.899
2014-01-08 16:30:00,64.341
2014-01-08 16:35:00,65.646
2014-01-08 16:40:00,66.639
2014-01-08 16:45:00,63.698
2014-01-08 16:50:00,64.732
2014-01-08 16:55:00,65.794
2014-01-08 17:00:00,66.11
2014-01-08 17:05:00,63.003
2014-01-08 17:10:00,65.3
2014-01-08 17:15:00,64.269
2014-01-08 17:20:00,64.8
2014-01-08 17:25:00,65.346
2014-01-08 17:30:00,64.432
2014-01-08 17:35:00,65.029
2014-01-08 17:40:00,66.55
2014-01-08 17:45:00,66.262
2014-01-08 17:50:00,66.609
2014-01-08 17:55:00,64.738
2014-01-08 18:00:00,65.486
2014-01-08 18:05:00,67.927
2014-01-08 18:10:00,66.274
2014-01-08 18:15:00,66.398
2014-01-08 18:20:00,64.32
2014-01-08 18:25:00,65.584
2014-01-08 18:30:00,66.417
2014-01-08 18:35:00,66.231
2014-01-08 18:40:00,66.113
2014-01-08 18:45:00,66.744
2014-01-08 18:50:00,65.857
2014-01-08 18:55:00,69.769
2014-01-08 19:00:00,64.613
2014-01-08 19:05:00,68.174
2014-01-08 19:10:00,68.105
2014-01-08 19:15:00,67.613
2014-01-08 19:20:00,67.023
2014-01-08 19:25:00,68.313
2014-01-08 19:30:00,67.723
2014-01-08 19:35:00,68.584
2014-01-08 19:40:00,68.027
2014-01-08 19:45:00,65.946
2014-01-08 19:50:00,70.297
2014-01-08 19:55:00,70.456
2014-01-08 20:00:00,69.703
2014-01-08 20:05:00,70.595
2014-01-08 20:10:00,71.628
2014-01-08 20:15:00,67.906
2014-01-08 20:20:00,70.223
2014-01-08 20:25:00,69.072
2014-01-08 20:30:00,70.048
2014-01-08 20:35:00,70.2
2014-01-08 20:40:00,71.97
2014-01-08 20:45:00,70.17
2014-01-08 20:50:00,73.692
2014-01-08 20:55:00,70.609
2014-01-08 21:00:00,70.124
2014-01-08 21:05:00,70.736
2014-01-08 21:10:00,71.011
2014-01-08 21:15:00,71.561
2014-01-08 21:20:00,71.586
2014-01-08 21:25:00,71.493
2014-01-08 21:30:00,72.351
2014-01-08 21:35:00,71.208
2014-01-08 21:40:00,71.566
2014-01-08 21:45:00,72.079
2014-01-08 21:50:00,73.046
2014-01-08 21:55:00,70.588
2014-01-08 22:00:00,74.148
2014-01-08 22:05:00,75.384
2014-01-08 22:10:00,72.988
2014-01-08 22:15:00,74.391
2014-01-08 22:20:00,73.651
2014-01-08 22:25:00,72.104
2014-01-08 22:30:00,74.154
2014-01-08 22:35:00,75.904
2014-01-08 22:40:00,74.9
2014-01-08 22:45:00,75.245
2014-01-08 22:50:00,75.504
2014-01-08 22:55:00,76.326
2014-01-08 23:00:00,75.305
2014-01-08 23:05:00,76.314
2014-01-08 23:10:00,77.468
2014-01-08 23:15:00,74.865
2014-01-08 23:20:00,75.807
2014-01-08 23:25:00,77.457
2014-01-08 23:30:00,76.856
2014-01-08 23:35:00,77.11
2014-01-08 23:40:00,77.56
2014-01-08 23:45:00,75.97
2014-01-08 23:50:00,76.593
2014-01-08 23:55:00,75.14
2014-01-09 00:00:00,75.177
2014-01-09 00:05:00,76.954
2014-01-09 00:10:00,79.62
2014-01-09 00:15:00,78.619
2014-01-09 00:20:00,76.492
2014-01-09 00:25:00,77.205
2014-01-09 00:30:00,79.474
2014-01-09 00:35:00,77.252
2014-01-09 00:40:00,78.642
2014-01-09 00:45:00,76.519
2014-01-09 00:50:00,77.876
2014-01-09 00:55:00,79.034
2014-01-09 01:00:00,78.843
2014-01-09 01:05:00,78.495
2014-01-09 01:10:00,77.738
2014-01-09 01:15:00,78.745
2014-01-09 01:20:00,79.429
2014-01-09 01:25:00,79.417
2014-01-09 01:30:00,77.502
2014-01-09 01:35:00,79.211
2014-01-09 01:40:00,78.104
2014-01-09 01:45:00,79.46
2014-01-09 01:50:00,77.71
2014-01-09 01:55:00,78.99
2014-01-09 02:00:00,81.562
2014-01-09 02:05:00,80.699
2014-01-09 02:10:00,78.226
2014-01-09 02:15:00,78.843
2014-01-09 02:20:00,79.722
2014-01-09 02:25:00,80.389
2014-01-09 02:30:00,76.144
2014-01-09 02:35:00,81.519
2014-01-09 02:40:00,80.902
2014-01-09 02:45:00,80.185
2014-01-09 02:50:00,80.341
2014-01-09 02:55:00,80.53
2014-01-09 03:00:00,79.041
2014-01-09 03:05:00,80.112
2014-01-09 03:10:00,79.564
2014-01-09 03:15:00,78.514
2014-01-09 03:20:00,79.702
2014-01-09 03:25:00,79.244
2014-01-09 03:30:00,78.858
2014-01-09 03:35:00,79.161
2014-01-09 03:40:00,79.739
2014-01-09 03:45:00,78.631
2014-01-09 03:50:00,79.259
2014-01-09 03:55:00,78.634
2014-01-09 04:00:00,80.52
2014-01-09 04:05:00,79.033
2014-01-09 04:10:00,80.891
2014-01-09 04:15:00,77.054
2014-01-09 04:20:00,78.969
2014-01-09 04:25:00,81.03
2014-01-09 04:30:00,76.831
2014-01-09 04:35:00,81.415
2014-01-09 04:40:00,78.446
2014-01-09 04:45:00,78.589
2014-01-09 04:50:00,76.84
2014-01-09 04:55:00,77.701
2014-01-09 05:00:00,78.4
2014-01-09 05:05:00,79.277
2014-01-09 05:10:00,76.978
2014-01-09 05:15:00,77.461
2014-01-09 05:20:00,78.112
2014-01-09 05:25:00,78.316
2014-01-09 05:30:00,78.596
2014-01-09 05:35:00,77.379
2014-01-09 05:40:00,79.172
2014-01-09 05:45:00,77.127
2014-01-09 05:50:00,76.251
2014-01-09 05:55:00,78.182
2014-01-09 06:00:00,79.216
2014-01-09 06:05:00,80.44
2014-01-09 06:10:00,77.438
2014-01-09 06:15:00,76.793
2014-01-09 06:20:00,77.73
2014-01-09 06:25:00,77.089
2014-01-09 06:30:00,76.782
2014-01-09 06:35:00,75.452
2014-01-09 06:40:00,77.206
2014-01-09 06:45:00,77.577
2014-01-09 06:50:00,76.437
2014-01-09 06:55:00,77.211
2014-01-09 07:00:00,76.749
2014-01-09 07:05:00,75.894
2014-01-09 07:10:00,78.513
2014-01-09 07:15:00,75.407
2014-01-09 07:20:00,75.302
2014-01-09 07:25:00,75.126
2014-01-09 07:30:00,76.533
2014-01-09 07:35:00,76.8
2014-01-09 07:40:00,75.361
2014-01-09 07:45:00,74.66
2014-01-09 07:50:00,76.208
2014-01-09 07:55:00,76.558
2014-01-09 08:00:00,73.789
2014-01-09 08:05:00,75.817
2014-01-09 08:10:00,71.768
2014-01-09 08:15:00,75.377
2014-01-09 08:20:00,73.477
2014-01-09 08:25:00,71.977
2014-01-09 08:30:00,73.242
2014-01-09 08:35:00,74.397
2014-01-09 08:40:00,71.393
2014-01-09 08:45:00,72.749
2014-01-09 08:50:00,72.141
2014-01-09 08:55:00,74.778
2014-01-09 09:00:00,72.557
2014-01-09 09:05:00,73.04
2014-01-09 09:10:00,73.35
2014-01-09 09:15:00,72.003
2014-01-09 09:20:00,70.923
2014-01-09 09:25:00,69.177
2014-01-09 09:30:00,72.152
2014-01-09 09:35:00,72.455
2014-01-09 09:40:00,71.263
2014-01-09 09:45:00,70.998
2014-01-09 09:50:00,70.527
2014-01-09 09:55:00,66.838
2014-01-09 10:00:00,69.028
2014-01-09 10:05:00,70.361
2014-01-09 10:10:00,71.173
2014-01-09 10:15:00,71.72
2014-01-09 10:20:00,69.512
2014-01-09 10:25:00,69.708
2014-01-09 10:30:00,68.078
2014-01-09 10:35:00,68.104
2014-01-09 10:40:00,66.073
2014-01-09 10:45:00,65.965
2014-01-09 10:50:00,66.768
2014-01-09 10:55:00,65.266
2014-01-09 11:00:00,67.648
2014-01-09 11:05:00,65.903
2014-01-09 11:10:00,68.93
2014-01-09 11:15:00,67.253
2014-01-09 11:20:00,66.927
2014-01-09 11:25:00,67.802
2014-01-09 11:30:00,65.747
2014-01-09 11:35:00,66.794
2014-01-09 11:40:00,66.216
2014-01-09 11:45:00,65.667
2014-01-09 11:50:00,66.764
2014-01-09 11:55:00,66.741
2014-01-09 12:00:00,67.503
2014-01-09 12:05:00,66.944
2014-01-09 12:10:00,67.647
2014-01-09 12:15:00,65.808
2014-01-09 12:20:00,65.549
2014-01-09 12:25:00,65.341
2014-01-09 12:30:00,66.489
2014-01-09 12:35:00,64.423
2014-01-09 12:40:00,66.458
2014-01-09 12:45:00,64.527
2014-01-09 12:50:00,63.468
2014-01-09 12:55:00,64.245
2014-01-09 13:00:00,64.86
2014-01-09 13:05:00,66.257
2014-01-09 13:10:00,65.571
2014-01-09 13:15:00,65.063
2014-01-09 13:20:00,65.818
2014-01-09 13:25:00,66.255
2014-01-09 13:30:00,63.735
2014-01-09 13:35:00,64.294
2014-01-09 13:40:00,63.199
2014-01-09 13:45:00,63.593
2014-01-09 13:50:00,64.222
2014-01-09 13:55:00,63.66
2014-01-09 14:00:00,62.852
2014-01-09 14:05:00,64.582
2014-01-09 14:10:00,62.161
2014-01-09 14:15:00,64.214
2014-01-09 14:20:00,63.076
2014-01-09 14:25:00,63.508
2014-01-09 14:30:00,62.804
2014-01-09 14:35:00,65.18
2014-01-09 14:40:00,63.991
2014-01-09 14:45:00,63.633
2014-01-09 14:50:00,63.912
2014-01-09 14:55:00,62.953
2014-01-09 15:00:00,64.066
2014-01-09 15:05:00,64.206
2014-01-09 15:10:00,65.557
2014-01-09 15:15:00,63.691
2014-01-09 15:20:00,64.144
2014-01-09 15:25:00,62.94
2014-01-09 15:30:00,62.359
2014-01-09 15:35:00,61.683
2014-01-09 15:40:00,63.37
2014-01-09 15:45:00,62.285
2014-01-09 15:50:00,64.704
2014-01-09 15:55:00,61.719
2014-01-09 16:00:00,63.883
2014-01-09 16:05:00,63.549
2014-01-09 16:10:00,63.136
2014-01-09 16:15:00,64.061
2014-01-09 16:20:00,62.482
2014-01-09 16:25:00,62.746
2014-01-09 16:30:00,63.402
2014-01-09 16:35:00,63.322
2014-01-09 16:40:00,62.648
2014-01-09 16:45:00,64.566
2014-01-09 16:50:00,61.844
2014-01-09 16:55:00,64.388
2014-01-09 17:00:00,65.762
2014-01-09 17:05:00,61.783
2014-01-09 17:10:00,64.065
2014-01-09 17:15:00,64.342
2014-01-09 17:20:00,63.779
2014-01-09 17:25:00,64.505
2014-01-09 17:30:00,63.542
2014-01-09 17:35:00,64.256
2014-01-09 17:40:00,64.71
2014-01-09 17:45:00,66.066
2014-01-09 17:50:00,66.017
2014-01-09 17:55:00,65.213
2014-01-09 18:00:00,65.672
2014-01-09 18:05:00,64.186
2014-01-09 18:10:00,64.69
2014-01-09 18:15:00,64.256
2014-01-09 18:20:00,66.636
2014-01-09 18:25:00,67.472
2014-01-09 18:30:00,66.167
2014-01-09 18:35:00,64.237
2014-01-09 18:40:00,64.271
2014-01-09 18:45:00,67.416
2014-01-09 18:50:00,66.359
2014-01-09 18:55:00,65.553
2014-01-09 19:00:00,68.066
2014-01-09 19:05:00,68.857
2014-01-09 19:10:00,68.417
2014-01-09 19:15:00,66.534
2014-01-09 19:20:00,68.409
2014-01-09 19:25:00,67.393
2014-01-09 19:30:00,67.677
2014-01-09 19:35:00,68.079
2014-01-09 19:40:00,66.517
2014-01-09 19:45:00,66.767
2014-01-09 19:50:00,67.473
2014-01-09 19:55:00,66.386
2014-01-09 20:00:00,69.724
2014-01-09 20:05:00,68.521
2014-01-09 20:10:00,69.861
2014-01-09 20:15:00,67.916
2014-01-09 20:20:00,70.567
2014-01-09 20:25:00,68.203
2014-01-09 20:30:00,72.39
2014-01-09 20:35:00,70.985
2014-01-09 20:40:00,68.272
2014-01-09 20:45:00,71.016
2014-01-09 20:50:00,69.192
2014-01-09 20:55:00,68.373
2014-01-09 21:00:00,71.347
2014-01-09 21:05:00,71.694
2014-01-09 21:10:00,70.353
2014-01-09 21:15:00,72.283
2014-01-09 21:20:00,71.293
2014-01-09 21:25:00,73.417
2014-01-09 21:30:00,70.2
2014-01-09 21:35:00,74.345
2014-01-09 21:40:00,71.088
2014-01-09 21:45:00,72.901
2014-01-09 21:50:00,75.094
2014-01-09 21:55:00,72.219
2014-01-09 22:00:00,71.745
2014-01-09 22:05:00,71.024
2014-01-09 22:10:00,75.345
2014-01-09 22:15:00,73.885
2014-01-09 22:20:00,72.841
2014-01-09 22:25:00,73.408
2014-01-09 22:30:00,71.207
2014-01-09 22:35:00,72.816
2014-01-09 22:40:00,73.856
2014-01-09 22:45:00,74.505
2014-01-09 22:50:00,73.985
2014-01-09 22:55:00,74.888
2014-01-09 23:00:00,73.605
2014-01-09 23:05:00,75.207
2014-01-09 23:10:00,75.011
2014-01-09 23:15:00,74.881
2014-01-09 23:20:00,75.374
2014-01-09 23:25:00,75.078
2014-01-09 23:30:00,76.98
2014-01-09 23:35:00,75.953
2014-01-09 23:40:00,74.474
2014-01-09 23:45:00,74.474
2014-01-09 23:50:00,75.854
2014-01-09 23:55:00,74.029
2014-01-10 00:00:00,76.287
2014-01-10 00:05:00,75.239
2014-01-10 00:10:00,73.684
2014-01-10 00:15:00,75.207
2014-01-10 00:20:00,74.46
2014-01-10 00:25:00,75.994
2014-01-10 00:30:00,74.698
2014-01-10 00:35:00,77.284
2014-01-10 00:40:00,77.227
2014-01-10 00:45:00,77.025
2014-01-10 00:50:00,76.43
2014-01-10 00:55:00,77.54
2014-01-10 01:00:00,74.722
2014-01-10 01:05:00,78.173
2014-01-10 01:10:00,75.676
2014-01-10 01:15:00,76.449
2014-01-10 01:20:00,78.145
2014-01-10 01:25:00,78.924
2014-01-10 01:30:00,78.351
2014-01-10 01:35:00,77.72
2014-01-10 01:40:00,76.29
2014-01-10 01:45:00,78.235
2014-01-10 01:50:00,79.621
2014-01-10 01:55:00,78.188
2014-01-10 02:00:00,76.967
2014-01-10 02:05:00,76.964
2014-01-10 02:10:00,80.091
2014-01-10 02:15:00,76.706
2014-01-10 02:20:00,77.0
2014-01-10 02:25:00,79.801
2014-01-10 02:30:00,77.462
2014-01-10 02:35:00,78.873
2014-01-10 02:40:00,78.985
2014-01-10 02:45:00,78.722
2014-01-10 02:50:00,79.673
2014-01-10 02:55:00,77.506
2014-01-10 03:00:00,79.925
2014-01-10 03:05:00,77.572
2014-01-10 03:10:00,78.892
2014-01-10 03:15:00,76.758
2014-01-10 03:20:00,79.891
2014-01-10 03:25:00,81.38
2014-01-10 03:30:00,79.067
2014-01-10 03:35:00,77.758
2014-01-10 03:40:00,78.706
2014-01-10 03:45:00,77.402
2014-01-10 03:50:00,76.237
2014-01-10 03:55:00,77.788
2014-01-10 04:00:00,78.345
2014-01-10 04:05:00,77.977
2014-01-10 04:10:00,77.638
2014-01-10 04:15:00,79.505
2014-01-10 04:20:00,76.4
2014-01-10 04:25:00,79.038
2014-01-10 04:30:00,78.01
2014-01-10 04:35:00,76.811
2014-01-10 04:40:00,77.263
2014-01-10 04:45:00,76.397
2014-01-10 04:50:00,78.04
2014-01-10 04:55:00,78.751
2014-01-10 05:00:00,77.188
2014-01-10 05:05:00,77.543
2014-01-10 05:10:00,76.308
2014-01-10 05:15:00,77.134
2014-01-10 05:20:00,78.83
2014-01-10 05:25:00,75.314
2014-01-10 05:30:00,75.621
2014-01-10 05:35:00,75.724
2014-01-10 05:40:00,77.075
2014-01-10 05:45:00,75.539
2014-01-10 05:50:00,76.673
2014-01-10 05:55:00,75.261
2014-01-10 06:00:00,76.008
2014-01-10 06:05:00,76.88
2014-01-10 06:10:00,72.72
2014-01-10 06:15:00,74.724
2014-01-10 06:20:00,75.516
2014-01-10 06:25:00,75.304
2014-01-10 06:30:00,74.87
2014-01-10 06:35:00,73.885
2014-01-10 06:40:00,77.591
2014-01-10 06:45:00,74.385
2014-01-10 06:50:00,74.484
2014-01-10 06:55:00,75.507
2014-01-10 07:00:00,72.826
2014-01-10 07:05:00,74.097
2014-01-10 07:10:00,74.412
2014-01-10 07:15:00,74.029
2014-01-10 07:20:00,74.59
2014-01-10 07:25:00,72.686
2014-01-10 07:30:00,73.744
2014-01-10 07:35:00,74.907
2014-01-10 07:40:00,72.168
2014-01-10 07:45:00,73.158
2014-01-10 07:50:00,74.094
2014-01-10 07:55:00,72.201
2014-01-10 08:00:00,74.792
2014-01-10 08:05:00,71.767
2014-01-10 08:10:00,72.12
2014-01-10 08:15:00,72.005
2014-01-10 08:20:00,72.147
2014-01-10 08:25:00,71.023
2014-01-10 08:30:00,73.139
2014-01-10 08:35:00,70.509
2014-01-10 08:40:00,70.622
2014-01-10 08:45:00,72.996
2014-01-10 08:50:00,71.35
2014-01-10 08:55:00,70.727
2014-01-10 09:00:00,71.045
2014-01-10 09:05:00,71.963
2014-01-10 09:10:00,71.263
2014-01-10 09:15:00,69.145
2014-01-10 09:20:00,68.874
2014-01-10 09:25:00,69.143
2014-01-10 09:30:00,72.626
2014-01-10 09:35:00,68.942
2014-01-10 09:40:00,68.265
2014-01-10 09:45:00,69.96
2014-01-10 09:50:00,66.714
2014-01-10 09:55:00,68.402
2014-01-10 10:00:00,66.931
2014-01-10 10:05:00,67.744
2014-01-10 10:10:00,68.154
2014-01-10 10:15:00,67.383
2014-01-10 10:20:00,68.165
2014-01-10 10:25:00,69.199
2014-01-10 10:30:00,67.087
2014-01-10 10:35:00,68.032
2014-01-10 10:40:00,66.2
2014-01-10 10:45:00,67.309
2014-01-10 10:50:00,66.6
2014-01-10 10:55:00,68.287
2014-01-10 11:00:00,65.452
2014-01-10 11:05:00,65.943
2014-01-10 11:10:00,66.128
2014-01-10 11:15:00,66.731
2014-01-10 11:20:00,65.41
2014-01-10 11:25:00,64.116
2014-01-10 11:30:00,63.35
2014-01-10 11:35:00,65.901
2014-01-10 11:40:00,63.996
2014-01-10 11:45:00,65.526
2014-01-10 11:50:00,65.323
2014-01-10 11:55:00,64.588
2014-01-10 12:00:00,65.537
2014-01-10 12:05:00,62.038
2014-01-10 12:10:00,64.043
2014-01-10 12:15:00,64.204
2014-01-10 12:20:00,66.139
2014-01-10 12:25:00,62.91
2014-01-10 12:30:00,64.708
2014-01-10 12:35:00,63.71
2014-01-10 12:40:00,62.223
2014-01-10 12:45:00,63.351
2014-01-10 12:50:00,61.199
2014-01-10 12:55:00,62.873
2014-01-10 13:00:00,64.834
2014-01-10 13:05:00,60.884
2014-01-10 13:10:00,61.261
2014-01-10 13:15:00,62.356
2014-01-10 13:20:00,61.82
2014-01-10 13:25:00,62.399
2014-01-10 13:30:00,62.637
2014-01-10 13:35:00,61.884
2014-01-10 13:40:00,62.673
2014-01-10 13:45:00,62.1
2014-01-10 13:50:00,63.816
2014-01-10 13:55:00,63.173
2014-01-10 14:00:00,61.913
2014-01-10 14:05:00,62.052
2014-01-10 14:10:00,62.179
2014-01-10 14:15:00,61.704
2014-01-10 14:20:00,62.24
2014-01-10 14:25:00,61.36
2014-01-10 14:30:00,63.604
2014-01-10 14:35:00,62.468
2014-01-10 14:40:00,60.276
2014-01-10 14:45:00,60.95
2014-01-10 14:50:00,60.83
2014-01-10 14:55:00,59.489
2014-01-10 15:00:00,63.367
2014-01-10 15:05:00,62.666
2014-01-10 15:10:00,61.649
2014-01-10 15:15:00,60.814
2014-01-10 15:20:00,62.62
2014-01-10 15:25:00,59.63
2014-01-10 15:30:00,62.022
2014-01-10 15:35:00,62.016
2014-01-10 15:40:00,63.372
2014-01-10 15:45:00,61.158
2014-01-10 15:50:00,60.789
2014-01-10 15:55:00,63.927
2014-01-10 16:00:00,62.127
2014-01-10 16:05:00,63.345
2014-01-10 16:10:00,61.376
2014-01-10 16:15:00,60.731
2014-01-10 16:20:00,61.381
2014-01-10 16:25:00,62.756
2014-01-10 16:30:00,65.24
2014-01-10 16:35:00,61.262
2014-01-10 16:40:00,62.726
2014-01-10 16:45:00,61.338
2014-01-10 16:50:00,63.766
2014-01-10 16:55:00,63.835
2014-01-10 17:00:00,62.564
2014-01-10 17:05:00,62.884
2014-01-10 17:10:00,63.37
2014-01-10 17:15:00,58.872
2014-01-10 17:20:00,64.222
2014-01-10 17:25:00,65.848
2014-01-10 17:30:00,63.214
2014-01-10 17:35:00,61.526
2014-01-10 17:40:00,62.445
2014-01-10 17:45:00,63.287
2014-01-10 17:50:00,65.822
2014-01-10 17:55:00,64.345
2014-01-10 18:00:00,64.55
2014-01-10 18:05:00,63.771
2014-01-10 18:10:00,63.127
2014-01-10 18:15:00,64.422
2014-01-10 18:20:00,67.463
2014-01-10 18:25:00,63.243
2014-01-10 18:30:00,63.723
2014-01-10 18:35:00,65.298
2014-01-10 18:40:00,66.053
2014-01-10 18:45:00,64.316
2014-01-10 18:50:00,63.359
2014-01-10 18:55:00,63.024
2014-01-10 19:00:00,65.931
2014-01-10 19:05:00,63.569
2014-01-10 19:10:00,65.923
2014-01-10 19:15:00,64.788
2014-01-10 19:20:00,66.449
2014-01-10 19:25:00,67.529
2014-01-10 19:30:00,67.25
2014-01-10 19:35:00,67.835
2014-01-10 19:40:00,65.516
2014-01-10 19:45:00,65.559
2014-01-10 19:50:00,67.683
2014-01-10 19:55:00,64.636
2014-01-10 20:00:00,68.135
2014-01-10 20:05:00,65.467
2014-01-10 20:10:00,67.011
2014-01-10 20:15:00,67.733
2014-01-10 20:20:00,66.129
2014-01-10 20:25:00,68.124
2014-01-10 20:30:00,67.277
2014-01-10 20:35:00,67.435
2014-01-10 20:40:00,69.392
2014-01-10 20:45:00,67.447
2014-01-10 20:50:00,69.447
2014-01-10 20:55:00,69.685
2014-01-10 21:00:00,70.937
2014-01-10 21:05:00,67.497
2014-01-10 21:10:00,70.132
2014-01-10 21:15:00,70.349
2014-01-10 21:20:00,69.102
2014-01-10 21:25:00,68.379
2014-01-10 21:30:00,68.379
2014-01-10 21:35:00,70.883
2014-01-10 21:40:00,71.252
2014-01-10 21:45:00,71.766
2014-01-10 21:50:00,70.299
2014-01-10 21:55:00,70.153
2014-01-10 22:00:00,67.766
2014-01-10 22:05:00,70.395
2014-01-10 22:10:00,71.783
2014-01-10 22:15:00,69.907
2014-01-10 22:20:00,70.727
2014-01-10 22:25:00,72.431
2014-01-10 22:30:00,72.245
2014-01-10 22:35:00,71.67
2014-01-10 22:40:00,69.452
2014-01-10 22:45:00,71.232
2014-01-10 22:50:00,70.996
2014-01-10 22:55:00,73.932
2014-01-10 23:00:00,70.785
2014-01-10 23:05:00,73.313
2014-01-10 23:10:00,73.831
2014-01-10 23:15:00,73.526
2014-01-10 23:20:00,72.617
2014-01-10 23:25:00,75.786
2014-01-10 23:30:00,72.387
2014-01-10 23:35:00,73.126
2014-01-10 23:40:00,74.6
2014-01-10 23:45:00,74.482
2014-01-10 23:50:00,73.467
2014-01-10 23:55:00,73.226
2014-01-11 00:00:00,74.444
2014-01-11 00:05:00,71.458
2014-01-11 00:10:00,72.28
2014-01-11 00:15:00,75.526
2014-01-11 00:20:00,71.626
2014-01-11 00:25:00,74.241
2014-01-11 00:30:00,74.934
2014-01-11 00:35:00,74.189
2014-01-11 00:40:00,74.494
2014-01-11 00:45:00,75.871
2014-01-11 00:50:00,75.011
2014-01-11 00:55:00,72.459
2014-01-11 01:00:00,76.264
2014-01-11 01:05:00,75.938
2014-01-11 01:10:00,75.731
2014-01-11 01:15:00,74.732
2014-01-11 01:20:00,73.721
2014-01-11 01:25:00,78.347
2014-01-11 01:30:00,75.966
2014-01-11 01:35:00,77.23
2014-01-11 01:40:00,76.704
2014-01-11 01:45:00,76.114
2014-01-11 01:50:00,78.194
2014-01-11 01:55:00,77.856
2014-01-11 02:00:00,77.834
2014-01-11 02:05:00,75.558
2014-01-11 02:10:00,75.314
2014-01-11 02:15:00,77.899
2014-01-11 02:20:00,76.782
2014-01-11 02:25:00,76.463
2014-01-11 02:30:00,75.656
2014-01-11 02:35:00,74.879
2014-01-11 02:40:00,78.024
2014-01-11 02:45:00,76.848
2014-01-11 02:50:00,75.597
2014-01-11 02:55:00,76.443
2014-01-11 03:00:00,75.346
2014-01-11 03:05:00,76.007
2014-01-11 03:10:00,75.731
2014-01-11 03:15:00,77.233
2014-01-11 03:20:00,77.22
2014-01-11 03:25:00,76.56
2014-01-11 03:30:00,78.956
2014-01-11 03:35:00,76.716
2014-01-11 03:40:00,76.097
2014-01-11 03:45:00,77.259
2014-01-11 03:50:00,77.707
2014-01-11 03:55:00,75.174
2014-01-11 04:00:00,78.796
2014-01-11 04:05:00,76.748
2014-01-11 04:10:00,75.68
2014-01-11 04:15:00,77.832
2014-01-11 04:20:00,77.357
2014-01-11 04:25:00,78.613
2014-01-11 04:30:00,77.41
2014-01-11 04:35:00,75.296
2014-01-11 04:40:00,76.176
2014-01-11 04:45:00,75.995
2014-01-11 04:50:00,76.987
2014-01-11 04:55:00,73.923
2014-01-11 05:00:00,76.548
2014-01-11 05:05:00,75.26
2014-01-11 05:10:00,74.18
2014-01-11 05:15:00,73.884
2014-01-11 05:20:00,74.339
2014-01-11 05:25:00,75.969
2014-01-11 05:30:00,76.071
2014-01-11 05:35:00,75.384
2014-01-11 05:40:00,76.205
2014-01-11 05:45:00,74.312
2014-01-11 05:50:00,75.603
2014-01-11 05:55:00,75.394
2014-01-11 06:00:00,74.374
2014-01-11 06:05:00,73.585
2014-01-11 06:10:00,73.353
2014-01-11 06:15:00,73.31
2014-01-11 06:20:00,74.484
2014-01-11 06:25:00,73.909
2014-01-11 06:30:00,71.999
2014-01-11 06:35:00,74.315
2014-01-11 06:40:00,74.366
2014-01-11 06:45:00,72.154
2014-01-11 06:50:00,74.421
2014-01-11 06:55:00,73.954
2014-01-11 07:00:00,73.136
2014-01-11 07:05:00,72.322
2014-01-11 07:10:00,74.191
2014-01-11 07:15:00,72.42
2014-01-11 07:20:00,74.292
2014-01-11 07:25:00,72.105
2014-01-11 07:30:00,68.063
2014-01-11 07:35:00,70.515
2014-01-11 07:40:00,72.664
2014-01-11 07:45:00,72.099
2014-01-11 07:50:00,72.371
2014-01-11 07:55:00,72.546
2014-01-11 08:00:00,73.017
2014-01-11 08:05:00,70.441
2014-01-11 08:10:00,71.795
2014-01-11 08:15:00,71.472
2014-01-11 08:20:00,69.346
2014-01-11 08:25:00,70.92
2014-01-11 08:30:00,71.312
2014-01-11 08:35:00,71.013
2014-01-11 08:40:00,71.964
2014-01-11 08:45:00,72.401
2014-01-11 08:50:00,69.587
2014-01-11 08:55:00,68.583
2014-01-11 09:00:00,69.835
2014-01-11 09:05:00,68.949
2014-01-11 09:10:00,69.571
2014-01-11 09:15:00,68.807
2014-01-11 09:20:00,66.173
2014-01-11 09:25:00,67.417
2014-01-11 09:30:00,66.99
2014-01-11 09:35:00,65.16
2014-01-11 09:40:00,68.216
2014-01-11 09:45:00,69.28
2014-01-11 09:50:00,65.917
2014-01-11 09:55:00,68.204
2014-01-11 10:00:00,65.112
2014-01-11 10:05:00,65.813
2014-01-11 10:10:00,66.363
2014-01-11 10:15:00,66.841
2014-01-11 10:20:00,67.843
2014-01-11 10:25:00,65.538
2014-01-11 10:30:00,66.134
2014-01-11 10:35:00,65.426
2014-01-11 10:40:00,65.866
2014-01-11 10:45:00,63.905
2014-01-11 10:50:00,64.656
2014-01-11 10:55:00,64.847
2014-01-11 11:00:00,62.387
2014-01-11 11:05:00,65.061
2014-01-11 11:10:00,64.428
2014-01-11 11:15:00,63.52
2014-01-11 11:20:00,63.825
2014-01-11 11:25:00,63.967
2014-01-11 11:30:00,65.859
2014-01-11 11:35:00,63.101
2014-01-11 11:40:00,61.982
2014-01-11 11:45:00,63.513
2014-01-11 11:50:00,65.151
2014-01-11 11:55:00,62.847
2014-01-11 12:00:00,63.136
2014-01-11 12:05:00,61.732
2014-01-11 12:10:00,61.815
2014-01-11 12:15:00,63.304
2014-01-11 12:20:00,62.947
2014-01-11 12:25:00,62.613
2014-01-11 12:30:00,61.901
2014-01-11 12:35:00,63.362
2014-01-11 12:40:00,61.217
2014-01-11 12:45:00,62.74
2014-01-11 12:50:00,62.154
2014-01-11 12:55:00,60.368
2014-01-11 13:00:00,60.814
2014-01-11 13:05:00,60.075
2014-01-11 13:10:00,61.763
2014-01-11 13:15:00,61.546
2014-01-11 13:20:00,60.22
2014-01-11 13:25:00,60.637
2014-01-11 13:30:00,60.492
2014-01-11 13:35:00,61.378
2014-01-11 13:40:00,61.265
2014-01-11 13:45:00,61.345
2014-01-11 13:50:00,62.21
2014-01-11 13:55:00,61.029
2014-01-11 14:00:00,62.019
2014-01-11 14:05:00,59.171
2014-01-11 14:10:00,59.886
2014-01-11 14:15:00,60.88
2014-01-11 14:20:00,60.011
2014-01-11 14:25:00,61.989
2014-01-11 14:30:00,59.016
2014-01-11 14:35:00,61.08
2014-01-11 14:40:00,62.354
2014-01-11 14:45:00,59.286
2014-01-11 14:50:00,59.387
2014-01-11 14:55:00,62.251
2014-01-11 15:00:00,60.23
2014-01-11 15:05:00,59.087
2014-01-11 15:10:00,59.371
2014-01-11 15:15:00,60.834
2014-01-11 15:20:00,61.476
2014-01-11 15:25:00,57.26
2014-01-11 15:30:00,59.944
2014-01-11 15:35:00,59.478
2014-01-11 15:40:00,62.528
2014-01-11 15:45:00,60.257
2014-01-11 15:50:00,61.236
2014-01-11 15:55:00,59.343
2014-01-11 16:00:00,59.941
2014-01-11 16:05:00,57.293
2014-01-11 16:10:00,61.613
2014-01-11 16:15:00,61.747
2014-01-11 16:20:00,60.02
2014-01-11 16:25:00,59.164
2014-01-11 16:30:00,63.53
2014-01-11 16:35:00,59.936
2014-01-11 16:40:00,60.831
2014-01-11 16:45:00,61.931
2014-01-11 16:50:00,61.338
2014-01-11 16:55:00,59.977
2014-01-11 17:00:00,63.544
2014-01-11 17:05:00,59.444
2014-01-11 17:10:00,61.724
2014-01-11 17:15:00,60.47
2014-01-11 17:20:00,61.114
2014-01-11 17:25:00,61.753
2014-01-11 17:30:00,59.477
2014-01-11 17:35:00,61.901
2014-01-11 17:40:00,63.054
2014-01-11 17:45:00,61.15
2014-01-11 17:50:00,63.219
2014-01-11 17:55:00,62.801
2014-01-11 18:00:00,62.715
2014-01-11 18:05:00,61.012
2014-01-11 18:10:00,61.344
2014-01-11 18:15:00,62.85
2014-01-11 18:20:00,63.156
2014-01-11 18:25:00,62.92
2014-01-11 18:30:00,60.736
2014-01-11 18:35:00,63.95
2014-01-11 18:40:00,61.777
2014-01-11 18:45:00,64.887
2014-01-11 18:50:00,65.877
2014-01-11 18:55:00,65.243
2014-01-11 19:00:00,63.443
2014-01-11 19:05:00,64.297
2014-01-11 19:10:00,61.915
2014-01-11 19:15:00,63.75
2014-01-11 19:20:00,67.007
2014-01-11 19:25:00,62.064
2014-01-11 19:30:00,64.959
2014-01-11 19:35:00,64.479
2014-01-11 19:40:00,65.492
2014-01-11 19:45:00,64.453
2014-01-11 19:50:00,66.147
2014-01-11 19:55:00,65.299
2014-01-11 20:00:00,64.191
2014-01-11 20:05:00,64.595
2014-01-11 20:10:00,66.374
2014-01-11 20:15:00,64.233
2014-01-11 20:20:00,67.177
2014-01-11 20:25:00,63.732
2014-01-11 20:30:00,68.293
2014-01-11 20:35:00,65.357
2014-01-11 20:40:00,68.57
2014-01-11 20:45:00,69.038
2014-01-11 20:50:00,66.866
2014-01-11 20:55:00,69.218
2014-01-11 21:00:00,67.76
2014-01-11 21:05:00,68.194
2014-01-11 21:10:00,69.719
2014-01-11 21:15:00,67.728
2014-01-11 21:20:00,69.338
2014-01-11 21:25:00,67.47
2014-01-11 21:30:00,70.48
2014-01-11 21:35:00,68.038
2014-01-11 21:40:00,70.281
2014-01-11 21:45:00,69.347
2014-01-11 21:50:00,70.051
2014-01-11 21:55:00,67.065
2014-01-11 22:00:00,69.555
2014-01-11 22:05:00,70.47
2014-01-11 22:10:00,70.495
2014-01-11 22:15:00,69.479
2014-01-11 22:20:00,71.493
2014-01-11 22:25:00,70.195
2014-01-11 22:30:00,69.273
2014-01-11 22:35:00,71.129
2014-01-11 22:40:00,70.862
2014-01-11 22:45:00,70.103
2014-01-11 22:50:00,69.707
2014-01-11 22:55:00,72.573
2014-01-11 23:00:00,70.812
2014-01-11 23:05:00,71.41
2014-01-11 23:10:00,73.481
2014-01-11 23:15:00,71.63
2014-01-11 23:20:00,72.564
2014-01-11 23:25:00,71.702
2014-01-11 23:30:00,71.722
2014-01-11 23:35:00,70.751
2014-01-11 23:40:00,74.739
2014-01-11 23:45:00,73.381
2014-01-11 23:50:00,73.438
2014-01-11 23:55:00,73.157
2014-01-12 00:00:00,72.226
2014-01-12 00:05:00,73.615
2014-01-12 00:10:00,72.321
2014-01-12 00:15:00,74.066
2014-01-12 00:20:00,74.35
2014-01-12 00:25:00,73.667
2014-01-12 00:30:00,74.789
2014-01-12 00:35:00,74.904
2014-01-12 00:40:00,74.721
2014-01-12 00:45:00,72.529
2014-01-12 00:50:00,73.561
2014-01-12 00:55:00,74.461
2014-01-12 01:00:00,76.132
2014-01-12 01:05:00,74.689
2014-01-12 01:10:00,75.089
2014-01-12 01:15:00,74.996
2014-01-12 01:20:00,74.573
2014-01-12 01:25:00,75.524
2014-01-12 01:30:00,73.335
2014-01-12 01:35:00,74.334
2014-01-12 01:40:00,77.49
2014-01-12 01:45:00,76.473
2014-01-12 01:50:00,74.727
2014-01-12 01:55:00,76.093
2014-01-12 02:00:00,75.07
2014-01-12 02:05:00,74.324
2014-01-12 02:10:00,75.946
2014-01-12 02:15:00,74.829
2014-01-12 02:20:00,77.338
2014-01-12 02:25:00,75.549
2014-01-12 02:30:00,74.964
2014-01-12 02:35:00,75.875
2014-01-12 02:40:00,75.648
2014-01-12 02:45:00,76.836
2014-01-12 02:50:00,76.793
2014-01-12 02:55:00,74.868
2014-01-12 03:00:00,76.823
2014-01-12 03:05:00,77.397
2014-01-12 03:10:00,76.435
2014-01-12 03:15:00,77.228
2014-01-12 03:20:00,75.25
2014-01-12 03:25:00,77.272
2014-01-12 03:30:00,76.114
2014-01-12 03:35:00,77.362
2014-01-12 03:40:00,76.237
2014-01-12 03:45:00,76.565
2014-01-12 03:50:00,73.884
2014-01-12 03:55:00,74.312
2014-01-12 04:00:00,75.926
2014-01-12 04:05:00,74.513
2014-01-12 04:10:00,74.311
2014-01-12 04:15:00,72.752
2014-01-12 04:20:00,74.387
2014-01-12 04:25:00,75.914
2014-01-12 04:30:00,74.127
2014-01-12 04:35:00,76.218
2014-01-12 04:40:00,73.244
2014-01-12 04:45:00,77.706
2014-01-12 04:50:00,76.747
2014-01-12 04:55:00,72.344
2014-01-12 05:00:00,72.771
2014-01-12 05:05:00,75.125
2014-01-12 05:10:00,72.97
2014-01-12 05:15:00,74.057
2014-01-12 05:20:00,75.252
2014-01-12 05:25:00,72.395
2014-01-12 05:30:00,75.404
2014-01-12 05:35:00,74.44
2014-01-12 05:40:00,72.724
2014-01-12 05:45:00,75.91
2014-01-12 05:50:00,75.016
2014-01-12 05:55:00,73.352
2014-01-12 06:00:00,75.267
2014-01-12 06:05:00,73.125
2014-01-12 06:10:00,71.711
2014-01-12 06:15:00,73.442
2014-01-12 06:20:00,73.648
2014-01-12 06:25:00,73.298
2014-01-12 06:30:00,73.228
2014-01-12 06:35:00,73.268
2014-01-12 06:40:00,72.817
2014-01-12 06:45:00,73.084
2014-01-12 06:50:00,74.0
2014-01-12 06:55:00,72.56
2014-01-12 07:00:00,73.315
2014-01-12 07:05:00,71.832
2014-01-12 07:10:00,71.222
2014-01-12 07:15:00,70.309
2014-01-12 07:20:00,72.337
2014-01-12 07:25:00,71.914
2014-01-12 07:30:00,70.007
2014-01-12 07:35:00,69.896
2014-01-12 07:40:00,73.206
2014-01-12 07:45:00,71.554
2014-01-12 07:50:00,70.417
2014-01-12 07:55:00,70.884
2014-01-12 08:00:00,69.796
2014-01-12 08:05:00,70.554
2014-01-12 08:10:00,70.524
2014-01-12 08:15:00,68.248
2014-01-12 08:20:00,68.554
2014-01-12 08:25:00,70.044
2014-01-12 08:30:00,68.129
2014-01-12 08:35:00,70.455
2014-01-12 08:40:00,68.957
2014-01-12 08:45:00,68.74
2014-01-12 08:50:00,69.71
2014-01-12 08:55:00,69.003
2014-01-12 09:00:00,69.555
2014-01-12 09:05:00,67.548
2014-01-12 09:10:00,68.66
2014-01-12 09:15:00,68.824
2014-01-12 09:20:00,67.55
2014-01-12 09:25:00,67.303
2014-01-12 09:30:00,68.046
2014-01-12 09:35:00,68.398
2014-01-12 09:40:00,66.42
2014-01-12 09:45:00,67.602
2014-01-12 09:50:00,65.839
2014-01-12 09:55:00,64.813
2014-01-12 10:00:00,67.186
2014-01-12 10:05:00,66.259
2014-01-12 10:10:00,64.993
2014-01-12 10:15:00,64.853
2014-01-12 10:20:00,66.228
2014-01-12 10:25:00,65.989
2014-01-12 10:30:00,66.631
2014-01-12 10:35:00,65.547
2014-01-12 10:40:00,64.69
2014-01-12 10:45:00,66.22
2014-01-12 10:50:00,67.223
2014-01-12 10:55:00,64.603
2014-01-12 11:00:00,63.942
2014-01-12 11:05:00,64.416
2014-01-12 11:10:00,63.632
2014-01-12 11:15:00,62.457
2014-01-12 11:20:00,64.052
2014-01-12 11:25:00,63.792
2014-01-12 11:30:00,62.602
2014-01-12 11:35:00,64.77
2014-01-12 11:40:00,66.613
2014-01-12 11:45:00,63.579
2014-01-12 11:50:00,62.016
2014-01-12 11:55:00,62.942
2014-01-12 12:00:00,63.416
2014-01-12 12:05:00,62.564
2014-01-12 12:10:00,62.617
2014-01-12 12:15:00,62.855
2014-01-12 12:20:00,61.19
2014-01-12 12:25:00,62.92
2014-01-12 12:30:00,61.227
2014-01-12 12:35:00,64.145
2014-01-12 12:40:00,61.12
2014-01-12 12:45:00,59.646
2014-01-12 12:50:00,62.612
2014-01-12 12:55:00,60.06
2014-01-12 13:00:00,66.076
2014-01-12 13:05:00,62.873
2014-01-12 13:10:00,62.169
2014-01-12 13:15:00,60.168
2014-01-12 13:20:00,61.992
2014-01-12 13:25:00,61.964
2014-01-12 13:30:00,60.681
2014-01-12 13:35:00,60.26
2014-01-12 13:40:00,59.98
2014-01-12 13:45:00,61.337
2014-01-12 13:50:00,61.401
2014-01-12 13:55:00,60.063
2014-01-12 14:00:00,60.336
2014-01-12 14:05:00,61.564
2014-01-12 14:10:00,62.019
2014-01-12 14:15:00,60.472
2014-01-12 14:20:00,59.974
2014-01-12 14:25:00,61.14
2014-01-12 14:30:00,58.05
2014-01-12 14:35:00,59.684
2014-01-12 14:40:00,59.292
2014-01-12 14:45:00,59.646
2014-01-12 14:50:00,60.59
2014-01-12 14:55:00,61.537
2014-01-12 15:00:00,62.695
2014-01-12 15:05:00,62.129
2014-01-12 15:10:00,59.77
2014-01-12 15:15:00,60.479
2014-01-12 15:20:00,59.497
2014-01-12 15:25:00,60.63
2014-01-12 15:30:00,59.826
2014-01-12 15:35:00,60.976
2014-01-12 15:40:00,61.459
2014-01-12 15:45:00,59.703
2014-01-12 15:50:00,61.889
2014-01-12 15:55:00,61.134
2014-01-12 16:00:00,59.867
2014-01-12 16:05:00,59.509
2014-01-12 16:10:00,62.351
2014-01-12 16:15:00,59.271
2014-01-12 16:20:00,62.746
2014-01-12 16:25:00,62.985
2014-01-12 16:30:00,61.184
2014-01-12 16:35:00,61.043
2014-01-12 16:40:00,60.599
2014-01-12 16:45:00,59.698
2014-01-12 16:50:00,62.062
2014-01-12 16:55:00,60.31
2014-01-12 17:00:00,60.973
2014-01-12 17:05:00,63.714
2014-01-12 17:10:00,61.491
2014-01-12 17:15:00,64.333
2014-01-12 17:20:00,63.388
2014-01-12 17:25:00,62.565
2014-01-12 17:30:00,62.511
2014-01-12 17:35:00,64.078
2014-01-12 17:40:00,61.586
2014-01-12 17:45:00,61.312
2014-01-12 17:50:00,61.904
2014-01-12 17:55:00,60.804
2014-01-12 18:00:00,61.25
2014-01-12 18:05:00,61.893
2014-01-12 18:10:00,63.776
2014-01-12 18:15:00,63.165
2014-01-12 18:20:00,62.418
2014-01-12 18:25:00,62.273
2014-01-12 18:30:00,62.089
2014-01-12 18:35:00,61.738
2014-01-12 18:40:00,62.069
2014-01-12 18:45:00,61.482
2014-01-12 18:50:00,63.877
2014-01-12 18:55:00,64.219
2014-01-12 19:00:00,63.257
2014-01-12 19:05:00,64.163
2014-01-12 19:10:00,64.815
2014-01-12 19:15:00,65.15
2014-01-12 19:20:00,64.199
2014-01-12 19:25:00,65.126
2014-01-12 19:30:00,65.084
2014-01-12 19:35:00,62.919
2014-01-12 19:40:00,66.567
2014-01-12 19:45:00,65.986
2014-01-12 19:50:00,66.001
2014-01-12 19:55:00,66.343
2014-01-12 20:00:00,67.423
2014-01-12 20:05:00,64.441
2014-01-12 20:10:00,69.002
2014-01-12 20:15:00,65.607
2014-01-12 20:20:00,65.226
2014-01-12 20:25:00,64.465
2014-01-12 20:30:00,65.681
2014-01-12 20:35:00,67.056
2014-01-12 20:40:00,66.556
2014-01-12 20:45:00,65.811
2014-01-12 20:50:00,68.377
2014-01-12 20:55:00,65.262
2014-01-12 21:00:00,66.561
2014-01-12 21:05:00,70.629
2014-01-12 21:10:00,68.815
2014-01-12 21:15:00,68.154
2014-01-12 21:20:00,68.864
2014-01-12 21:25:00,69.038
2014-01-12 21:30:00,69.692
2014-01-12 21:35:00,69.346
2014-01-12 21:40:00,69.574
2014-01-12 21:45:00,69.702
2014-01-12 21:50:00,68.996
2014-01-12 21:55:00,69.169
2014-01-12 22:00:00,71.437
2014-01-12 22:05:00,69.111
2014-01-12 22:10:00,70.493
2014-01-12 22:15:00,69.028
2014-01-12 22:20:00,69.127
2014-01-12 22:25:00,69.733
2014-01-12 22:30:00,70.454
2014-01-12 22:35:00,71.603
2014-01-12 22:40:00,73.036
2014-01-12 22:45:00,70.994
2014-01-12 22:50:00,71.564
2014-01-12 22:55:00,71.522
2014-01-12 23:00:00,74.078
2014-01-12 23:05:00,73.186
2014-01-12 23:10:00,71.877
2014-01-12 23:15:00,73.253
2014-01-12 23:20:00,72.112
2014-01-12 23:25:00,73.327
2014-01-12 23:30:00,71.692
2014-01-12 23:35:00,71.452
2014-01-12 23:40:00,72.75
2014-01-12 23:45:00,72.888
2014-01-12 23:50:00,72.615
2014-01-12 23:55:00,73.28
2014-01-13 00:00:00,73.796
2014-01-13 00:05:00,72.84
2014-01-13 00:10:00,75.401
2014-01-13 00:15:00,74.851
2014-01-13 00:20:00,74.232
2014-01-13 00:25:00,74.683
2014-01-13 00:30:00,75.927
2014-01-13 00:35:00,75.894
2014-01-13 00:40:00,75.823
2014-01-13 00:45:00,74.268
2014-01-13 00:50:00,77.408
2014-01-13 00:55:00,74.724
2014-01-13 01:00:00,76.481
2014-01-13 01:05:00,75.875
2014-01-13 01:10:00,75.425
2014-01-13 01:15:00,76.522
2014-01-13 01:20:00,74.603
2014-01-13 01:25:00,73.459
2014-01-13 01:30:00,77.543
2014-01-13 01:35:00,76.699
2014-01-13 01:40:00,75.978
2014-01-13 01:45:00,76.514
2014-01-13 01:50:00,75.41
2014-01-13 01:55:00,78.135
2014-01-13 02:00:00,76.461
2014-01-13 02:05:00,75.327
2014-01-13 02:10:00,77.663
2014-01-13 02:15:00,77.8
2014-01-13 02:20:00,78.411
2014-01-13 02:25:00,74.388
2014-01-13 02:30:00,76.218
2014-01-13 02:35:00,76.028
2014-01-13 02:40:00,77.286
2014-01-13 02:45:00,78.051
2014-01-13 02:50:00,76.2
2014-01-13 02:55:00,76.315
2014-01-13 03:00:00,77.112
2014-01-13 03:05:00,77.596
2014-01-13 03:10:00,78.215
2014-01-13 03:15:00,75.051
2014-01-13 03:20:00,75.194
2014-01-13 03:25:00,76.76
2014-01-13 03:30:00,76.061
2014-01-13 03:35:00,78.281
2014-01-13 03:40:00,76.145
2014-01-13 03:45:00,77.324
2014-01-13 03:50:00,75.941
2014-01-13 03:55:00,79.501
2014-01-13 04:00:00,75.899
2014-01-13 04:05:00,75.87
2014-01-13 04:10:00,79.049
2014-01-13 04:15:00,79.042
2014-01-13 04:20:00,76.053
2014-01-13 04:25:00,75.816
2014-01-13 04:30:00,76.533
2014-01-13 04:35:00,76.38
2014-01-13 04:40:00,76.282
2014-01-13 04:45:00,76.221
2014-01-13 04:50:00,77.699
2014-01-13 04:55:00,75.077
2014-01-13 05:00:00,78.55
2014-01-13 05:05:00,73.658
2014-01-13 05:10:00,73.901
2014-01-13 05:15:00,76.951
2014-01-13 05:20:00,76.166
2014-01-13 05:25:00,77.012
2014-01-13 05:30:00,77.293
2014-01-13 05:35:00,75.647
2014-01-13 05:40:00,73.183
2014-01-13 05:45:00,76.103
2014-01-13 05:50:00,74.877
2014-01-13 05:55:00,75.434
2014-01-13 06:00:00,73.25
2014-01-13 06:05:00,74.214
2014-01-13 06:10:00,75.207
2014-01-13 06:15:00,74.825
2014-01-13 06:20:00,74.077
2014-01-13 06:25:00,75.291
2014-01-13 06:30:00,74.006
2014-01-13 06:35:00,74.581
2014-01-13 06:40:00,73.585
2014-01-13 06:45:00,73.651
2014-01-13 06:50:00,70.825
2014-01-13 06:55:00,74.318
2014-01-13 07:00:00,74.488
2014-01-13 07:05:00,72.335
2014-01-13 07:10:00,71.353
2014-01-13 07:15:00,73.598
2014-01-13 07:20:00,72.894
2014-01-13 07:25:00,72.495
2014-01-13 07:30:00,73.072
2014-01-13 07:35:00,71.466
2014-01-13 07:40:00,71.27
2014-01-13 07:45:00,71.555
2014-01-13 07:50:00,71.082
2014-01-13 07:55:00,73.179
2014-01-13 08:00:00,73.018
2014-01-13 08:05:00,71.02
2014-01-13 08:10:00,71.428
2014-01-13 08:15:00,73.75
2014-01-13 08:20:00,70.625
2014-01-13 08:25:00,70.289
2014-01-13 08:30:00,71.446
2014-01-13 08:35:00,71.65
2014-01-13 08:40:00,70.221
2014-01-13 08:45:00,70.598
2014-01-13 08:50:00,69.604
2014-01-13 08:55:00,68.251
2014-01-13 09:00:00,69.971
2014-01-13 09:05:00,70.781
2014-01-13 09:10:00,68.01
2014-01-13 09:15:00,69.69
2014-01-13 09:20:00,67.019
2014-01-13 09:25:00,68.883
2014-01-13 09:30:00,69.178
2014-01-13 09:35:00,70.089
2014-01-13 09:40:00,68.265
2014-01-13 09:45:00,67.197
2014-01-13 09:50:00,67.291
2014-01-13 09:55:00,68.998
2014-01-13 10:00:00,66.324
2014-01-13 10:05:00,69.056
2014-01-13 10:10:00,64.655
2014-01-13 10:15:00,65.622
2014-01-13 10:20:00,67.776
2014-01-13 10:25:00,67.45
2014-01-13 10:30:00,65.917
2014-01-13 10:35:00,66.33
2014-01-13 10:40:00,65.378
2014-01-13 10:45:00,66.158
2014-01-13 10:50:00,67.447
2014-01-13 10:55:00,63.867
2014-01-13 11:00:00,66.818
2014-01-13 11:05:00,66.061
2014-01-13 11:10:00,65.363
2014-01-13 11:15:00,67.018
2014-01-13 11:20:00,66.415
2014-01-13 11:25:00,65.046
2014-01-13 11:30:00,66.243
2014-01-13 11:35:00,63.211
2014-01-13 11:40:00,63.606
2014-01-13 11:45:00,66.095
2014-01-13 11:50:00,65.574
2014-01-13 11:55:00,63.777
2014-01-13 12:00:00,62.56
2014-01-13 12:05:00,64.531
2014-01-13 12:10:00,62.808
2014-01-13 12:15:00,60.969
2014-01-13 12:20:00,63.241
2014-01-13 12:25:00,62.248
2014-01-13 12:30:00,64.438
2014-01-13 12:35:00,61.437
2014-01-13 12:40:00,61.984
2014-01-13 12:45:00,64.534
2014-01-13 12:50:00,62.482
2014-01-13 12:55:00,64.342
2014-01-13 13:00:00,64.113
2014-01-13 13:05:00,61.502
2014-01-13 13:10:00,63.942
2014-01-13 13:15:00,63.516
2014-01-13 13:20:00,61.689
2014-01-13 13:25:00,60.77
2014-01-13 13:30:00,63.48
2014-01-13 13:35:00,60.97
2014-01-13 13:40:00,63.849
2014-01-13 13:45:00,62.994
2014-01-13 13:50:00,60.742
2014-01-13 13:55:00,59.122
2014-01-13 14:00:00,61.483
2014-01-13 14:05:00,62.493
2014-01-13 14:10:00,60.239
2014-01-13 14:15:00,62.063
2014-01-13 14:20:00,59.96
2014-01-13 14:25:00,63.216
2014-01-13 14:30:00,61.903
2014-01-13 14:35:00,64.494
2014-01-13 14:40:00,62.044
2014-01-13 14:45:00,63.784
2014-01-13 14:50:00,63.144
2014-01-13 14:55:00,62.182
2014-01-13 15:00:00,59.717
2014-01-13 15:05:00,62.087
2014-01-13 15:10:00,60.806
2014-01-13 15:15:00,62.014
2014-01-13 15:20:00,60.561
2014-01-13 15:25:00,62.47
2014-01-13 15:30:00,61.44
2014-01-13 15:35:00,61.256
2014-01-13 15:40:00,61.758
2014-01-13 15:45:00,58.104
2014-01-13 15:50:00,62.647
2014-01-13 15:55:00,61.549
2014-01-13 16:00:00,63.888
2014-01-13 16:05:00,62.326
2014-01-13 16:10:00,63.844
2014-01-13 16:15:00,60.889
2014-01-13 16:20:00,61.644
2014-01-13 16:25:00,61.107
2014-01-13 16:30:00,62.717
2014-01-13 16:35:00,63.061
2014-01-13 16:40:00,60.08
2014-01-13 16:45:00,62.946
2014-01-13 16:50:00,61.501
2014-01-13 16:55:00,60.961
2014-01-13 17:00:00,61.193
2014-01-13 17:05:00,63.038
2014-01-13 17:10:00,61.943
2014-01-13 17:15:00,63.037
2014-01-13 17:20:00,62.381
2014-01-13 17:25:00,62.666
2014-01-13 17:30:00,61.381
2014-01-13 17:35:00,62.631
2014-01-13 17:40:00,64.58
2014-01-13 17:45:00,63.852
2014-01-13 17:50:00,64.591
2014-01-13 17:55:00,63.45
2014-01-13 18:00:00,65.616
2014-01-13 18:05:00,62.582
2014-01-13 18:10:00,65.744
2014-01-13 18:15:00,65.715
2014-01-13 18:20:00,63.025
2014-01-13 18:25:00,65.409
2014-01-13 18:30:00,64.252
2014-01-13 18:35:00,65.87
2014-01-13 18:40:00,65.821
2014-01-13 18:45:00,66.509
2014-01-13 18:50:00,64.079
2014-01-13 18:55:00,63.363
2014-01-13 19:00:00,64.639
2014-01-13 19:05:00,64.366
2014-01-13 19:10:00,65.406
2014-01-13 19:15:00,65.583
2014-01-13 19:20:00,65.256
2014-01-13 19:25:00,67.534
2014-01-13 19:30:00,67.204
2014-01-13 19:35:00,67.369
2014-01-13 19:40:00,65.806
2014-01-13 19:45:00,66.667
2014-01-13 19:50:00,68.892
2014-01-13 19:55:00,65.983
2014-01-13 20:00:00,67.088
2014-01-13 20:05:00,68.001
2014-01-13 20:10:00,67.414
2014-01-13 20:15:00,69.974
2014-01-13 20:20:00,67.43
2014-01-13 20:25:00,68.967
2014-01-13 20:30:00,67.733
2014-01-13 20:35:00,68.111
2014-01-13 20:40:00,68.527
2014-01-13 20:45:00,70.216
2014-01-13 20:50:00,69.093
2014-01-13 20:55:00,70.741
2014-01-13 21:00:00,69.841
2014-01-13 21:05:00,69.163
2014-01-13 21:10:00,68.985
2014-01-13 21:15:00,67.73
2014-01-13 21:20:00,70.259
2014-01-13 21:25:00,71.257
2014-01-13 21:30:00,70.447
2014-01-13 21:35:00,70.984
2014-01-13 21:40:00,72.616
2014-01-13 21:45:00,71.122
2014-01-13 21:50:00,71.446
2014-01-13 21:55:00,71.449
2014-01-13 22:00:00,71.863
2014-01-13 22:05:00,70.05
2014-01-13 22:10:00,70.486
2014-01-13 22:15:00,70.84
2014-01-13 22:20:00,73.097
2014-01-13 22:25:00,71.367
2014-01-13 22:30:00,72.152
2014-01-13 22:35:00,73.749
2014-01-13 22:40:00,71.713
2014-01-13 22:45:00,71.421
2014-01-13 22:50:00,71.538
2014-01-13 22:55:00,75.477
2014-01-13 23:00:00,73.409
2014-01-13 23:05:00,72.918
2014-01-13 23:10:00,70.716
2014-01-13 23:15:00,74.459
2014-01-13 23:20:00,73.42
2014-01-13 23:25:00,72.695
2014-01-13 23:30:00,76.488
2014-01-13 23:35:00,75.735
2014-01-13 23:40:00,74.504
2014-01-13 23:45:00,73.173
2014-01-13 23:50:00,77.564
2014-01-13 23:55:00,76.921
2014-01-14 00:00:00,77.26
2014-01-14 00:05:00,76.517
2014-01-14 00:10:00,75.672
2014-01-14 00:15:00,75.269
2014-01-14 00:20:00,75.859
2014-01-14 00:25:00,78.221
2014-01-14 00:30:00,76.007
2014-01-14 00:35:00,75.015
2014-01-14 00:40:00,76.43
2014-01-14 00:45:00,75.762
2014-01-14 00:50:00,78.725
2014-01-14 00:55:00,75.307
2014-01-14 01:00:00,75.766
2014-01-14 01:05:00,76.683
2014-01-14 01:10:00,75.44
2014-01-14 01:15:00,73.945
2014-01-14 01:20:00,76.158
2014-01-14 01:25:00,75.875
2014-01-14 01:30:00,77.831
2014-01-14 01:35:00,79.148
2014-01-14 01:40:00,78.198
2014-01-14 01:45:00,76.442
2014-01-14 01:50:00,77.82
2014-01-14 01:55:00,78.569
2014-01-14 02:00:00,77.715
2014-01-14 02:05:00,76.561
2014-01-14 02:10:00,77.481
2014-01-14 02:15:00,79.137
2014-01-14 02:20:00,78.541
2014-01-14 02:25:00,78.652
2014-01-14 02:30:00,77.735
2014-01-14 02:35:00,78.092
2014-01-14 02:40:00,77.908
2014-01-14 02:45:00,78.037
2014-01-14 02:50:00,76.838
2014-01-14 02:55:00,80.221
2014-01-14 03:00:00,77.781
2014-01-14 03:05:00,78.109
2014-01-14 03:10:00,77.079
2014-01-14 03:15:00,77.631
2014-01-14 03:20:00,75.697
2014-01-14 03:25:00,79.282
2014-01-14 03:30:00,78.374
2014-01-14 03:35:00,77.014
2014-01-14 03:40:00,78.87
2014-01-14 03:45:00,77.923
2014-01-14 03:50:00,77.438
2014-01-14 03:55:00,76.153
2014-01-14 04:00:00,77.304
2014-01-14 04:05:00,78.948
2014-01-14 04:10:00,78.061
2014-01-14 04:15:00,76.486
2014-01-14 04:20:00,77.757
2014-01-14 04:25:00,78.104
2014-01-14 04:30:00,78.24
2014-01-14 04:35:00,76.597
2014-01-14 04:40:00,76.8
2014-01-14 04:45:00,77.563
2014-01-14 04:50:00,78.353
2014-01-14 04:55:00,79.455
2014-01-14 05:00:00,77.512
2014-01-14 05:05:00,75.765
2014-01-14 05:10:00,77.236
2014-01-14 05:15:00,77.418
2014-01-14 05:20:00,76.533
2014-01-14 05:25:00,75.723
2014-01-14 05:30:00,76.054
2014-01-14 05:35:00,77.492
2014-01-14 05:40:00,77.756
2014-01-14 05:45:00,76.143
2014-01-14 05:50:00,75.738
2014-01-14 05:55:00,77.144
2014-01-14 06:00:00,77.011
2014-01-14 06:05:00,78.026
2014-01-14 06:10:00,75.913
2014-01-14 06:15:00,77.445
2014-01-14 06:20:00,75.825
2014-01-14 06:25:00,74.528
2014-01-14 06:30:00,76.97
2014-01-14 06:35:00,76.536
2014-01-14 06:40:00,76.539
2014-01-14 06:45:00,76.492
2014-01-14 06:50:00,76.069
2014-01-14 06:55:00,74.642
2014-01-14 07:00:00,72.78
2014-01-14 07:05:00,74.251
2014-01-14 07:10:00,74.877
2014-01-14 07:15:00,74.03
2014-01-14 07:20:00,75.084
2014-01-14 07:25:00,76.128
2014-01-14 07:30:00,74.133
2014-01-14 07:35:00,73.064
2014-01-14 07:40:00,75.675
2014-01-14 07:45:00,73.586
2014-01-14 07:50:00,73.634
2014-01-14 07:55:00,70.84
2014-01-14 08:00:00,71.25
2014-01-14 08:05:00,74.275
2014-01-14 08:10:00,73.454
2014-01-14 08:15:00,74.384
2014-01-14 08:20:00,75.4
2014-01-14 08:25:00,72.429
2014-01-14 08:30:00,72.357
2014-01-14 08:35:00,71.999
2014-01-14 08:40:00,72.234
2014-01-14 08:45:00,73.157
2014-01-14 08:50:00,70.843
2014-01-14 08:55:00,73.443
2014-01-14 09:00:00,69.058
2014-01-14 09:05:00,71.836
2014-01-14 09:10:00,72.585
2014-01-14 09:15:00,71.218
2014-01-14 09:20:00,71.465
2014-01-14 09:25:00,69.159
2014-01-14 09:30:00,72.372
2014-01-14 09:35:00,71.578
2014-01-14 09:40:00,69.177
2014-01-14 09:45:00,67.597
2014-01-14 09:50:00,68.556
2014-01-14 09:55:00,68.855
2014-01-14 10:00:00,66.98
2014-01-14 10:05:00,69.492
2014-01-14 10:10:00,69.639
2014-01-14 10:15:00,68.989
2014-01-14 10:20:00,68.431
2014-01-14 10:25:00,69.986
2014-01-14 10:30:00,68.739
2014-01-14 10:35:00,70.974
2014-01-14 10:40:00,67.319
2014-01-14 10:45:00,68.271
2014-01-14 10:50:00,66.78
2014-01-14 10:55:00,67.311
2014-01-14 11:00:00,68.52
2014-01-14 11:05:00,67.909
2014-01-14 11:10:00,68.461
2014-01-14 11:15:00,68.14
2014-01-14 11:20:00,66.029
2014-01-14 11:25:00,63.423
2014-01-14 11:30:00,64.069
2014-01-14 11:35:00,68.911
2014-01-14 11:40:00,64.934
2014-01-14 11:45:00,67.525
2014-01-14 11:50:00,65.374
2014-01-14 11:55:00,64.899
2014-01-14 12:00:00,66.614
2014-01-14 12:05:00,66.785
2014-01-14 12:10:00,66.546
2014-01-14 12:15:00,64.804
2014-01-14 12:20:00,66.264
2014-01-14 12:25:00,65.323
2014-01-14 12:30:00,67.274
2014-01-14 12:35:00,65.418
2014-01-14 12:40:00,65.982
2014-01-14 12:45:00,63.066
2014-01-14 12:50:00,66.728
2014-01-14 12:55:00,66.479
2014-01-14 13:00:00,63.418
2014-01-14 13:05:00,65.956
2014-01-14 13:10:00,63.27
2014-01-14 13:15:00,64.489
2014-01-14 13:20:00,63.654
2014-01-14 13:25:00,62.283
2014-01-14 13:30:00,63.747
2014-01-14 13:35:00,63.267
2014-01-14 13:40:00,65.157
2014-01-14 13:45:00,62.449
2014-01-14 13:50:00,63.034
2014-01-14 13:55:00,62.462
2014-01-14 14:00:00,64.528
2014-01-14 14:05:00,63.868
2014-01-14 14:10:00,64.507
2014-01-14 14:15:00,62.705
2014-01-14 14:20:00,63.678
2014-01-14 14:25:00,64.576
2014-01-14 14:30:00,62.922
2014-01-14 14:35:00,62.872
2014-01-14 14:40:00,63.503
2014-01-14 14:45:00,63.843
2014-01-14 14:50:00,63.354
2014-01-14 14:55:00,61.732
2014-01-14 15:00:00,62.631
2014-01-14 15:05:00,61.957
2014-01-14 15:10:00,66.759
2014-01-14 15:15:00,63.515
2014-01-14 15:20:00,61.211
2014-01-14 15:25:00,62.801
2014-01-14 15:30:00,61.884
2014-01-14 15:35:00,66.104
2014-01-14 15:40:00,64.07
2014-01-14 15:45:00,62.784
2014-01-14 15:50:00,64.869
2014-01-14 15:55:00,64.623
2014-01-14 16:00:00,62.564
2014-01-14 16:05:00,62.239
2014-01-14 16:10:00,62.006
2014-01-14 16:15:00,63.213
2014-01-14 16:20:00,63.549
2014-01-14 16:25:00,63.431
2014-01-14 16:30:00,64.476
2014-01-14 16:35:00,64.19
2014-01-14 16:40:00,63.784
2014-01-14 16:45:00,65.055
2014-01-14 16:50:00,61.843
2014-01-14 16:55:00,63.986
2014-01-14 17:00:00,62.713
2014-01-14 17:05:00,64.758
2014-01-14 17:10:00,65.382
2014-01-14 17:15:00,63.604
2014-01-14 17:20:00,62.021
2014-01-14 17:25:00,67.013
2014-01-14 17:30:00,66.428
2014-01-14 17:35:00,66.303
2014-01-14 17:40:00,63.746
2014-01-14 17:45:00,65.767
2014-01-14 17:50:00,65.511
2014-01-14 17:55:00,65.729
2014-01-14 18:00:00,67.04
2014-01-14 18:05:00,68.205
2014-01-14 18:10:00,65.896
2014-01-14 18:15:00,66.258
2014-01-14 18:20:00,67.652
2014-01-14 18:25:00,66.122
2014-01-14 18:30:00,66.099
2014-01-14 18:35:00,66.422
2014-01-14 18:40:00,68.624
2014-01-14 18:45:00,68.263
2014-01-14 18:50:00,63.695
2014-01-14 18:55:00,69.099
2014-01-14 19:00:00,66.827
2014-01-14 19:05:00,65.574
2014-01-14 19:10:00,68.962
2014-01-14 19:15:00,68.103
2014-01-14 19:20:00,67.807
2014-01-14 19:25:00,67.823
2014-01-14 19:30:00,69.723
2014-01-14 19:35:00,69.03
2014-01-14 19:40:00,67.415
2014-01-14 19:45:00,66.265
2014-01-14 19:50:00,67.568
2014-01-14 19:55:00,68.193
2014-01-14 20:00:00,68.353
2014-01-14 20:05:00,70.52
2014-01-14 20:10:00,67.92
2014-01-14 20:15:00,69.185
2014-01-14 20:20:00,71.437
2014-01-14 20:25:00,68.722
2014-01-14 20:30:00,70.593
2014-01-14 20:35:00,69.69
2014-01-14 20:40:00,72.86
2014-01-14 20:45:00,71.061
2014-01-14 20:50:00,69.404
2014-01-14 20:55:00,69.489
2014-01-14 21:00:00,70.038
2014-01-14 21:05:00,69.74
2014-01-14 21:10:00,72.516
2014-01-14 21:15:00,69.884
2014-01-14 21:20:00,72.298
2014-01-14 21:25:00,72.209
2014-01-14 21:30:00,73.784
2014-01-14 21:35:00,74.214
2014-01-14 21:40:00,74.168
2014-01-14 21:45:00,71.869
2014-01-14 21:50:00,72.862
2014-01-14 21:55:00,71.639
2014-01-14 22:00:00,75.702
2014-01-14 22:05:00,73.259
2014-01-14 22:10:00,75.319
2014-01-14 22:15:00,74.776
2014-01-14 22:20:00,73.341
2014-01-14 22:25:00,73.065
2014-01-14 22:30:00,73.97
2014-01-14 22:35:00,73.84
2014-01-14 22:40:00,74.282
2014-01-14 22:45:00,76.326
2014-01-14 22:50:00,76.379
2014-01-14 22:55:00,77.212
2014-01-14 23:00:00,73.223
2014-01-14 23:05:00,74.013
2014-01-14 23:10:00,75.022
2014-01-14 23:15:00,78.408
2014-01-14 23:20:00,78.636
2014-01-14 23:25:00,75.391
2014-01-14 23:30:00,76.219
2014-01-14 23:35:00,76.559
2014-01-14 23:40:00,78.651
2014-01-14 23:45:00,77.358
2014-01-14 23:50:00,78.549
2014-01-14 23:55:00,77.132
2014-01-15 00:00:00,76.121
2014-01-15 00:05:00,76.127
2014-01-15 00:10:00,76.368
2014-01-15 00:15:00,78.36
2014-01-15 00:20:00,78.74
2014-01-15 00:25:00,80.301
2014-01-15 00:30:00,78.431
2014-01-15 00:35:00,77.917
2014-01-15 00:40:00,77.177
2014-01-15 00:45:00,78.318
2014-01-15 00:50:00,79.185
2014-01-15 00:55:00,75.618
2014-01-15 01:00:00,77.15
2014-01-15 01:05:00,76.876
2014-01-15 01:10:00,81.038
2014-01-15 01:15:00,79.643
2014-01-15 01:20:00,78.224
2014-01-15 01:25:00,79.361
2014-01-15 01:30:00,80.559
2014-01-15 01:35:00,78.458
2014-01-15 01:40:00,79.506
2014-01-15 01:45:00,79.028
2014-01-15 01:50:00,79.63
2014-01-15 01:55:00,79.592
2014-01-15 02:00:00,80.057
2014-01-15 02:05:00,78.687
2014-01-15 02:10:00,78.365
2014-01-15 02:15:00,79.81
2014-01-15 02:20:00,79.213
2014-01-15 02:25:00,79.623
2014-01-15 02:30:00,81.094
2014-01-15 02:35:00,79.033
2014-01-15 02:40:00,79.456
2014-01-15 02:45:00,80.117
2014-01-15 02:50:00,79.649
2014-01-15 02:55:00,79.269
2014-01-15 03:00:00,78.646
2014-01-15 03:05:00,78.161
2014-01-15 03:10:00,79.441
2014-01-15 03:15:00,81.147
2014-01-15 03:20:00,82.246
2014-01-15 03:25:00,79.341
2014-01-15 03:30:00,80.279
2014-01-15 03:35:00,80.478
2014-01-15 03:40:00,80.299
2014-01-15 03:45:00,78.616
2014-01-15 03:50:00,80.775
2014-01-15 03:55:00,80.502
2014-01-15 04:00:00,77.781
2014-01-15 04:05:00,80.264
2014-01-15 04:10:00,80.186
2014-01-15 04:15:00,78.491
2014-01-15 04:20:00,78.401
2014-01-15 04:25:00,81.02
2014-01-15 04:30:00,80.194
2014-01-15 04:35:00,81.752
2014-01-15 04:40:00,77.801
2014-01-15 04:45:00,78.639
2014-01-15 04:50:00,78.401
2014-01-15 04:55:00,78.125
2014-01-15 05:00:00,78.156
2014-01-15 05:05:00,78.931
2014-01-15 05:10:00,77.055
2014-01-15 05:15:00,77.951
2014-01-15 05:20:00,77.986
2014-01-15 05:25:00,79.932
2014-01-15 05:30:00,78.42
2014-01-15 05:35:00,79.029
2014-01-15 05:40:00,77.989
2014-01-15 05:45:00,77.118
2014-01-15 05:50:00,77.859
2014-01-15 05:55:00,79.06
2014-01-15 06:00:00,79.242
2014-01-15 06:05:00,79.219
2014-01-15 06:10:00,80.456
2014-01-15 06:15:00,80.025
2014-01-15 06:20:00,77.409
2014-01-15 06:25:00,77.13
2014-01-15 06:30:00,77.351
2014-01-15 06:35:00,77.267
2014-01-15 06:40:00,76.276
2014-01-15 06:45:00,74.94
2014-01-15 06:50:00,77.103
2014-01-15 06:55:00,75.66
2014-01-15 07:00:00,76.128
2014-01-15 07:05:00,74.328
2014-01-15 07:10:00,77.384
2014-01-15 07:15:00,74.186
2014-01-15 07:20:00,78.045
2014-01-15 07:25:00,74.511
2014-01-15 07:30:00,76.048
2014-01-15 07:35:00,75.164
2014-01-15 07:40:00,73.849
2014-01-15 07:45:00,74.111
2014-01-15 07:50:00,75.559
2014-01-15 07:55:00,74.105
2014-01-15 08:00:00,75.574
2014-01-15 08:05:00,74.198
2014-01-15 08:10:00,73.365
2014-01-15 08:15:00,74.163
2014-01-15 08:20:00,74.599
2014-01-15 08:25:00,74.499
2014-01-15 08:30:00,75.792
2014-01-15 08:35:00,72.428
2014-01-15 08:40:00,71.753
2014-01-15 08:45:00,74.211
2014-01-15 08:50:00,71.927
2014-01-15 08:55:00,72.749
2014-01-15 09:00:00,71.244
2014-01-15 09:05:00,71.782
2014-01-15 09:10:00,71.469
2014-01-15 09:15:00,72.313
2014-01-15 09:20:00,72.223
2014-01-15 09:25:00,71.019
2014-01-15 09:30:00,70.602
2014-01-15 09:35:00,72.289
2014-01-15 09:40:00,69.289
2014-01-15 09:45:00,70.637
2014-01-15 09:50:00,70.47
2014-01-15 09:55:00,70.882
2014-01-15 10:00:00,71.889
2014-01-15 10:05:00,70.885
2014-01-15 10:10:00,71.047
2014-01-15 10:15:00,69.142
2014-01-15 10:20:00,69.645
2014-01-15 10:25:00,67.832
2014-01-15 10:30:00,70.045
2014-01-15 10:35:00,67.891
2014-01-15 10:40:00,70.24
2014-01-15 10:45:00,68.62
2014-01-15 10:50:00,70.716
2014-01-15 10:55:00,67.949
2014-01-15 11:00:00,68.166
2014-01-15 11:05:00,66.573
2014-01-15 11:10:00,69.34
2014-01-15 11:15:00,68.376
2014-01-15 11:20:00,68.998
2014-01-15 11:25:00,65.313
2014-01-15 11:30:00,68.009
2014-01-15 11:35:00,69.286
2014-01-15 11:40:00,69.282
2014-01-15 11:45:00,65.985
2014-01-15 11:50:00,69.529
2014-01-15 11:55:00,65.353
2014-01-15 12:00:00,65.441
2014-01-15 12:05:00,67.863
2014-01-15 12:10:00,65.188
2014-01-15 12:15:00,66.448
2014-01-15 12:20:00,65.715
2014-01-15 12:25:00,68.476
2014-01-15 12:30:00,66.105
2014-01-15 12:35:00,68.082
2014-01-15 12:40:00,66.516
2014-01-15 12:45:00,64.643
2014-01-15 12:50:00,67.924
2014-01-15 12:55:00,65.639
2014-01-15 13:00:00,65.997
2014-01-15 13:05:00,65.776
2014-01-15 13:10:00,67.393
2014-01-15 13:15:00,63.353
2014-01-15 13:20:00,66.975
2014-01-15 13:25:00,62.949
2014-01-15 13:30:00,63.693
2014-01-15 13:35:00,62.897
2014-01-15 13:40:00,64.966
2014-01-15 13:45:00,64.469
2014-01-15 13:50:00,65.079
2014-01-15 13:55:00,62.093
2014-01-15 14:00:00,63.444
2014-01-15 14:05:00,65.086
2014-01-15 14:10:00,65.333
2014-01-15 14:15:00,62.64
2014-01-15 14:20:00,63.892
2014-01-15 14:25:00,65.018
2014-01-15 14:30:00,65.429
2014-01-15 14:35:00,60.75
2014-01-15 14:40:00,64.745
2014-01-15 14:45:00,63.112
2014-01-15 14:50:00,61.634
2014-01-15 14:55:00,65.782
2014-01-15 15:00:00,63.752
2014-01-15 15:05:00,64.795
2014-01-15 15:10:00,65.039
2014-01-15 15:15:00,64.023
2014-01-15 15:20:00,63.354
2014-01-15 15:25:00,63.148
2014-01-15 15:30:00,64.814
2014-01-15 15:35:00,64.146
2014-01-15 15:40:00,64.259
2014-01-15 15:45:00,63.228
2014-01-15 15:50:00,62.043
2014-01-15 15:55:00,65.565
2014-01-15 16:00:00,63.484
2014-01-15 16:05:00,65.245
2014-01-15 16:10:00,66.541
2014-01-15 16:15:00,67.126
2014-01-15 16:20:00,63.779
2014-01-15 16:25:00,62.086
2014-01-15 16:30:00,63.404
2014-01-15 16:35:00,66.976
2014-01-15 16:40:00,64.35
2014-01-15 16:45:00,65.192
2014-01-15 16:50:00,64.945
2014-01-15 16:55:00,64.374
2014-01-15 17:00:00,65.962
2014-01-15 17:05:00,67.128
2014-01-15 17:10:00,68.028
2014-01-15 17:15:00,65.52
2014-01-15 17:20:00,63.429
2014-01-15 17:25:00,66.271
2014-01-15 17:30:00,65.089
2014-01-15 17:35:00,64.737
2014-01-15 17:40:00,62.701
2014-01-15 17:45:00,67.058
2014-01-15 17:50:00,66.565
2014-01-15 17:55:00,65.927
2014-01-15 18:00:00,65.77
2014-01-15 18:05:00,67.057
2014-01-15 18:10:00,65.42
2014-01-15 18:15:00,67.471
2014-01-15 18:20:00,68.501
2014-01-15 18:25:00,66.928
2014-01-15 18:30:00,67.62
2014-01-15 18:35:00,64.194
2014-01-15 18:40:00,66.634
2014-01-15 18:45:00,64.51
2014-01-15 18:50:00,67.422
2014-01-15 18:55:00,68.232
2014-01-15 19:00:00,67.82
2014-01-15 19:05:00,67.225
2014-01-15 19:10:00,69.056
2014-01-15 19:15:00,67.663
2014-01-15 19:20:00,68.27
2014-01-15 19:25:00,68.282
2014-01-15 19:30:00,66.41
2014-01-15 19:35:00,68.119
2014-01-15 19:40:00,68.879
2014-01-15 19:45:00,68.308
2014-01-15 19:50:00,68.87
2014-01-15 19:55:00,70.897
2014-01-15 20:00:00,69.168
2014-01-15 20:05:00,69.539
2014-01-15 20:10:00,69.492
2014-01-15 20:15:00,67.991
2014-01-15 20:20:00,71.835
2014-01-15 20:25:00,69.994
2014-01-15 20:30:00,70.623
2014-01-15 20:35:00,69.697
2014-01-15 20:40:00,69.107
2014-01-15 20:45:00,69.805
2014-01-15 20:50:00,72.943
2014-01-15 20:55:00,72.531
2014-01-15 21:00:00,69.759
2014-01-15 21:05:00,70.687
2014-01-15 21:10:00,72.381
2014-01-15 21:15:00,73.74
2014-01-15 21:20:00,71.452
2014-01-15 21:25:00,70.98
2014-01-15 21:30:00,72.019
2014-01-15 21:35:00,72.364
2014-01-15 21:40:00,75.453
2014-01-15 21:45:00,73.426
2014-01-15 21:50:00,72.91
2014-01-15 21:55:00,72.799
2014-01-15 22:00:00,72.589
2014-01-15 22:05:00,73.078
2014-01-15 22:10:00,73.802
2014-01-15 22:15:00,74.812
2014-01-15 22:20:00,72.151
2014-01-15 22:25:00,74.703
2014-01-15 22:30:00,74.792
2014-01-15 22:35:00,74.176
2014-01-15 22:40:00,75.319
2014-01-15 22:45:00,75.646
2014-01-15 22:50:00,73.165
2014-01-15 22:55:00,75.409
2014-01-15 23:00:00,75.329
2014-01-15 23:05:00,77.778
2014-01-15 23:10:00,75.945
2014-01-15 23:15:00,77.051
2014-01-15 23:20:00,74.848
2014-01-15 23:25:00,77.141
2014-01-15 23:30:00,77.75
2014-01-15 23:35:00,77.413
2014-01-15 23:40:00,75.668
2014-01-15 23:45:00,78.245
2014-01-15 23:50:00,75.4
2014-01-15 23:55:00,77.52
2014-01-16 00:00:00,77.546
2014-01-16 00:05:00,77.069
2014-01-16 00:10:00,76.654
2014-01-16 00:15:00,77.532
2014-01-16 00:20:00,77.171
2014-01-16 00:25:00,80.256
2014-01-16 00:30:00,79.504
2014-01-16 00:35:00,80.132
2014-01-16 00:40:00,78.168
2014-01-16 00:45:00,78.263
2014-01-16 00:50:00,78.707
2014-01-16 00:55:00,79.35
2014-01-16 01:00:00,79.025
2014-01-16 01:05:00,77.272
2014-01-16 01:10:00,78.453
2014-01-16 01:15:00,79.949
2014-01-16 01:20:00,82.246
2014-01-16 01:25:00,78.346
2014-01-16 01:30:00,78.556
2014-01-16 01:35:00,78.676
2014-01-16 01:40:00,80.923
2014-01-16 01:45:00,79.521
2014-01-16 01:50:00,78.981
2014-01-16 01:55:00,79.414
2014-01-16 02:00:00,79.54
2014-01-16 02:05:00,79.826
2014-01-16 02:10:00,80.228
2014-01-16 02:15:00,80.488
2014-01-16 02:20:00,80.78
2014-01-16 02:25:00,81.473
2014-01-16 02:30:00,79.354
2014-01-16 02:35:00,79.562
2014-01-16 02:40:00,79.272
2014-01-16 02:45:00,80.157
2014-01-16 02:50:00,80.743
2014-01-16 02:55:00,80.496
2014-01-16 03:00:00,79.757
2014-01-16 03:05:00,78.739
2014-01-16 03:10:00,78.595
2014-01-16 03:15:00,78.656
2014-01-16 03:20:00,78.948
2014-01-16 03:25:00,79.51
2014-01-16 03:30:00,81.011
2014-01-16 03:35:00,80.643
2014-01-16 03:40:00,77.994
2014-01-16 03:45:00,77.999
2014-01-16 03:50:00,79.356
2014-01-16 03:55:00,80.554
2014-01-16 04:00:00,79.441
2014-01-16 04:05:00,79.596
2014-01-16 04:10:00,79.103
2014-01-16 04:15:00,80.513
2014-01-16 04:20:00,79.869
2014-01-16 04:25:00,79.213
2014-01-16 04:30:00,77.675
2014-01-16 04:35:00,79.476
2014-01-16 04:40:00,78.763
2014-01-16 04:45:00,79.314
2014-01-16 04:50:00,77.173
2014-01-16 04:55:00,80.971
2014-01-16 05:00:00,79.066
2014-01-16 05:05:00,80.193
2014-01-16 05:10:00,79.59
2014-01-16 05:15:00,79.643
2014-01-16 05:20:00,77.998
2014-01-16 05:25:00,77.715
2014-01-16 05:30:00,76.734
2014-01-16 05:35:00,79.13
2014-01-16 05:40:00,78.544
2014-01-16 05:45:00,78.762
2014-01-16 05:50:00,76.838
2014-01-16 05:55:00,77.768
2014-01-16 06:00:00,76.346
2014-01-16 06:05:00,75.561
2014-01-16 06:10:00,77.48
2014-01-16 06:15:00,75.605
2014-01-16 06:20:00,81.363
2014-01-16 06:25:00,77.677
2014-01-16 06:30:00,78.444
2014-01-16 06:35:00,77.902
2014-01-16 06:40:00,76.981
2014-01-16 06:45:00,75.24
2014-01-16 06:50:00,76.692
2014-01-16 06:55:00,78.315
2014-01-16 07:00:00,75.033
2014-01-16 07:05:00,77.277
2014-01-16 07:10:00,75.574
2014-01-16 07:15:00,76.713
2014-01-16 07:20:00,74.717
2014-01-16 07:25:00,76.594
2014-01-16 07:30:00,76.738
2014-01-16 07:35:00,74.785
2014-01-16 07:40:00,74.986
2014-01-16 07:45:00,75.363
2014-01-16 07:50:00,75.332
2014-01-16 07:55:00,76.054
2014-01-16 08:00:00,74.083
2014-01-16 08:05:00,73.86
2014-01-16 08:10:00,73.97
2014-01-16 08:15:00,74.134
2014-01-16 08:20:00,71.799
2014-01-16 08:25:00,74.084
2014-01-16 08:30:00,74.582
2014-01-16 08:35:00,73.2
2014-01-16 08:40:00,73.298
2014-01-16 08:45:00,72.1
2014-01-16 08:50:00,72.885
2014-01-16 08:55:00,72.145
2014-01-16 09:00:00,72.313
2014-01-16 09:05:00,71.125
2014-01-16 09:10:00,72.382
2014-01-16 09:15:00,73.019
2014-01-16 09:20:00,70.964
2014-01-16 09:25:00,71.4
2014-01-16 09:30:00,72.401
2014-01-16 09:35:00,70.641
2014-01-16 09:40:00,69.412
2014-01-16 09:45:00,71.166
2014-01-16 09:50:00,70.089
2014-01-16 09:55:00,70.556
2014-01-16 10:00:00,69.886
2014-01-16 10:05:00,70.226
2014-01-16 10:10:00,69.511
2014-01-16 10:15:00,68.839
2014-01-16 10:20:00,70.497
2014-01-16 10:25:00,68.887
2014-01-16 10:30:00,69.784
2014-01-16 10:35:00,70.793
2014-01-16 10:40:00,67.841
2014-01-16 10:45:00,68.262
2014-01-16 10:50:00,68.362
2014-01-16 10:55:00,67.851
2014-01-16 11:00:00,68.599
2014-01-16 11:05:00,66.537
2014-01-16 11:10:00,66.291
2014-01-16 11:15:00,66.914
2014-01-16 11:20:00,67.576
2014-01-16 11:25:00,67.83
2014-01-16 11:30:00,67.718
2014-01-16 11:35:00,66.517
2014-01-16 11:40:00,64.565
2014-01-16 11:45:00,67.328
2014-01-16 11:50:00,65.56
2014-01-16 11:55:00,66.715
2014-01-16 12:00:00,66.073
2014-01-16 12:05:00,64.84
2014-01-16 12:10:00,66.293
2014-01-16 12:15:00,66.026
2014-01-16 12:20:00,66.663
2014-01-16 12:25:00,65.76
2014-01-16 12:30:00,67.806
2014-01-16 12:35:00,64.246
2014-01-16 12:40:00,67.619
2014-01-16 12:45:00,67.119
2014-01-16 12:50:00,64.569
2014-01-16 12:55:00,63.344
2014-01-16 13:00:00,64.189
2014-01-16 13:05:00,64.238
2014-01-16 13:10:00,65.214
2014-01-16 13:15:00,65.17
2014-01-16 13:20:00,65.1
2014-01-16 13:25:00,62.107
2014-01-16 13:30:00,61.806
2014-01-16 13:35:00,64.304
2014-01-16 13:40:00,65.609
2014-01-16 13:45:00,64.123
2014-01-16 13:50:00,66.086
2014-01-16 13:55:00,62.458
2014-01-16 14:00:00,63.84
2014-01-16 14:05:00,65.109
2014-01-16 14:10:00,63.803
2014-01-16 14:15:00,65.226
2014-01-16 14:20:00,64.659
2014-01-16 14:25:00,63.132
2014-01-16 14:30:00,63.098
2014-01-16 14:35:00,61.78
2014-01-16 14:40:00,63.467
2014-01-16 14:45:00,65.686
2014-01-16 14:50:00,61.404
2014-01-16 14:55:00,63.165
2014-01-16 15:00:00,64.583
2014-01-16 15:05:00,63.629
2014-01-16 15:10:00,61.161
2014-01-16 15:15:00,63.138
2014-01-16 15:20:00,63.902
2014-01-16 15:25:00,63.486
2014-01-16 15:30:00,62.907
2014-01-16 15:35:00,63.294
2014-01-16 15:40:00,64.969
2014-01-16 15:45:00,62.241
2014-01-16 15:50:00,65.287
2014-01-16 15:55:00,62.659
2014-01-16 16:00:00,63.43
2014-01-16 16:05:00,63.237
2014-01-16 16:10:00,64.465
2014-01-16 16:15:00,65.088
2014-01-16 16:20:00,63.351
2014-01-16 16:25:00,61.369
2014-01-16 16:30:00,63.091
2014-01-16 16:35:00,61.813
2014-01-16 16:40:00,61.312
2014-01-16 16:45:00,63.269
2014-01-16 16:50:00,63.48
2014-01-16 16:55:00,63.693
2014-01-16 17:00:00,62.021
2014-01-16 17:05:00,64.77
2014-01-16 17:10:00,66.14
2014-01-16 17:15:00,63.769
2014-01-16 17:20:00,66.361
2014-01-16 17:25:00,62.406
2014-01-16 17:30:00,65.491
2014-01-16 17:35:00,65.484
2014-01-16 17:40:00,64.713
2014-01-16 17:45:00,64.916
2014-01-16 17:50:00,65.065
2014-01-16 17:55:00,63.778
2014-01-16 18:00:00,63.407
2014-01-16 18:05:00,66.358
2014-01-16 18:10:00,65.927
2014-01-16 18:15:00,65.979
2014-01-16 18:20:00,65.163
2014-01-16 18:25:00,64.575
2014-01-16 18:30:00,64.687
2014-01-16 18:35:00,64.219
2014-01-16 18:40:00,64.905
2014-01-16 18:45:00,66.91
2014-01-16 18:50:00,66.897
2014-01-16 18:55:00,66.128
2014-01-16 19:00:00,68.425
2014-01-16 19:05:00,66.027
2014-01-16 19:10:00,67.062
2014-01-16 19:15:00,69.074
2014-01-16 19:20:00,69.315
2014-01-16 19:25:00,69.014
2014-01-16 19:30:00,69.141
2014-01-16 19:35:00,66.508
2014-01-16 19:40:00,67.378
2014-01-16 19:45:00,67.142
2014-01-16 19:50:00,69.82
2014-01-16 19:55:00,66.614
2014-01-16 20:00:00,67.856
2014-01-16 20:05:00,67.81
2014-01-16 20:10:00,67.744
2014-01-16 20:15:00,67.807
2014-01-16 20:20:00,71.05
2014-01-16 20:25:00,70.148
2014-01-16 20:30:00,69.568
2014-01-16 20:35:00,68.098
2014-01-16 20:40:00,69.066
2014-01-16 20:45:00,70.159
2014-01-16 20:50:00,69.752
2014-01-16 20:55:00,70.063
2014-01-16 21:00:00,69.737
2014-01-16 21:05:00,70.944
2014-01-16 21:10:00,70.875
2014-01-16 21:15:00,71.714
2014-01-16 21:20:00,72.226
2014-01-16 21:25:00,72.022
2014-01-16 21:30:00,71.051
2014-01-16 21:35:00,71.637
2014-01-16 21:40:00,68.498
2014-01-16 21:45:00,71.227
2014-01-16 21:50:00,73.098
2014-01-16 21:55:00,72.219
2014-01-16 22:00:00,70.98
2014-01-16 22:05:00,71.138
2014-01-16 22:10:00,72.298
2014-01-16 22:15:00,72.113
2014-01-16 22:20:00,72.096
2014-01-16 22:25:00,74.449
2014-01-16 22:30:00,75.201
2014-01-16 22:35:00,74.028
2014-01-16 22:40:00,72.467
2014-01-16 22:45:00,75.806
2014-01-16 22:50:00,75.732
2014-01-16 22:55:00,74.075
2014-01-16 23:00:00,75.172
2014-01-16 23:05:00,73.495
2014-01-16 23:10:00,73.375
2014-01-16 23:15:00,76.915
2014-01-16 23:20:00,75.623
2014-01-16 23:25:00,75.072
2014-01-16 23:30:00,75.507
2014-01-16 23:35:00,75.465
2014-01-16 23:40:00,76.289
2014-01-16 23:45:00,76.959
2014-01-16 23:50:00,77.683
2014-01-16 23:55:00,74.767
2014-01-17 00:00:00,75.949
2014-01-17 00:05:00,76.144
2014-01-17 00:10:00,74.412
2014-01-17 00:15:00,78.346
2014-01-17 00:20:00,76.68
2014-01-17 00:25:00,74.763
2014-01-17 00:30:00,76.745
2014-01-17 00:35:00,76.271
2014-01-17 00:40:00,75.437
2014-01-17 00:45:00,78.523
2014-01-17 00:50:00,77.47
2014-01-17 00:55:00,77.572
2014-01-17 01:00:00,78.793
2014-01-17 01:05:00,79.213
2014-01-17 01:10:00,77.519
2014-01-17 01:15:00,76.516
2014-01-17 01:20:00,77.033
2014-01-17 01:25:00,78.251
2014-01-17 01:30:00,77.319
2014-01-17 01:35:00,78.161
2014-01-17 01:40:00,79.329
2014-01-17 01:45:00,79.652
2014-01-17 01:50:00,76.997
2014-01-17 01:55:00,77.759
2014-01-17 02:00:00,79.611
2014-01-17 02:05:00,77.453
2014-01-17 02:10:00,78.156
2014-01-17 02:15:00,78.737
2014-01-17 02:20:00,79.848
2014-01-17 02:25:00,77.775
2014-01-17 02:30:00,79.267
2014-01-17 02:35:00,78.333
2014-01-17 02:40:00,78.998
2014-01-17 02:45:00,78.349
2014-01-17 02:50:00,78.711
2014-01-17 02:55:00,77.051
2014-01-17 03:00:00,77.393
2014-01-17 03:05:00,77.229
2014-01-17 03:10:00,78.358
2014-01-17 03:15:00,78.584
2014-01-17 03:20:00,78.758
2014-01-17 03:25:00,79.091
2014-01-17 03:30:00,76.547
2014-01-17 03:35:00,78.955
2014-01-17 03:40:00,77.797
2014-01-17 03:45:00,76.54
2014-01-17 03:50:00,77.46
2014-01-17 03:55:00,79.169
2014-01-17 04:00:00,76.678
2014-01-17 04:05:00,79.871
2014-01-17 04:10:00,76.701
2014-01-17 04:15:00,77.842
2014-01-17 04:20:00,78.354
2014-01-17 04:25:00,76.899
2014-01-17 04:30:00,76.824
2014-01-17 04:35:00,78.549
2014-01-17 04:40:00,77.189
2014-01-17 04:45:00,76.695
2014-01-17 04:50:00,77.579
2014-01-17 04:55:00,77.732
2014-01-17 05:00:00,78.233
2014-01-17 05:05:00,76.696
2014-01-17 05:10:00,78.538
2014-01-17 05:15:00,76.867
2014-01-17 05:20:00,75.251
2014-01-17 05:25:00,75.88
2014-01-17 05:30:00,77.244
2014-01-17 05:35:00,76.892
2014-01-17 05:40:00,74.017
2014-01-17 05:45:00,75.003
2014-01-17 05:50:00,76.695
2014-01-17 05:55:00,76.874
2014-01-17 06:00:00,74.548
2014-01-17 06:05:00,76.581
2014-01-17 06:10:00,75.825
2014-01-17 06:15:00,75.903
2014-01-17 06:20:00,75.767
2014-01-17 06:25:00,75.993
2014-01-17 06:30:00,75.555
2014-01-17 06:35:00,76.3
2014-01-17 06:40:00,75.268
2014-01-17 06:45:00,76.359
2014-01-17 06:50:00,74.911
2014-01-17 06:55:00,74.356
2014-01-17 07:00:00,71.581
2014-01-17 07:05:00,75.402
2014-01-17 07:10:00,74.965
2014-01-17 07:15:00,72.205
2014-01-17 07:20:00,71.459
2014-01-17 07:25:00,73.772
2014-01-17 07:30:00,72.512
2014-01-17 07:35:00,73.178
2014-01-17 07:40:00,75.057
2014-01-17 07:45:00,73.079
2014-01-17 07:50:00,73.312
2014-01-17 07:55:00,73.319
2014-01-17 08:00:00,73.12
2014-01-17 08:05:00,69.81
2014-01-17 08:10:00,73.064
2014-01-17 08:15:00,74.792
2014-01-17 08:20:00,71.691
2014-01-17 08:25:00,73.036
2014-01-17 08:30:00,72.788
2014-01-17 08:35:00,73.474
2014-01-17 08:40:00,70.634
2014-01-17 08:45:00,73.114
2014-01-17 08:50:00,69.001
2014-01-17 08:55:00,70.99
2014-01-17 09:00:00,71.064
2014-01-17 09:05:00,70.153
2014-01-17 09:10:00,68.875
2014-01-17 09:15:00,71.398
2014-01-17 09:20:00,68.609
2014-01-17 09:25:00,69.601
2014-01-17 09:30:00,69.712
2014-01-17 09:35:00,68.878
2014-01-17 09:40:00,68.93
2014-01-17 09:45:00,68.619
2014-01-17 09:50:00,67.959
2014-01-17 09:55:00,67.627
2014-01-17 10:00:00,69.084
2014-01-17 10:05:00,69.449
2014-01-17 10:10:00,68.325
2014-01-17 10:15:00,67.127
2014-01-17 10:20:00,67.84
2014-01-17 10:25:00,70.059
2014-01-17 10:30:00,67.548
2014-01-17 10:35:00,65.482
2014-01-17 10:40:00,64.465
2014-01-17 10:45:00,68.173
2014-01-17 10:50:00,65.336
2014-01-17 10:55:00,66.337
2014-01-17 11:00:00,65.539
2014-01-17 11:05:00,65.975
2014-01-17 11:10:00,67.788
2014-01-17 11:15:00,66.605
2014-01-17 11:20:00,65.517
2014-01-17 11:25:00,64.73
2014-01-17 11:30:00,63.354
2014-01-17 11:35:00,65.597
2014-01-17 11:40:00,65.08
2014-01-17 11:45:00,62.761
2014-01-17 11:50:00,63.884
2014-01-17 11:55:00,62.916
2014-01-17 12:00:00,63.843
2014-01-17 12:05:00,64.88
2014-01-17 12:10:00,62.413
2014-01-17 12:15:00,64.073
2014-01-17 12:20:00,63.006
2014-01-17 12:25:00,64.841
2014-01-17 12:30:00,64.348
2014-01-17 12:35:00,64.27
2014-01-17 12:40:00,62.147
2014-01-17 12:45:00,61.584
2014-01-17 12:50:00,65.129
2014-01-17 12:55:00,62.95
2014-01-17 13:00:00,61.588
2014-01-17 13:05:00,62.231
2014-01-17 13:10:00,64.416
2014-01-17 13:15:00,61.455
2014-01-17 13:20:00,63.554
2014-01-17 13:25:00,60.207
2014-01-17 13:30:00,64.984
2014-01-17 13:35:00,62.5
2014-01-17 13:40:00,61.674
2014-01-17 13:45:00,61.098
2014-01-17 13:50:00,59.976
2014-01-17 13:55:00,61.582
2014-01-17 14:00:00,60.974
2014-01-17 14:05:00,62.506
2014-01-17 14:10:00,61.831
2014-01-17 14:15:00,61.888
2014-01-17 14:20:00,62.504
2014-01-17 14:25:00,63.344
2014-01-17 14:30:00,60.976
2014-01-17 14:35:00,60.302
2014-01-17 14:40:00,62.145
2014-01-17 14:45:00,60.592
2014-01-17 14:50:00,59.351
2014-01-17 14:55:00,60.122
2014-01-17 15:00:00,63.826
2014-01-17 15:05:00,62.243
2014-01-17 15:10:00,61.49
2014-01-17 15:15:00,60.63
2014-01-17 15:20:00,62.975
2014-01-17 15:25:00,61.474
2014-01-17 15:30:00,59.213
2014-01-17 15:35:00,58.608
2014-01-17 15:40:00,60.098
2014-01-17 15:45:00,62.175
2014-01-17 15:50:00,59.445
2014-01-17 15:55:00,59.851
2014-01-17 16:00:00,63.009
2014-01-17 16:05:00,64.365
2014-01-17 16:10:00,59.223
2014-01-17 16:15:00,60.357
2014-01-17 16:20:00,61.399
2014-01-17 16:25:00,61.022
2014-01-17 16:30:00,61.469
2014-01-17 16:35:00,59.217
2014-01-17 16:40:00,61.103
2014-01-17 16:45:00,61.938
2014-01-17 16:50:00,60.3
2014-01-17 16:55:00,62.511
2014-01-17 17:00:00,60.901
2014-01-17 17:05:00,61.283
2014-01-17 17:10:00,64.434
2014-01-17 17:15:00,60.509
2014-01-17 17:20:00,64.581
2014-01-17 17:25:00,60.455
2014-01-17 17:30:00,62.42
2014-01-17 17:35:00,63.049
2014-01-17 17:40:00,64.024
2014-01-17 17:45:00,61.351
2014-01-17 17:50:00,64.224
2014-01-17 17:55:00,64.581
2014-01-17 18:00:00,64.407
2014-01-17 18:05:00,61.273
2014-01-17 18:10:00,64.22
2014-01-17 18:15:00,64.296
2014-01-17 18:20:00,63.327
2014-01-17 18:25:00,66.055
2014-01-17 18:30:00,64.055
2014-01-17 18:35:00,63.601
2014-01-17 18:40:00,64.286
2014-01-17 18:45:00,64.72
2014-01-17 18:50:00,64.934
2014-01-17 18:55:00,65.553
2014-01-17 19:00:00,64.567
2014-01-17 19:05:00,63.12
2014-01-17 19:10:00,66.372
2014-01-17 19:15:00,64.747
2014-01-17 19:20:00,65.275
2014-01-17 19:25:00,65.667
2014-01-17 19:30:00,65.473
2014-01-17 19:35:00,66.463
2014-01-17 19:40:00,66.137
2014-01-17 19:45:00,66.989
2014-01-17 19:50:00,68.238
2014-01-17 19:55:00,67.314
2014-01-17 20:00:00,67.043
2014-01-17 20:05:00,68.003
2014-01-17 20:10:00,66.587
2014-01-17 20:15:00,66.367
2014-01-17 20:20:00,68.244
2014-01-17 20:25:00,67.131
2014-01-17 20:30:00,66.662
2014-01-17 20:35:00,67.163
2014-01-17 20:40:00,68.487
2014-01-17 20:45:00,66.679
2014-01-17 20:50:00,68.985
2014-01-17 20:55:00,66.815
2014-01-17 21:00:00,68.85
2014-01-17 21:05:00,70.142
2014-01-17 21:10:00,69.326
2014-01-17 21:15:00,70.165
2014-01-17 21:20:00,69.508
2014-01-17 21:25:00,71.298
2014-01-17 21:30:00,70.0
2014-01-17 21:35:00,70.566
2014-01-17 21:40:00,69.071
2014-01-17 21:45:00,69.614
2014-01-17 21:50:00,70.178
2014-01-17 21:55:00,69.848
2014-01-17 22:00:00,69.096
2014-01-17 22:05:00,68.911
2014-01-17 22:10:00,73.548
2014-01-17 22:15:00,70.854
2014-01-17 22:20:00,71.316
2014-01-17 22:25:00,72.807
2014-01-17 22:30:00,71.954
2014-01-17 22:35:00,72.91
2014-01-17 22:40:00,71.178
2014-01-17 22:45:00,71.613
2014-01-17 22:50:00,72.114
2014-01-17 22:55:00,72.096
2014-01-17 23:00:00,70.676
2014-01-17 23:05:00,73.872
2014-01-17 23:10:00,72.234
2014-01-17 23:15:00,72.995
2014-01-17 23:20:00,72.253
2014-01-17 23:25:00,73.603
2014-01-17 23:30:00,73.397
2014-01-17 23:35:00,72.804
2014-01-17 23:40:00,75.638
2014-01-17 23:45:00,74.35
2014-01-17 23:50:00,73.306
2014-01-17 23:55:00,73.953
2014-01-18 00:00:00,74.319
2014-01-18 00:05:00,76.006
2014-01-18 00:10:00,76.2
2014-01-18 00:15:00,75.134
2014-01-18 00:20:00,71.952
2014-01-18 00:25:00,73.492
2014-01-18 00:30:00,75.42
2014-01-18 00:35:00,73.238
2014-01-18 00:40:00,75.574
2014-01-18 00:45:00,73.167
2014-01-18 00:50:00,77.116
2014-01-18 00:55:00,75.232
2014-01-18 01:00:00,75.229
2014-01-18 01:05:00,74.036
2014-01-18 01:10:00,74.766
2014-01-18 01:15:00,73.218
2014-01-18 01:20:00,76.027
2014-01-18 01:25:00,75.767
2014-01-18 01:30:00,76.722
2014-01-18 01:35:00,75.834
2014-01-18 01:40:00,77.213
2014-01-18 01:45:00,76.771
2014-01-18 01:50:00,76.736
2014-01-18 01:55:00,76.767
2014-01-18 02:00:00,75.721
2014-01-18 02:05:00,76.324
2014-01-18 02:10:00,76.509
2014-01-18 02:15:00,76.89
2014-01-18 02:20:00,74.431
2014-01-18 02:25:00,78.324
2014-01-18 02:30:00,75.487
2014-01-18 02:35:00,77.404
2014-01-18 02:40:00,76.902
2014-01-18 02:45:00,75.739
2014-01-18 02:50:00,78.265
2014-01-18 02:55:00,77.231
2014-01-18 03:00:00,76.037
2014-01-18 03:05:00,75.003
2014-01-18 03:10:00,77.391
2014-01-18 03:15:00,77.225
2014-01-18 03:20:00,76.454
2014-01-18 03:25:00,77.999
2014-01-18 03:30:00,78.233
2014-01-18 03:35:00,78.161
2014-01-18 03:40:00,76.174
2014-01-18 03:45:00,75.594
2014-01-18 03:50:00,77.061
2014-01-18 03:55:00,76.516
2014-01-18 04:00:00,76.324
2014-01-18 04:05:00,74.692
2014-01-18 04:10:00,76.18
2014-01-18 04:15:00,76.046
2014-01-18 04:20:00,75.945
2014-01-18 04:25:00,75.359
2014-01-18 04:30:00,76.417
2014-01-18 04:35:00,75.018
2014-01-18 04:40:00,75.685
2014-01-18 04:45:00,76.918
2014-01-18 04:50:00,76.358
2014-01-18 04:55:00,76.979
2014-01-18 05:00:00,75.47
2014-01-18 05:05:00,73.554
2014-01-18 05:10:00,77.222
2014-01-18 05:15:00,77.608
2014-01-18 05:20:00,74.118
2014-01-18 05:25:00,75.895
2014-01-18 05:30:00,75.769
2014-01-18 05:35:00,73.572
2014-01-18 05:40:00,74.309
2014-01-18 05:45:00,71.151
2014-01-18 05:50:00,76.188
2014-01-18 05:55:00,74.076
2014-01-18 06:00:00,75.284
2014-01-18 06:05:00,76.429
2014-01-18 06:10:00,75.233
2014-01-18 06:15:00,74.731
2014-01-18 06:20:00,75.252
2014-01-18 06:25:00,73.17
2014-01-18 06:30:00,73.528
2014-01-18 06:35:00,74.096
2014-01-18 06:40:00,74.084
2014-01-18 06:45:00,73.376
2014-01-18 06:50:00,73.114
2014-01-18 06:55:00,75.105
2014-01-18 07:00:00,73.769
2014-01-18 07:05:00,74.19
2014-01-18 07:10:00,73.844
2014-01-18 07:15:00,72.396
2014-01-18 07:20:00,72.296
2014-01-18 07:25:00,72.695
2014-01-18 07:30:00,71.615
2014-01-18 07:35:00,73.991
2014-01-18 07:40:00,70.597
2014-01-18 07:45:00,71.816
2014-01-18 07:50:00,70.668
2014-01-18 07:55:00,69.884
2014-01-18 08:00:00,71.284
2014-01-18 08:05:00,71.864
2014-01-18 08:10:00,71.42
2014-01-18 08:15:00,69.552
2014-01-18 08:20:00,69.268
2014-01-18 08:25:00,70.431
2014-01-18 08:30:00,69.396
2014-01-18 08:35:00,70.858
2014-01-18 08:40:00,70.707
2014-01-18 08:45:00,69.794
2014-01-18 08:50:00,68.982
2014-01-18 08:55:00,65.614
2014-01-18 09:00:00,68.673
2014-01-18 09:05:00,67.966
2014-01-18 09:10:00,68.25
2014-01-18 09:15:00,68.486
2014-01-18 09:20:00,65.962
2014-01-18 09:25:00,67.526
2014-01-18 09:30:00,68.556
2014-01-18 09:35:00,67.691
2014-01-18 09:40:00,67.966
2014-01-18 09:45:00,65.161
2014-01-18 09:50:00,68.2
2014-01-18 09:55:00,67.071
2014-01-18 10:00:00,66.562
2014-01-18 10:05:00,65.356
2014-01-18 10:10:00,64.049
2014-01-18 10:15:00,65.052
2014-01-18 10:20:00,67.187
2014-01-18 10:25:00,67.315
2014-01-18 10:30:00,64.329
2014-01-18 10:35:00,66.795
2014-01-18 10:40:00,66.662
2014-01-18 10:45:00,65.94
2014-01-18 10:50:00,62.709
2014-01-18 10:55:00,63.757
2014-01-18 11:00:00,63.22
2014-01-18 11:05:00,65.553
2014-01-18 11:10:00,65.858
2014-01-18 11:15:00,63.863
2014-01-18 11:20:00,66.203
2014-01-18 11:25:00,63.768
2014-01-18 11:30:00,64.016
2014-01-18 11:35:00,64.207
2014-01-18 11:40:00,63.804
2014-01-18 11:45:00,63.98
2014-01-18 11:50:00,62.892
2014-01-18 11:55:00,62.451
2014-01-18 12:00:00,62.147
2014-01-18 12:05:00,61.858
2014-01-18 12:10:00,63.611
2014-01-18 12:15:00,63.585
2014-01-18 12:20:00,60.015
2014-01-18 12:25:00,61.912
2014-01-18 12:30:00,63.684
2014-01-18 12:35:00,61.685
2014-01-18 12:40:00,62.963
2014-01-18 12:45:00,63.302
2014-01-18 12:50:00,61.375
2014-01-18 12:55:00,59.894
2014-01-18 13:00:00,63.22
2014-01-18 13:05:00,60.829
2014-01-18 13:10:00,59.718
2014-01-18 13:15:00,62.79
2014-01-18 13:20:00,60.494
2014-01-18 13:25:00,60.334
2014-01-18 13:30:00,59.755
2014-01-18 13:35:00,60.491
2014-01-18 13:40:00,61.03
2014-01-18 13:45:00,59.762
2014-01-18 13:50:00,60.862
2014-01-18 13:55:00,59.04
2014-01-18 14:00:00,60.484
2014-01-18 14:05:00,60.598
2014-01-18 14:10:00,61.503
2014-01-18 14:15:00,60.372
2014-01-18 14:20:00,61.44
2014-01-18 14:25:00,59.379
2014-01-18 14:30:00,60.289
2014-01-18 14:35:00,62.513
2014-01-18 14:40:00,58.851
2014-01-18 14:45:00,59.266
2014-01-18 14:50:00,59.812
2014-01-18 14:55:00,59.462
2014-01-18 15:00:00,62.327
2014-01-18 15:05:00,58.983
2014-01-18 15:10:00,60.066
2014-01-18 15:15:00,60.088
2014-01-18 15:20:00,61.453
2014-01-18 15:25:00,59.091
2014-01-18 15:30:00,58.481
2014-01-18 15:35:00,60.726
2014-01-18 15:40:00,59.815
2014-01-18 15:45:00,60.376
2014-01-18 15:50:00,59.277
2014-01-18 15:55:00,59.861
2014-01-18 16:00:00,59.279
2014-01-18 16:05:00,59.343
2014-01-18 16:10:00,60.118
2014-01-18 16:15:00,60.91
2014-01-18 16:20:00,58.971
2014-01-18 16:25:00,61.424
2014-01-18 16:30:00,62.292
2014-01-18 16:35:00,61.859
2014-01-18 16:40:00,59.497
2014-01-18 16:45:00,61.343
2014-01-18 16:50:00,62.866
2014-01-18 16:55:00,61.266
2014-01-18 17:00:00,60.302
2014-01-18 17:05:00,60.202
2014-01-18 17:10:00,60.002
2014-01-18 17:15:00,61.248
2014-01-18 17:20:00,62.677
2014-01-18 17:25:00,61.185
2014-01-18 17:30:00,63.022
2014-01-18 17:35:00,60.92
2014-01-18 17:40:00,61.518
2014-01-18 17:45:00,61.058
2014-01-18 17:50:00,61.318
2014-01-18 17:55:00,64.142
2014-01-18 18:00:00,61.645
2014-01-18 18:05:00,62.315
2014-01-18 18:10:00,62.326
2014-01-18 18:15:00,63.503
2014-01-18 18:20:00,65.173
2014-01-18 18:25:00,63.891
2014-01-18 18:30:00,62.252
2014-01-18 18:35:00,64.548
2014-01-18 18:40:00,63.004
2014-01-18 18:45:00,62.967
2014-01-18 18:50:00,64.899
2014-01-18 18:55:00,63.63
2014-01-18 19:00:00,64.019
2014-01-18 19:05:00,60.744
2014-01-18 19:10:00,65.43
2014-01-18 19:15:00,62.961
2014-01-18 19:20:00,63.47
2014-01-18 19:25:00,63.933
2014-01-18 19:30:00,64.94
2014-01-18 19:35:00,65.177
2014-01-18 19:40:00,65.889
2014-01-18 19:45:00,65.144
2014-01-18 19:50:00,64.796
2014-01-18 19:55:00,65.893
2014-01-18 20:00:00,64.709
2014-01-18 20:05:00,64.761
2014-01-18 20:10:00,65.547
2014-01-18 20:15:00,66.576
2014-01-18 20:20:00,63.49
2014-01-18 20:25:00,66.019
2014-01-18 20:30:00,65.753
2014-01-18 20:35:00,67.876
2014-01-18 20:40:00,65.864
2014-01-18 20:45:00,68.102
2014-01-18 20:50:00,67.254
2014-01-18 20:55:00,66.672
2014-01-18 21:00:00,66.85
2014-01-18 21:05:00,66.918
2014-01-18 21:10:00,68.248
2014-01-18 21:15:00,66.901
2014-01-18 21:20:00,67.167
2014-01-18 21:25:00,68.237
2014-01-18 21:30:00,70.083
2014-01-18 21:35:00,69.114
2014-01-18 21:40:00,68.335
2014-01-18 21:45:00,68.098
2014-01-18 21:50:00,68.911
2014-01-18 21:55:00,69.838
2014-01-18 22:00:00,71.733
2014-01-18 22:05:00,70.136
2014-01-18 22:10:00,69.217
2014-01-18 22:15:00,67.884
2014-01-18 22:20:00,68.282
2014-01-18 22:25:00,72.094
2014-01-18 22:30:00,71.671
2014-01-18 22:35:00,71.709
2014-01-18 22:40:00,70.802
2014-01-18 22:45:00,70.554
2014-01-18 22:50:00,71.296
2014-01-18 22:55:00,71.886
2014-01-18 23:00:00,70.863
2014-01-18 23:05:00,71.019
2014-01-18 23:10:00,72.053
2014-01-18 23:15:00,72.414
2014-01-18 23:20:00,72.922
2014-01-18 23:25:00,73.011
2014-01-18 23:30:00,73.018
2014-01-18 23:35:00,72.04
2014-01-18 23:40:00,74.223
2014-01-18 23:45:00,71.926
2014-01-18 23:50:00,72.328
2014-01-18 23:55:00,73.284
2014-01-19 00:00:00,73.827
2014-01-19 00:05:00,75.067
2014-01-19 00:10:00,74.479
2014-01-19 00:15:00,71.829
2014-01-19 00:20:00,74.486
2014-01-19 00:25:00,72.669
2014-01-19 00:30:00,75.126
2014-01-19 00:35:00,73.045
2014-01-19 00:40:00,75.273
2014-01-19 00:45:00,74.018
2014-01-19 00:50:00,76.917
2014-01-19 00:55:00,72.445
2014-01-19 01:00:00,74.772
2014-01-19 01:05:00,73.708
2014-01-19 01:10:00,74.687
2014-01-19 01:15:00,73.274
2014-01-19 01:20:00,75.029
2014-01-19 01:25:00,75.963
2014-01-19 01:30:00,73.786
2014-01-19 01:35:00,73.948
2014-01-19 01:40:00,76.666
2014-01-19 01:45:00,73.897
2014-01-19 01:50:00,74.357
2014-01-19 01:55:00,74.001
2014-01-19 02:00:00,77.047
2014-01-19 02:05:00,75.909
2014-01-19 02:10:00,76.687
2014-01-19 02:15:00,74.978
2014-01-19 02:20:00,76.282
2014-01-19 02:25:00,75.592
2014-01-19 02:30:00,76.688
2014-01-19 02:35:00,74.788
2014-01-19 02:40:00,75.11
2014-01-19 02:45:00,78.707
2014-01-19 02:50:00,76.379
2014-01-19 02:55:00,76.039
2014-01-19 03:00:00,77.838
2014-01-19 03:05:00,73.935
2014-01-19 03:10:00,76.635
2014-01-19 03:15:00,75.154
2014-01-19 03:20:00,76.708
2014-01-19 03:25:00,74.97
2014-01-19 03:30:00,76.931
2014-01-19 03:35:00,75.545
2014-01-19 03:40:00,73.359
2014-01-19 03:45:00,76.711
2014-01-19 03:50:00,76.398
2014-01-19 03:55:00,76.033
2014-01-19 04:00:00,76.983
2014-01-19 04:05:00,77.18
2014-01-19 04:10:00,75.747
2014-01-19 04:15:00,76.881
2014-01-19 04:20:00,77.733
2014-01-19 04:25:00,74.637
2014-01-19 04:30:00,74.296
2014-01-19 04:35:00,76.376
2014-01-19 04:40:00,73.302
2014-01-19 04:45:00,76.527
2014-01-19 04:50:00,75.177
2014-01-19 04:55:00,75.289
2014-01-19 05:00:00,74.659
2014-01-19 05:05:00,75.557
2014-01-19 05:10:00,74.752
2014-01-19 05:15:00,74.804
2014-01-19 05:20:00,74.483
2014-01-19 05:25:00,77.198
2014-01-19 05:30:00,75.988
2014-01-19 05:35:00,73.604
2014-01-19 05:40:00,74.75
2014-01-19 05:45:00,74.967
2014-01-19 05:50:00,73.496
2014-01-19 05:55:00,74.886
2014-01-19 06:00:00,73.589
2014-01-19 06:05:00,73.36
2014-01-19 06:10:00,75.138
2014-01-19 06:15:00,73.73
2014-01-19 06:20:00,74.07
2014-01-19 06:25:00,75.075
2014-01-19 06:30:00,73.853
2014-01-19 06:35:00,73.794
2014-01-19 06:40:00,70.116
2014-01-19 06:45:00,73.584
2014-01-19 06:50:00,72.48
2014-01-19 06:55:00,69.873
2014-01-19 07:00:00,71.615
2014-01-19 07:05:00,73.015
2014-01-19 07:10:00,71.631
2014-01-19 07:15:00,72.303
2014-01-19 07:20:00,71.131
2014-01-19 07:25:00,71.614
2014-01-19 07:30:00,71.128
2014-01-19 07:35:00,73.185
2014-01-19 07:40:00,72.567
2014-01-19 07:45:00,71.357
2014-01-19 07:50:00,71.486
2014-01-19 07:55:00,68.793
2014-01-19 08:00:00,71.076
2014-01-19 08:05:00,70.322
2014-01-19 08:10:00,69.591
2014-01-19 08:15:00,70.926
2014-01-19 08:20:00,69.565
2014-01-19 08:25:00,72.125
2014-01-19 08:30:00,69.729
2014-01-19 08:35:00,69.577
2014-01-19 08:40:00,67.825
2014-01-19 08:45:00,70.496
2014-01-19 08:50:00,69.099
2014-01-19 08:55:00,69.347
2014-01-19 09:00:00,68.795
2014-01-19 09:05:00,69.063
2014-01-19 09:10:00,68.432
2014-01-19 09:15:00,69.659
2014-01-19 09:20:00,69.64
2014-01-19 09:25:00,68.496
2014-01-19 09:30:00,66.178
2014-01-19 09:35:00,67.194
2014-01-19 09:40:00,68.073
2014-01-19 09:45:00,67.277
2014-01-19 09:50:00,67.359
2014-01-19 09:55:00,66.692
2014-01-19 10:00:00,68.218
2014-01-19 10:05:00,66.346
2014-01-19 10:10:00,65.718
2014-01-19 10:15:00,65.968
2014-01-19 10:20:00,65.859
2014-01-19 10:25:00,63.582
2014-01-19 10:30:00,66.026
2014-01-19 10:35:00,64.809
2014-01-19 10:40:00,64.096
2014-01-19 10:45:00,63.837
2014-01-19 10:50:00,64.543
2014-01-19 10:55:00,61.668
2014-01-19 11:00:00,64.064
2014-01-19 11:05:00,65.442
2014-01-19 11:10:00,63.848
2014-01-19 11:15:00,62.583
2014-01-19 11:20:00,62.765
2014-01-19 11:25:00,63.786
2014-01-19 11:30:00,61.647
2014-01-19 11:35:00,62.293
2014-01-19 11:40:00,63.187
2014-01-19 11:45:00,61.818
2014-01-19 11:50:00,63.067
2014-01-19 11:55:00,63.238
2014-01-19 12:00:00,62.062
2014-01-19 12:05:00,61.773
2014-01-19 12:10:00,61.904
2014-01-19 12:15:00,61.966
2014-01-19 12:20:00,63.895
2014-01-19 12:25:00,61.225
2014-01-19 12:30:00,62.713
2014-01-19 12:35:00,61.261
2014-01-19 12:40:00,62.627
2014-01-19 12:45:00,61.846
2014-01-19 12:50:00,61.88
2014-01-19 12:55:00,60.003
2014-01-19 13:00:00,62.154
2014-01-19 13:05:00,62.833
2014-01-19 13:10:00,63.215
2014-01-19 13:15:00,61.713
2014-01-19 13:20:00,59.195
2014-01-19 13:25:00,60.444
2014-01-19 13:30:00,60.15
2014-01-19 13:35:00,60.905
2014-01-19 13:40:00,61.045
2014-01-19 13:45:00,60.946
2014-01-19 13:50:00,61.976
2014-01-19 13:55:00,59.299
2014-01-19 14:00:00,60.696
2014-01-19 14:05:00,58.109
2014-01-19 14:10:00,61.022
2014-01-19 14:15:00,59.228
2014-01-19 14:20:00,60.683
2014-01-19 14:25:00,63.127
2014-01-19 14:30:00,61.252
2014-01-19 14:35:00,62.465
2014-01-19 14:40:00,58.636
2014-01-19 14:45:00,60.139
2014-01-19 14:50:00,60.613
2014-01-19 14:55:00,59.06
2014-01-19 15:00:00,60.465
2014-01-19 15:05:00,59.471
2014-01-19 15:10:00,59.147
2014-01-19 15:15:00,59.282
2014-01-19 15:20:00,59.553
2014-01-19 15:25:00,58.849
2014-01-19 15:30:00,60.116
2014-01-19 15:35:00,62.452
2014-01-19 15:40:00,59.285
2014-01-19 15:45:00,59.174
2014-01-19 15:50:00,60.455
2014-01-19 15:55:00,61.284
2014-01-19 16:00:00,62.918
2014-01-19 16:05:00,62.297
2014-01-19 16:10:00,63.683
2014-01-19 16:15:00,61.655
2014-01-19 16:20:00,62.055
2014-01-19 16:25:00,60.575
2014-01-19 16:30:00,60.931
2014-01-19 16:35:00,61.011
2014-01-19 16:40:00,62.219
2014-01-19 16:45:00,62.064
2014-01-19 16:50:00,61.114
2014-01-19 16:55:00,61.405
2014-01-19 17:00:00,59.812
2014-01-19 17:05:00,60.457
2014-01-19 17:10:00,60.57
2014-01-19 17:15:00,62.714
2014-01-19 17:20:00,61.887
2014-01-19 17:25:00,62.448
2014-01-19 17:30:00,62.527
2014-01-19 17:35:00,59.695
2014-01-19 17:40:00,61.992
2014-01-19 17:45:00,63.973
2014-01-19 17:50:00,62.521
2014-01-19 17:55:00,61.958
2014-01-19 18:00:00,60.745
2014-01-19 18:05:00,65.275
2014-01-19 18:10:00,63.817
2014-01-19 18:15:00,63.717
2014-01-19 18:20:00,62.3
2014-01-19 18:25:00,62.22
2014-01-19 18:30:00,61.948
2014-01-19 18:35:00,63.015
2014-01-19 18:40:00,62.384
2014-01-19 18:45:00,65.126
2014-01-19 18:50:00,65.676
2014-01-19 18:55:00,64.729
2014-01-19 19:00:00,64.545
2014-01-19 19:05:00,63.766
2014-01-19 19:10:00,64.41
2014-01-19 19:15:00,63.377
2014-01-19 19:20:00,67.314
2014-01-19 19:25:00,65.193
2014-01-19 19:30:00,66.284
2014-01-19 19:35:00,63.031
2014-01-19 19:40:00,66.254
2014-01-19 19:45:00,66.182
2014-01-19 19:50:00,66.704
2014-01-19 19:55:00,65.554
2014-01-19 20:00:00,68.478
2014-01-19 20:05:00,66.422
2014-01-19 20:10:00,66.15
2014-01-19 20:15:00,66.916
2014-01-19 20:20:00,65.762
2014-01-19 20:25:00,66.226
2014-01-19 20:30:00,66.889
2014-01-19 20:35:00,63.7
2014-01-19 20:40:00,67.862
2014-01-19 20:45:00,68.615
2014-01-19 20:50:00,66.909
2014-01-19 20:55:00,68.89
2014-01-19 21:00:00,68.543
2014-01-19 21:05:00,69.421
2014-01-19 21:10:00,67.276
2014-01-19 21:15:00,70.757
2014-01-19 21:20:00,68.314
2014-01-19 21:25:00,69.685
2014-01-19 21:30:00,68.716
2014-01-19 21:35:00,66.801
2014-01-19 21:40:00,68.421
2014-01-19 21:45:00,69.927
2014-01-19 21:50:00,68.693
2014-01-19 21:55:00,69.109
2014-01-19 22:00:00,68.77
2014-01-19 22:05:00,69.081
2014-01-19 22:10:00,68.4
2014-01-19 22:15:00,69.018
2014-01-19 22:20:00,69.755
2014-01-19 22:25:00,71.618
2014-01-19 22:30:00,69.113
2014-01-19 22:35:00,71.302
2014-01-19 22:40:00,73.607
2014-01-19 22:45:00,70.695
2014-01-19 22:50:00,72.121
2014-01-19 22:55:00,72.841
2014-01-19 23:00:00,71.686
2014-01-19 23:05:00,75.862
2014-01-19 23:10:00,71.748
2014-01-19 23:15:00,74.057
2014-01-19 23:20:00,73.197
2014-01-19 23:25:00,73.136
2014-01-19 23:30:00,72.113
2014-01-19 23:35:00,73.825
2014-01-19 23:40:00,71.921
2014-01-19 23:45:00,73.902
2014-01-19 23:50:00,72.872
2014-01-19 23:55:00,75.001
2014-01-20 00:00:00,73.483
2014-01-20 00:05:00,74.294
2014-01-20 00:10:00,74.562
2014-01-20 00:15:00,73.143
2014-01-20 00:20:00,74.07
2014-01-20 00:25:00,74.434
2014-01-20 00:30:00,73.364
2014-01-20 00:35:00,74.491
2014-01-20 00:40:00,75.278
2014-01-20 00:45:00,75.678
2014-01-20 00:50:00,76.24
2014-01-20 00:55:00,75.575
2014-01-20 01:00:00,75.084
2014-01-20 01:05:00,74.393
2014-01-20 01:10:00,77.792
2014-01-20 01:15:00,73.541
2014-01-20 01:20:00,76.526
2014-01-20 01:25:00,76.515
2014-01-20 01:30:00,76.947
2014-01-20 01:35:00,78.683
2014-01-20 01:40:00,76.525
2014-01-20 01:45:00,76.706
2014-01-20 01:50:00,76.723
2014-01-20 01:55:00,77.207
2014-01-20 02:00:00,75.295
2014-01-20 02:05:00,77.86
2014-01-20 02:10:00,75.957
2014-01-20 02:15:00,74.489
2014-01-20 02:20:00,77.78
2014-01-20 02:25:00,76.141
2014-01-20 02:30:00,78.161
2014-01-20 02:35:00,76.953
2014-01-20 02:40:00,77.234
2014-01-20 02:45:00,76.112
2014-01-20 02:50:00,77.714
2014-01-20 02:55:00,77.134
2014-01-20 03:00:00,76.968
2014-01-20 03:05:00,76.781
2014-01-20 03:10:00,76.596
2014-01-20 03:15:00,75.4
2014-01-20 03:20:00,76.405
2014-01-20 03:25:00,79.414
2014-01-20 03:30:00,78.493
2014-01-20 03:35:00,77.361
2014-01-20 03:40:00,75.11
2014-01-20 03:45:00,76.792
2014-01-20 03:50:00,76.69
2014-01-20 03:55:00,76.953
2014-01-20 04:00:00,77.221
2014-01-20 04:05:00,77.754
2014-01-20 04:10:00,76.461
2014-01-20 04:15:00,75.656
2014-01-20 04:20:00,74.432
2014-01-20 04:25:00,75.477
2014-01-20 04:30:00,77.625
2014-01-20 04:35:00,78.805
2014-01-20 04:40:00,76.931
2014-01-20 04:45:00,76.07
2014-01-20 04:50:00,76.466
2014-01-20 04:55:00,73.002
2014-01-20 05:00:00,74.254
2014-01-20 05:05:00,74.282
2014-01-20 05:10:00,74.416
2014-01-20 05:15:00,76.062
2014-01-20 05:20:00,76.403
2014-01-20 05:25:00,72.684
2014-01-20 05:30:00,77.951
2014-01-20 05:35:00,76.703
2014-01-20 05:40:00,76.358
2014-01-20 05:45:00,74.154
2014-01-20 05:50:00,74.176
2014-01-20 05:55:00,75.526
2014-01-20 06:00:00,74.08
2014-01-20 06:05:00,76.327
2014-01-20 06:10:00,75.36
2014-01-20 06:15:00,74.485
2014-01-20 06:20:00,76.193
2014-01-20 06:25:00,74.184
2014-01-20 06:30:00,73.714
2014-01-20 06:35:00,72.661
2014-01-20 06:40:00,72.832
2014-01-20 06:45:00,76.137
2014-01-20 06:50:00,74.173
2014-01-20 06:55:00,72.626
2014-01-20 07:00:00,71.837
2014-01-20 07:05:00,73.706
2014-01-20 07:10:00,72.094
2014-01-20 07:15:00,72.001
2014-01-20 07:20:00,72.798
2014-01-20 07:25:00,72.371
2014-01-20 07:30:00,71.386
2014-01-20 07:35:00,72.71
2014-01-20 07:40:00,71.426
2014-01-20 07:45:00,73.122
2014-01-20 07:50:00,71.838
2014-01-20 07:55:00,71.367
2014-01-20 08:00:00,72.41
2014-01-20 08:05:00,71.874
2014-01-20 08:10:00,71.859
2014-01-20 08:15:00,72.538
2014-01-20 08:20:00,71.737
2014-01-20 08:25:00,71.231
2014-01-20 08:30:00,71.029
2014-01-20 08:35:00,69.829
2014-01-20 08:40:00,70.525
2014-01-20 08:45:00,71.986
2014-01-20 08:50:00,70.892
2014-01-20 08:55:00,69.205
2014-01-20 09:00:00,68.179
2014-01-20 09:05:00,69.219
2014-01-20 09:10:00,68.043
2014-01-20 09:15:00,70.37
2014-01-20 09:20:00,70.165
2014-01-20 09:25:00,70.218
2014-01-20 09:30:00,68.089
2014-01-20 09:35:00,66.05
2014-01-20 09:40:00,66.811
2014-01-20 09:45:00,68.462
2014-01-20 09:50:00,69.27
2014-01-20 09:55:00,68.473
2014-01-20 10:00:00,67.77
2014-01-20 10:05:00,67.617
2014-01-20 10:10:00,67.707
2014-01-20 10:15:00,69.434
2014-01-20 10:20:00,67.428
2014-01-20 10:25:00,66.795
2014-01-20 10:30:00,67.417
2014-01-20 10:35:00,64.729
2014-01-20 10:40:00,66.356
2014-01-20 10:45:00,64.665
2014-01-20 10:50:00,67.151
2014-01-20 10:55:00,65.579
2014-01-20 11:00:00,66.287
2014-01-20 11:05:00,64.109
2014-01-20 11:10:00,68.187
2014-01-20 11:15:00,64.348
2014-01-20 11:20:00,65.614
2014-01-20 11:25:00,66.321
2014-01-20 11:30:00,64.056
2014-01-20 11:35:00,64.659
2014-01-20 11:40:00,64.429
2014-01-20 11:45:00,65.052
2014-01-20 11:50:00,61.386
2014-01-20 11:55:00,62.977
2014-01-20 12:00:00,64.747
2014-01-20 12:05:00,64.601
2014-01-20 12:10:00,63.752
2014-01-20 12:15:00,64.347
2014-01-20 12:20:00,62.975
2014-01-20 12:25:00,61.061
2014-01-20 12:30:00,61.513
2014-01-20 12:35:00,64.835
2014-01-20 12:40:00,62.076
2014-01-20 12:45:00,61.236
2014-01-20 12:50:00,63.946
2014-01-20 12:55:00,61.552
2014-01-20 13:00:00,61.349
2014-01-20 13:05:00,63.011
2014-01-20 13:10:00,61.463
2014-01-20 13:15:00,63.86
2014-01-20 13:20:00,62.426
2014-01-20 13:25:00,62.963
2014-01-20 13:30:00,60.99
2014-01-20 13:35:00,62.445
2014-01-20 13:40:00,63.165
2014-01-20 13:45:00,60.991
2014-01-20 13:50:00,60.35
2014-01-20 13:55:00,60.465
2014-01-20 14:00:00,61.843
2014-01-20 14:05:00,64.775
2014-01-20 14:10:00,59.356
2014-01-20 14:15:00,60.499
2014-01-20 14:20:00,60.645
2014-01-20 14:25:00,58.99
2014-01-20 14:30:00,62.821
2014-01-20 14:35:00,62.039
2014-01-20 14:40:00,60.349
2014-01-20 14:45:00,61.296
2014-01-20 14:50:00,60.09
2014-01-20 14:55:00,59.606
2014-01-20 15:00:00,61.068
2014-01-20 15:05:00,62.588
2014-01-20 15:10:00,61.849
2014-01-20 15:15:00,60.147
2014-01-20 15:20:00,62.49
2014-01-20 15:25:00,61.928
2014-01-20 15:30:00,60.276
2014-01-20 15:35:00,63.601
2014-01-20 15:40:00,59.721
2014-01-20 15:45:00,63.07
2014-01-20 15:50:00,60.846
2014-01-20 15:55:00,61.85
2014-01-20 16:00:00,62.8
2014-01-20 16:05:00,60.703
2014-01-20 16:10:00,61.143
2014-01-20 16:15:00,61.359
2014-01-20 16:20:00,63.611
2014-01-20 16:25:00,62.852
2014-01-20 16:30:00,62.28
2014-01-20 16:35:00,62.893
2014-01-20 16:40:00,61.683
2014-01-20 16:45:00,62.132
2014-01-20 16:50:00,63.818
2014-01-20 16:55:00,65.289
2014-01-20 17:00:00,63.254
2014-01-20 17:05:00,61.447
2014-01-20 17:10:00,63.06
2014-01-20 17:15:00,60.033
2014-01-20 17:20:00,64.158
2014-01-20 17:25:00,63.277
2014-01-20 17:30:00,62.161
2014-01-20 17:35:00,63.768
2014-01-20 17:40:00,61.894
2014-01-20 17:45:00,62.165
2014-01-20 17:50:00,64.214
2014-01-20 17:55:00,65.664
2014-01-20 18:00:00,63.116
2014-01-20 18:05:00,63.212
2014-01-20 18:10:00,63.2
2014-01-20 18:15:00,63.805
2014-01-20 18:20:00,64.021
2014-01-20 18:25:00,65.213
2014-01-20 18:30:00,64.462
2014-01-20 18:35:00,64.136
2014-01-20 18:40:00,63.961
2014-01-20 18:45:00,65.599
2014-01-20 18:50:00,65.673
2014-01-20 18:55:00,66.773
2014-01-20 19:00:00,65.284
2014-01-20 19:05:00,64.826
2014-01-20 19:10:00,67.02
2014-01-20 19:15:00,66.411
2014-01-20 19:20:00,67.745
2014-01-20 19:25:00,67.688
2014-01-20 19:30:00,67.162
2014-01-20 19:35:00,66.726
2014-01-20 19:40:00,66.579
2014-01-20 19:45:00,68.194
2014-01-20 19:50:00,68.449
2014-01-20 19:55:00,67.074
2014-01-20 20:00:00,69.089
2014-01-20 20:05:00,66.92
2014-01-20 20:10:00,66.584
2014-01-20 20:15:00,68.528
2014-01-20 20:20:00,67.578
2014-01-20 20:25:00,68.486
2014-01-20 20:30:00,68.849
2014-01-20 20:35:00,69.5
2014-01-20 20:40:00,68.31
2014-01-20 20:45:00,67.458
2014-01-20 20:50:00,68.7
2014-01-20 20:55:00,72.386
2014-01-20 21:00:00,70.887
2014-01-20 21:05:00,71.282
2014-01-20 21:10:00,68.139
2014-01-20 21:15:00,70.888
2014-01-20 21:20:00,70.199
2014-01-20 21:25:00,70.744
2014-01-20 21:30:00,68.442
2014-01-20 21:35:00,73.643
2014-01-20 21:40:00,69.837
2014-01-20 21:45:00,72.077
2014-01-20 21:50:00,72.12
2014-01-20 21:55:00,72.917
2014-01-20 22:00:00,73.03
2014-01-20 22:05:00,72.042
2014-01-20 22:10:00,70.65
2014-01-20 22:15:00,73.428
2014-01-20 22:20:00,73.557
2014-01-20 22:25:00,72.404
2014-01-20 22:30:00,73.157
2014-01-20 22:35:00,73.108
2014-01-20 22:40:00,71.919
2014-01-20 22:45:00,72.581
2014-01-20 22:50:00,73.844
2014-01-20 22:55:00,75.32
2014-01-20 23:00:00,73.015
2014-01-20 23:05:00,75.246
2014-01-20 23:10:00,73.104
2014-01-20 23:15:00,76.158
2014-01-20 23:20:00,73.915
2014-01-20 23:25:00,75.174
2014-01-20 23:30:00,74.577
2014-01-20 23:35:00,73.965
2014-01-20 23:40:00,76.132
2014-01-20 23:45:00,74.764
2014-01-20 23:50:00,74.468
2014-01-20 23:55:00,77.358
2014-01-21 00:00:00,75.367
2014-01-21 00:05:00,74.965
2014-01-21 00:10:00,76.63
2014-01-21 00:15:00,74.332
2014-01-21 00:20:00,77.302
2014-01-21 00:25:00,77.279
2014-01-21 00:30:00,77.129
2014-01-21 00:35:00,76.691
2014-01-21 00:40:00,75.727
2014-01-21 00:45:00,77.236
2014-01-21 00:50:00,78.309
2014-01-21 00:55:00,77.119
2014-01-21 01:00:00,74.961
2014-01-21 01:05:00,80.485
2014-01-21 01:10:00,78.674
2014-01-21 01:15:00,77.482
2014-01-21 01:20:00,79.055
2014-01-21 01:25:00,78.603
2014-01-21 01:30:00,76.762
2014-01-21 01:35:00,77.728
2014-01-21 01:40:00,76.474
2014-01-21 01:45:00,77.226
2014-01-21 01:50:00,77.173
2014-01-21 01:55:00,79.137
2014-01-21 02:00:00,78.272
2014-01-21 02:05:00,79.114
2014-01-21 02:10:00,78.072
2014-01-21 02:15:00,80.888
2014-01-21 02:20:00,77.932
2014-01-21 02:25:00,77.455
2014-01-21 02:30:00,77.236
2014-01-21 02:35:00,79.932
2014-01-21 02:40:00,75.605
2014-01-21 02:45:00,78.668
2014-01-21 02:50:00,77.981
2014-01-21 02:55:00,79.28
2014-01-21 03:00:00,77.065
2014-01-21 03:05:00,77.872
2014-01-21 03:10:00,78.212
2014-01-21 03:15:00,79.367
2014-01-21 03:20:00,79.505
2014-01-21 03:25:00,80.38
2014-01-21 03:30:00,78.399
2014-01-21 03:35:00,77.532
2014-01-21 03:40:00,79.843
2014-01-21 03:45:00,80.645
2014-01-21 03:50:00,78.856
2014-01-21 03:55:00,77.947
2014-01-21 04:00:00,79.293
2014-01-21 04:05:00,78.754
2014-01-21 04:10:00,77.383
2014-01-21 04:15:00,78.499
2014-01-21 04:20:00,77.891
2014-01-21 04:25:00,77.199
2014-01-21 04:30:00,81.054
2014-01-21 04:35:00,78.664
2014-01-21 04:40:00,78.707
2014-01-21 04:45:00,77.442
2014-01-21 04:50:00,78.357
2014-01-21 04:55:00,77.154
2014-01-21 05:00:00,78.791
2014-01-21 05:05:00,78.992
2014-01-21 05:10:00,78.263
2014-01-21 05:15:00,78.436
2014-01-21 05:20:00,77.903
2014-01-21 05:25:00,77.269
2014-01-21 05:30:00,77.504
2014-01-21 05:35:00,78.229
2014-01-21 05:40:00,76.945
2014-01-21 05:45:00,76.396
2014-01-21 05:50:00,74.518
2014-01-21 05:55:00,78.247
2014-01-21 06:00:00,75.976
2014-01-21 06:05:00,77.225
2014-01-21 06:10:00,75.519
2014-01-21 06:15:00,77.094
2014-01-21 06:20:00,76.728
2014-01-21 06:25:00,74.814
2014-01-21 06:30:00,78.126
2014-01-21 06:35:00,76.167
2014-01-21 06:40:00,76.453
2014-01-21 06:45:00,75.837
2014-01-21 06:50:00,74.604
2014-01-21 06:55:00,74.914
2014-01-21 07:00:00,77.429
2014-01-21 07:05:00,73.593
2014-01-21 07:10:00,74.41
2014-01-21 07:15:00,76.12
2014-01-21 07:20:00,72.889
2014-01-21 07:25:00,72.935
2014-01-21 07:30:00,73.81
2014-01-21 07:35:00,73.767
2014-01-21 07:40:00,73.043
2014-01-21 07:45:00,72.872
2014-01-21 07:50:00,73.345
2014-01-21 07:55:00,75.1
2014-01-21 08:00:00,72.129
2014-01-21 08:05:00,75.796
2014-01-21 08:10:00,73.714
2014-01-21 08:15:00,71.329
2014-01-21 08:20:00,73.552
2014-01-21 08:25:00,72.496
2014-01-21 08:30:00,72.767
2014-01-21 08:35:00,74.87
2014-01-21 08:40:00,73.271
2014-01-21 08:45:00,71.393
2014-01-21 08:50:00,71.41
2014-01-21 08:55:00,70.206
2014-01-21 09:00:00,71.569
2014-01-21 09:05:00,70.241
2014-01-21 09:10:00,72.185
2014-01-21 09:15:00,70.724
2014-01-21 09:20:00,72.297
2014-01-21 09:25:00,68.552
2014-01-21 09:30:00,69.561
2014-01-21 09:35:00,70.827
2014-01-21 09:40:00,70.384
2014-01-21 09:45:00,68.93
2014-01-21 09:50:00,68.439
2014-01-21 09:55:00,70.657
2014-01-21 10:00:00,68.098
2014-01-21 10:05:00,70.03
2014-01-21 10:10:00,69.117
2014-01-21 10:15:00,68.674
2014-01-21 10:20:00,67.995
2014-01-21 10:25:00,70.85
2014-01-21 10:30:00,67.744
2014-01-21 10:35:00,64.599
2014-01-21 10:40:00,67.842
2014-01-21 10:45:00,69.365
2014-01-21 10:50:00,67.799
2014-01-21 10:55:00,67.286
2014-01-21 11:00:00,69.558
2014-01-21 11:05:00,67.422
2014-01-21 11:10:00,66.384
2014-01-21 11:15:00,66.599
2014-01-21 11:20:00,66.732
2014-01-21 11:25:00,67.144
2014-01-21 11:30:00,68.298
2014-01-21 11:35:00,66.953
2014-01-21 11:40:00,67.671
2014-01-21 11:45:00,65.48
2014-01-21 11:50:00,67.044
2014-01-21 11:55:00,63.68
2014-01-21 12:00:00,64.349
2014-01-21 12:05:00,65.436
2014-01-21 12:10:00,66.41
2014-01-21 12:15:00,65.79
2014-01-21 12:20:00,64.804
2014-01-21 12:25:00,63.655
2014-01-21 12:30:00,65.899
2014-01-21 12:35:00,61.645
2014-01-21 12:40:00,64.9
2014-01-21 12:45:00,64.101
2014-01-21 12:50:00,65.086
2014-01-21 12:55:00,64.541
2014-01-21 13:00:00,65.088
2014-01-21 13:05:00,65.058
2014-01-21 13:10:00,65.855
2014-01-21 13:15:00,65.503
2014-01-21 13:20:00,65.343
2014-01-21 13:25:00,64.272
2014-01-21 13:30:00,64.221
2014-01-21 13:35:00,65.88
2014-01-21 13:40:00,63.807
2014-01-21 13:45:00,63.552
2014-01-21 13:50:00,61.897
2014-01-21 13:55:00,64.215
2014-01-21 14:00:00,64.221
2014-01-21 14:05:00,65.066
2014-01-21 14:10:00,63.106
2014-01-21 14:15:00,62.357
2014-01-21 14:20:00,61.866
2014-01-21 14:25:00,63.483
2014-01-21 14:30:00,63.181
2014-01-21 14:35:00,63.968
2014-01-21 14:40:00,63.814
2014-01-21 14:45:00,64.473
2014-01-21 14:50:00,64.788
2014-01-21 14:55:00,63.794
2014-01-21 15:00:00,60.891
2014-01-21 15:05:00,62.683
2014-01-21 15:10:00,64.344
2014-01-21 15:15:00,62.271
2014-01-21 15:20:00,61.727
2014-01-21 15:25:00,62.51
2014-01-21 15:30:00,63.559
2014-01-21 15:35:00,62.757
2014-01-21 15:40:00,62.706
2014-01-21 15:45:00,61.881
2014-01-21 15:50:00,65.306
2014-01-21 15:55:00,64.518
2014-01-21 16:00:00,62.068
2014-01-21 16:05:00,60.562
2014-01-21 16:10:00,63.715
2014-01-21 16:15:00,62.732
2014-01-21 16:20:00,63.979
2014-01-21 16:25:00,63.04
2014-01-21 16:30:00,64.03
2014-01-21 16:35:00,64.251
2014-01-21 16:40:00,61.643
2014-01-21 16:45:00,63.926
2014-01-21 16:50:00,62.552
2014-01-21 16:55:00,64.258
2014-01-21 17:00:00,64.728
2014-01-21 17:05:00,64.028
2014-01-21 17:10:00,65.295
2014-01-21 17:15:00,65.341
2014-01-21 17:20:00,66.368
2014-01-21 17:25:00,62.616
2014-01-21 17:30:00,65.063
2014-01-21 17:35:00,66.037
2014-01-21 17:40:00,65.458
2014-01-21 17:45:00,64.76
2014-01-21 17:50:00,65.961
2014-01-21 17:55:00,65.995
2014-01-21 18:00:00,67.67
2014-01-21 18:05:00,67.153
2014-01-21 18:10:00,63.018
2014-01-21 18:15:00,65.588
2014-01-21 18:20:00,67.249
2014-01-21 18:25:00,65.424
2014-01-21 18:30:00,66.396
2014-01-21 18:35:00,66.624
2014-01-21 18:40:00,64.734
2014-01-21 18:45:00,63.935
2014-01-21 18:50:00,69.05
2014-01-21 18:55:00,65.231
2014-01-21 19:00:00,66.459
2014-01-21 19:05:00,67.741
2014-01-21 19:10:00,68.059
2014-01-21 19:15:00,66.833
2014-01-21 19:20:00,68.29
2014-01-21 19:25:00,69.723
2014-01-21 19:30:00,69.33
2014-01-21 19:35:00,67.073
2014-01-21 19:40:00,68.158
2014-01-21 19:45:00,68.074
2014-01-21 19:50:00,68.842
2014-01-21 19:55:00,69.314
2014-01-21 20:00:00,68.78
2014-01-21 20:05:00,69.838
2014-01-21 20:10:00,68.73
2014-01-21 20:15:00,69.554
2014-01-21 20:20:00,72.635
2014-01-21 20:25:00,71.938
2014-01-21 20:30:00,68.98
2014-01-21 20:35:00,67.708
2014-01-21 20:40:00,69.09
2014-01-21 20:45:00,71.983
2014-01-21 20:50:00,69.878
2014-01-21 20:55:00,70.948
2014-01-21 21:00:00,71.015
2014-01-21 21:05:00,72.24
2014-01-21 21:10:00,71.111
2014-01-21 21:15:00,70.999
2014-01-21 21:20:00,70.326
2014-01-21 21:25:00,71.861
2014-01-21 21:30:00,72.072
2014-01-21 21:35:00,72.476
2014-01-21 21:40:00,72.993
2014-01-21 21:45:00,71.924
2014-01-21 21:50:00,74.721
2014-01-21 21:55:00,72.968
2014-01-21 22:00:00,75.327
2014-01-21 22:05:00,71.886
2014-01-21 22:10:00,72.636
2014-01-21 22:15:00,72.206
2014-01-21 22:20:00,71.178
2014-01-21 22:25:00,72.988
2014-01-21 22:30:00,73.743
2014-01-21 22:35:00,73.136
2014-01-21 22:40:00,75.678
2014-01-21 22:45:00,75.513
2014-01-21 22:50:00,74.18
2014-01-21 22:55:00,75.726
2014-01-21 23:00:00,74.302
2014-01-21 23:05:00,75.422
2014-01-21 23:10:00,74.019
2014-01-21 23:15:00,74.38
2014-01-21 23:20:00,75.861
2014-01-21 23:25:00,74.261
2014-01-21 23:30:00,75.406
2014-01-21 23:35:00,78.29
2014-01-21 23:40:00,77.942
2014-01-21 23:45:00,76.826
2014-01-21 23:50:00,79.076
2014-01-21 23:55:00,77.168
2014-01-22 00:00:00,78.146
2014-01-22 00:05:00,77.557
2014-01-22 00:10:00,77.21
2014-01-22 00:15:00,75.973
2014-01-22 00:20:00,74.503
2014-01-22 00:25:00,76.994
2014-01-22 00:30:00,77.952
2014-01-22 00:35:00,77.772
2014-01-22 00:40:00,77.109
2014-01-22 00:45:00,78.818
2014-01-22 00:50:00,78.696
2014-01-22 00:55:00,79.345
2014-01-22 01:00:00,77.769
2014-01-22 01:05:00,80.193
2014-01-22 01:10:00,78.474
2014-01-22 01:15:00,80.613
2014-01-22 01:20:00,77.129
2014-01-22 01:25:00,81.1
2014-01-22 01:30:00,80.424
2014-01-22 01:35:00,78.589
2014-01-22 01:40:00,78.726
2014-01-22 01:45:00,79.138
2014-01-22 01:50:00,80.83
2014-01-22 01:55:00,79.21
2014-01-22 02:00:00,76.503
2014-01-22 02:05:00,79.467
2014-01-22 02:10:00,80.808
2014-01-22 02:15:00,79.373
2014-01-22 02:20:00,80.257
2014-01-22 02:25:00,79.674
2014-01-22 02:30:00,77.687
2014-01-22 02:35:00,80.903
2014-01-22 02:40:00,79.067
2014-01-22 02:45:00,81.853
2014-01-22 02:50:00,79.637
2014-01-22 02:55:00,80.18
2014-01-22 03:00:00,79.419
2014-01-22 03:05:00,78.923
2014-01-22 03:10:00,79.777
2014-01-22 03:15:00,79.787
2014-01-22 03:20:00,79.795
2014-01-22 03:25:00,78.873
2014-01-22 03:30:00,77.147
2014-01-22 03:35:00,79.814
2014-01-22 03:40:00,78.238
2014-01-22 03:45:00,80.758
2014-01-22 03:50:00,81.416
2014-01-22 03:55:00,81.253
2014-01-22 04:00:00,79.483
2014-01-22 04:05:00,79.249
2014-01-22 04:10:00,78.92
2014-01-22 04:15:00,79.945
2014-01-22 04:20:00,78.728
2014-01-22 04:25:00,80.192
2014-01-22 04:30:00,79.627
2014-01-22 04:35:00,79.732
2014-01-22 04:40:00,78.597
2014-01-22 04:45:00,79.12
2014-01-22 04:50:00,79.582
2014-01-22 04:55:00,77.52
2014-01-22 05:00:00,79.55
2014-01-22 05:05:00,80.846
2014-01-22 05:10:00,79.253
2014-01-22 05:15:00,78.604
2014-01-22 05:20:00,77.572
2014-01-22 05:25:00,78.697
2014-01-22 05:30:00,76.491
2014-01-22 05:35:00,79.072
2014-01-22 05:40:00,77.225
2014-01-22 05:45:00,77.358
2014-01-22 05:50:00,76.014
2014-01-22 05:55:00,78.64
2014-01-22 06:00:00,78.88
2014-01-22 06:05:00,77.934
2014-01-22 06:10:00,77.947
2014-01-22 06:15:00,78.592
2014-01-22 06:20:00,79.48
2014-01-22 06:25:00,76.853
2014-01-22 06:30:00,77.411
2014-01-22 06:35:00,77.295
2014-01-22 06:40:00,77.296
2014-01-22 06:45:00,75.667
2014-01-22 06:50:00,77.284
2014-01-22 06:55:00,76.267
2014-01-22 07:00:00,75.662
2014-01-22 07:05:00,75.777
2014-01-22 07:10:00,74.211
2014-01-22 07:15:00,77.011
2014-01-22 07:20:00,74.776
2014-01-22 07:25:00,76.914
2014-01-22 07:30:00,74.518
2014-01-22 07:35:00,76.847
2014-01-22 07:40:00,74.764
2014-01-22 07:45:00,74.348
2014-01-22 07:50:00,75.978
2014-01-22 07:55:00,75.427
2014-01-22 08:00:00,73.08
2014-01-22 08:05:00,73.888
2014-01-22 08:10:00,73.461
2014-01-22 08:15:00,73.302
2014-01-22 08:20:00,74.067
2014-01-22 08:25:00,74.341
2014-01-22 08:30:00,72.383
2014-01-22 08:35:00,72.67
2014-01-22 08:40:00,74.657
2014-01-22 08:45:00,74.906
2014-01-22 08:50:00,71.853
2014-01-22 08:55:00,73.048
2014-01-22 09:00:00,71.788
2014-01-22 09:05:00,71.713
2014-01-22 09:10:00,74.104
2014-01-22 09:15:00,71.438
2014-01-22 09:20:00,71.892
2014-01-22 09:25:00,69.736
2014-01-22 09:30:00,70.382
2014-01-22 09:35:00,71.537
2014-01-22 09:40:00,71.371
2014-01-22 09:45:00,70.793
2014-01-22 09:50:00,69.265
2014-01-22 09:55:00,71.53
2014-01-22 10:00:00,69.199
2014-01-22 10:05:00,68.861
2014-01-22 10:10:00,71.131
2014-01-22 10:15:00,69.378
2014-01-22 10:20:00,67.578
2014-01-22 10:25:00,70.276
2014-01-22 10:30:00,69.643
2014-01-22 10:35:00,70.761
2014-01-22 10:40:00,67.559
2014-01-22 10:45:00,68.933
2014-01-22 10:50:00,69.137
2014-01-22 10:55:00,69.539
2014-01-22 11:00:00,67.268
2014-01-22 11:05:00,69.616
2014-01-22 11:10:00,68.8
2014-01-22 11:15:00,69.245
2014-01-22 11:20:00,68.562
2014-01-22 11:25:00,68.458
2014-01-22 11:30:00,68.053
2014-01-22 11:35:00,65.246
2014-01-22 11:40:00,66.57
2014-01-22 11:45:00,68.453
2014-01-22 11:50:00,67.357
2014-01-22 11:55:00,67.188
2014-01-22 12:00:00,66.15
2014-01-22 12:05:00,67.044
2014-01-22 12:10:00,64.654
2014-01-22 12:15:00,66.905
2014-01-22 12:20:00,66.571
2014-01-22 12:25:00,64.915
2014-01-22 12:30:00,66.42
2014-01-22 12:35:00,65.535
2014-01-22 12:40:00,65.386
2014-01-22 12:45:00,65.729
2014-01-22 12:50:00,64.209
2014-01-22 12:55:00,63.864
2014-01-22 13:00:00,61.919
2014-01-22 13:05:00,65.083
2014-01-22 13:10:00,65.42
2014-01-22 13:15:00,65.348
2014-01-22 13:20:00,65.001
2014-01-22 13:25:00,64.764
2014-01-22 13:30:00,64.592
2014-01-22 13:35:00,64.855
2014-01-22 13:40:00,64.397
2014-01-22 13:45:00,63.717
2014-01-22 13:50:00,66.355
2014-01-22 13:55:00,65.048
2014-01-22 14:00:00,62.934
2014-01-22 14:05:00,65.046
2014-01-22 14:10:00,64.705
2014-01-22 14:15:00,64.793
2014-01-22 14:20:00,64.07
2014-01-22 14:25:00,64.502
2014-01-22 14:30:00,62.693
2014-01-22 14:35:00,62.66
2014-01-22 14:40:00,65.618
2014-01-22 14:45:00,64.052
2014-01-22 14:50:00,62.412
2014-01-22 14:55:00,63.342
2014-01-22 15:00:00,60.501
2014-01-22 15:05:00,63.318
2014-01-22 15:10:00,65.656
2014-01-22 15:15:00,64.394
2014-01-22 15:20:00,62.636
2014-01-22 15:25:00,63.76
2014-01-22 15:30:00,64.983
2014-01-22 15:35:00,64.844
2014-01-22 15:40:00,65.317
2014-01-22 15:45:00,65.134
2014-01-22 15:50:00,65.521
2014-01-22 15:55:00,63.165
2014-01-22 16:00:00,63.907
2014-01-22 16:05:00,62.157
2014-01-22 16:10:00,63.943
2014-01-22 16:15:00,65.58
2014-01-22 16:20:00,66.133
2014-01-22 16:25:00,63.963
2014-01-22 16:30:00,66.046
2014-01-22 16:35:00,65.611
2014-01-22 16:40:00,64.85
2014-01-22 16:45:00,65.846
2014-01-22 16:50:00,64.996
2014-01-22 16:55:00,66.346
2014-01-22 17:00:00,65.087
2014-01-22 17:05:00,65.833
2014-01-22 17:10:00,64.997
2014-01-22 17:15:00,65.097
2014-01-22 17:20:00,66.259
2014-01-22 17:25:00,64.628
2014-01-22 17:30:00,66.295
2014-01-22 17:35:00,63.972
2014-01-22 17:40:00,65.393
2014-01-22 17:45:00,64.366
2014-01-22 17:50:00,66.618
2014-01-22 17:55:00,65.922
2014-01-22 18:00:00,66.654
2014-01-22 18:05:00,65.986
2014-01-22 18:10:00,67.066
2014-01-22 18:15:00,65.562
2014-01-22 18:20:00,68.045
2014-01-22 18:25:00,65.095
2014-01-22 18:30:00,68.37
2014-01-22 18:35:00,67.097
2014-01-22 18:40:00,65.84
2014-01-22 18:45:00,68.947
2014-01-22 18:50:00,67.746
2014-01-22 18:55:00,67.113
2014-01-22 19:00:00,67.256
2014-01-22 19:05:00,68.003
2014-01-22 19:10:00,69.019
2014-01-22 19:15:00,68.926
2014-01-22 19:20:00,66.923
2014-01-22 19:25:00,66.727
2014-01-22 19:30:00,67.011
2014-01-22 19:35:00,70.263
2014-01-22 19:40:00,68.93
2014-01-22 19:45:00,67.052
2014-01-22 19:50:00,66.93
2014-01-22 19:55:00,69.916
2014-01-22 20:00:00,69.047
2014-01-22 20:05:00,70.432
2014-01-22 20:10:00,70.101
2014-01-22 20:15:00,70.481
2014-01-22 20:20:00,70.241
2014-01-22 20:25:00,68.461
2014-01-22 20:30:00,71.834
2014-01-22 20:35:00,71.657
2014-01-22 20:40:00,71.818
2014-01-22 20:45:00,70.796
2014-01-22 20:50:00,71.064
2014-01-22 20:55:00,70.604
2014-01-22 21:00:00,70.772
2014-01-22 21:05:00,72.071
2014-01-22 21:10:00,71.19
2014-01-22 21:15:00,73.286
2014-01-22 21:20:00,71.674
2014-01-22 21:25:00,73.607
2014-01-22 21:30:00,71.861
2014-01-22 21:35:00,71.172
2014-01-22 21:40:00,74.227
2014-01-22 21:45:00,72.555
2014-01-22 21:50:00,73.079
2014-01-22 21:55:00,73.25
2014-01-22 22:00:00,74.189
2014-01-22 22:05:00,75.365
2014-01-22 22:10:00,74.577
2014-01-22 22:15:00,73.267
2014-01-22 22:20:00,73.486
2014-01-22 22:25:00,75.079
2014-01-22 22:30:00,75.871
2014-01-22 22:35:00,73.72
2014-01-22 22:40:00,73.123
2014-01-22 22:45:00,74.394
2014-01-22 22:50:00,75.529
2014-01-22 22:55:00,75.357
2014-01-22 23:00:00,76.706
2014-01-22 23:05:00,75.372
2014-01-22 23:10:00,74.635
2014-01-22 23:15:00,75.683
2014-01-22 23:20:00,74.606
2014-01-22 23:25:00,76.438
2014-01-22 23:30:00,77.357
2014-01-22 23:35:00,76.58
2014-01-22 23:40:00,76.143
2014-01-22 23:45:00,78.331
2014-01-22 23:50:00,75.313
2014-01-22 23:55:00,76.157
2014-01-23 00:00:00,80.459
2014-01-23 00:05:00,76.432
2014-01-23 00:10:00,78.138
2014-01-23 00:15:00,77.548
2014-01-23 00:20:00,75.644
2014-01-23 00:25:00,78.017
2014-01-23 00:30:00,77.633
2014-01-23 00:35:00,77.297
2014-01-23 00:40:00,78.611
2014-01-23 00:45:00,77.73
2014-01-23 00:50:00,77.348
2014-01-23 00:55:00,78.016
2014-01-23 01:00:00,77.606
2014-01-23 01:05:00,81.169
2014-01-23 01:10:00,78.034
2014-01-23 01:15:00,79.289
2014-01-23 01:20:00,78.947
2014-01-23 01:25:00,78.068
2014-01-23 01:30:00,79.891
2014-01-23 01:35:00,78.918
2014-01-23 01:40:00,80.15
2014-01-23 01:45:00,77.28
2014-01-23 01:50:00,78.292
2014-01-23 01:55:00,76.678
2014-01-23 02:00:00,79.328
2014-01-23 02:05:00,79.736
2014-01-23 02:10:00,77.591
2014-01-23 02:15:00,78.525
2014-01-23 02:20:00,80.727
2014-01-23 02:25:00,78.886
2014-01-23 02:30:00,79.667
2014-01-23 02:35:00,80.772
2014-01-23 02:40:00,79.608
2014-01-23 02:45:00,81.073
2014-01-23 02:50:00,79.537
2014-01-23 02:55:00,79.992
2014-01-23 03:00:00,79.42
2014-01-23 03:05:00,79.674
2014-01-23 03:10:00,79.495
2014-01-23 03:15:00,79.642
2014-01-23 03:20:00,79.416
2014-01-23 03:25:00,80.323
2014-01-23 03:30:00,79.069
2014-01-23 03:35:00,80.472
2014-01-23 03:40:00,79.329
2014-01-23 03:45:00,79.823
2014-01-23 03:50:00,78.571
2014-01-23 03:55:00,80.097
2014-01-23 04:00:00,78.807
2014-01-23 04:05:00,78.835
2014-01-23 04:10:00,81.272
2014-01-23 04:15:00,78.825
2014-01-23 04:20:00,79.968
2014-01-23 04:25:00,79.743
2014-01-23 04:30:00,79.767
2014-01-23 04:35:00,80.62
2014-01-23 04:40:00,80.119
2014-01-23 04:45:00,77.249
2014-01-23 04:50:00,78.755
2014-01-23 04:55:00,79.345
2014-01-23 05:00:00,77.453
2014-01-23 05:05:00,78.208
2014-01-23 05:10:00,78.254
2014-01-23 05:15:00,77.249
2014-01-23 05:20:00,77.631
2014-01-23 05:25:00,78.742
2014-01-23 05:30:00,79.169
2014-01-23 05:35:00,77.396
2014-01-23 05:40:00,78.764
2014-01-23 05:45:00,78.437
2014-01-23 05:50:00,80.403
2014-01-23 05:55:00,79.012
2014-01-23 06:00:00,76.197
2014-01-23 06:05:00,80.182
2014-01-23 06:10:00,76.746
2014-01-23 06:15:00,76.265
2014-01-23 06:20:00,76.302
2014-01-23 06:25:00,77.148
2014-01-23 06:30:00,75.891
2014-01-23 06:35:00,75.797
2014-01-23 06:40:00,77.54
2014-01-23 06:45:00,75.316
2014-01-23 06:50:00,76.395
2014-01-23 06:55:00,73.987
2014-01-23 07:00:00,75.33
2014-01-23 07:05:00,76.095
2014-01-23 07:10:00,75.696
2014-01-23 07:15:00,76.538
2014-01-23 07:20:00,77.537
2014-01-23 07:25:00,75.633
2014-01-23 07:30:00,75.175
2014-01-23 07:35:00,76.652
2014-01-23 07:40:00,76.152
2014-01-23 07:45:00,75.171
2014-01-23 07:50:00,74.933
2014-01-23 07:55:00,72.126
2014-01-23 08:00:00,72.628
2014-01-23 08:05:00,74.063
2014-01-23 08:10:00,75.019
2014-01-23 08:15:00,71.839
2014-01-23 08:20:00,73.831
2014-01-23 08:25:00,73.248
2014-01-23 08:30:00,74.135
2014-01-23 08:35:00,73.584
2014-01-23 08:40:00,72.728
2014-01-23 08:45:00,72.435
2014-01-23 08:50:00,71.226
2014-01-23 08:55:00,73.948
2014-01-23 09:00:00,72.131
2014-01-23 09:05:00,72.18
2014-01-23 09:10:00,72.862
2014-01-23 09:15:00,71.732
2014-01-23 09:20:00,70.764
2014-01-23 09:25:00,72.175
2014-01-23 09:30:00,71.398
2014-01-23 09:35:00,71.406
2014-01-23 09:40:00,70.938
2014-01-23 09:45:00,68.46
2014-01-23 09:50:00,69.984
2014-01-23 09:55:00,69.8
2014-01-23 10:00:00,71.421
2014-01-23 10:05:00,69.975
2014-01-23 10:10:00,70.812
2014-01-23 10:15:00,67.179
2014-01-23 10:20:00,69.598
2014-01-23 10:25:00,67.376
2014-01-23 10:30:00,67.888
2014-01-23 10:35:00,68.151
2014-01-23 10:40:00,69.0
2014-01-23 10:45:00,67.946
2014-01-23 10:50:00,65.446
2014-01-23 10:55:00,66.985
2014-01-23 11:00:00,67.056
2014-01-23 11:05:00,68.958
2014-01-23 11:10:00,68.208
2014-01-23 11:15:00,66.829
2014-01-23 11:20:00,68.386
2014-01-23 11:25:00,69.499
2014-01-23 11:30:00,68.54
2014-01-23 11:35:00,66.064
2014-01-23 11:40:00,64.484
2014-01-23 11:45:00,66.174
2014-01-23 11:50:00,67.827
2014-01-23 11:55:00,64.628
2014-01-23 12:00:00,67.248
2014-01-23 12:05:00,66.83
2014-01-23 12:10:00,64.401
2014-01-23 12:15:00,65.948
2014-01-23 12:20:00,64.559
2014-01-23 12:25:00,64.305
2014-01-23 12:30:00,65.444
2014-01-23 12:35:00,63.318
2014-01-23 12:40:00,65.991
2014-01-23 12:45:00,66.809
2014-01-23 12:50:00,65.462
2014-01-23 12:55:00,65.294
2014-01-23 13:00:00,65.143
2014-01-23 13:05:00,64.666
2014-01-23 13:10:00,64.301
2014-01-23 13:15:00,65.19
2014-01-23 13:20:00,64.548
2014-01-23 13:25:00,65.707
2014-01-23 13:30:00,64.083
2014-01-23 13:35:00,64.438
2014-01-23 13:40:00,65.158
2014-01-23 13:45:00,64.328
2014-01-23 13:50:00,63.529
2014-01-23 13:55:00,64.001
2014-01-23 14:00:00,63.539
2014-01-23 14:05:00,64.435
2014-01-23 14:10:00,64.719
2014-01-23 14:15:00,62.728
2014-01-23 14:20:00,65.323
2014-01-23 14:25:00,64.088
2014-01-23 14:30:00,63.882
2014-01-23 14:35:00,63.909
2014-01-23 14:40:00,65.886
2014-01-23 14:45:00,61.979
2014-01-23 14:50:00,65.061
2014-01-23 14:55:00,62.534
2014-01-23 15:00:00,63.235
2014-01-23 15:05:00,62.02
2014-01-23 15:10:00,62.649
2014-01-23 15:15:00,63.972
2014-01-23 15:20:00,62.212
2014-01-23 15:25:00,60.846
2014-01-23 15:30:00,62.276
2014-01-23 15:35:00,60.761
2014-01-23 15:40:00,60.891
2014-01-23 15:45:00,63.772
2014-01-23 15:50:00,62.439
2014-01-23 15:55:00,63.909
2014-01-23 16:00:00,63.22
2014-01-23 16:05:00,62.879
2014-01-23 16:10:00,64.861
2014-01-23 16:15:00,64.407
2014-01-23 16:20:00,60.151
2014-01-23 16:25:00,63.755
2014-01-23 16:30:00,62.518
2014-01-23 16:35:00,63.839
2014-01-23 16:40:00,66.091
2014-01-23 16:45:00,65.439
2014-01-23 16:50:00,62.808
2014-01-23 16:55:00,62.689
2014-01-23 17:00:00,63.748
2014-01-23 17:05:00,64.45
2014-01-23 17:10:00,65.796
2014-01-23 17:15:00,63.734
2014-01-23 17:20:00,63.875
2014-01-23 17:25:00,65.293
2014-01-23 17:30:00,65.153
2014-01-23 17:35:00,64.47
2014-01-23 17:40:00,64.436
2014-01-23 17:45:00,65.375
2014-01-23 17:50:00,63.568
2014-01-23 17:55:00,66.538
2014-01-23 18:00:00,64.997
2014-01-23 18:05:00,66.087
2014-01-23 18:10:00,65.683
2014-01-23 18:15:00,62.9
2014-01-23 18:20:00,64.267
2014-01-23 18:25:00,65.358
2014-01-23 18:30:00,64.487
2014-01-23 18:35:00,65.829
2014-01-23 18:40:00,68.207
2014-01-23 18:45:00,64.835
2014-01-23 18:50:00,67.225
2014-01-23 18:55:00,63.859
2014-01-23 19:00:00,65.305
2014-01-23 19:05:00,65.237
2014-01-23 19:10:00,67.657
2014-01-23 19:15:00,67.864
2014-01-23 19:20:00,64.884
2014-01-23 19:25:00,66.046
2014-01-23 19:30:00,65.562
2014-01-23 19:35:00,66.323
2014-01-23 19:40:00,66.176
2014-01-23 19:45:00,67.861
2014-01-23 19:50:00,66.262
2014-01-23 19:55:00,68.384
2014-01-23 20:00:00,66.03
2014-01-23 20:05:00,69.773
2014-01-23 20:10:00,69.48
2014-01-23 20:15:00,70.149
2014-01-23 20:20:00,70.688
2014-01-23 20:25:00,67.692
2014-01-23 20:30:00,68.541
2014-01-23 20:35:00,68.909
2014-01-23 20:40:00,69.407
2014-01-23 20:45:00,68.938
2014-01-23 20:50:00,69.625
2014-01-23 20:55:00,70.543
2014-01-23 21:00:00,67.878
2014-01-23 21:05:00,68.602
2014-01-23 21:10:00,69.799
2014-01-23 21:15:00,72.715
2014-01-23 21:20:00,68.711
2014-01-23 21:25:00,71.65
2014-01-23 21:30:00,71.009
2014-01-23 21:35:00,72.7
2014-01-23 21:40:00,69.867
2014-01-23 21:45:00,72.231
2014-01-23 21:50:00,74.105
2014-01-23 21:55:00,72.421
2014-01-23 22:00:00,71.123
2014-01-23 22:05:00,69.733
2014-01-23 22:10:00,71.514
2014-01-23 22:15:00,74.447
2014-01-23 22:20:00,73.598
2014-01-23 22:25:00,74.711
2014-01-23 22:30:00,73.575
2014-01-23 22:35:00,74.477
2014-01-23 22:40:00,75.09
2014-01-23 22:45:00,72.624
2014-01-23 22:50:00,74.313
2014-01-23 22:55:00,75.471
2014-01-23 23:00:00,73.204
2014-01-23 23:05:00,74.821
2014-01-23 23:10:00,75.328
2014-01-23 23:15:00,71.134
2014-01-23 23:20:00,73.408
2014-01-23 23:25:00,75.242
2014-01-23 23:30:00,76.782
2014-01-23 23:35:00,74.485
2014-01-23 23:40:00,77.004
2014-01-23 23:45:00,77.022
2014-01-23 23:50:00,74.746
2014-01-23 23:55:00,76.995
2014-01-24 00:00:00,75.087
2014-01-24 00:05:00,75.23
2014-01-24 00:10:00,74.913
2014-01-24 00:15:00,78.522
2014-01-24 00:20:00,76.677
2014-01-24 00:25:00,76.527
2014-01-24 00:30:00,76.75
2014-01-24 00:35:00,76.077
2014-01-24 00:40:00,77.887
2014-01-24 00:45:00,75.219
2014-01-24 00:50:00,74.167
2014-01-24 00:55:00,78.434
2014-01-24 01:00:00,76.365
2014-01-24 01:05:00,77.078
2014-01-24 01:10:00,77.554
2014-01-24 01:15:00,78.224
2014-01-24 01:20:00,75.619
2014-01-24 01:25:00,75.98
2014-01-24 01:30:00,78.878
2014-01-24 01:35:00,77.167
2014-01-24 01:40:00,77.696
2014-01-24 01:45:00,77.662
2014-01-24 01:50:00,77.553
2014-01-24 01:55:00,76.572
2014-01-24 02:00:00,77.622
2014-01-24 02:05:00,77.21
2014-01-24 02:10:00,79.606
2014-01-24 02:15:00,78.988
2014-01-24 02:20:00,77.894
2014-01-24 02:25:00,76.296
2014-01-24 02:30:00,77.52
2014-01-24 02:35:00,80.216
2014-01-24 02:40:00,79.703
2014-01-24 02:45:00,79.925
2014-01-24 02:50:00,77.048
2014-01-24 02:55:00,78.805
2014-01-24 03:00:00,77.472
2014-01-24 03:05:00,77.036
2014-01-24 03:10:00,80.777
2014-01-24 03:15:00,80.127
2014-01-24 03:20:00,80.021
2014-01-24 03:25:00,78.631
2014-01-24 03:30:00,77.217
2014-01-24 03:35:00,79.338
2014-01-24 03:40:00,79.653
2014-01-24 03:45:00,78.679
2014-01-24 03:50:00,75.997
2014-01-24 03:55:00,77.922
2014-01-24 04:00:00,80.782
2014-01-24 04:05:00,79.581
2014-01-24 04:10:00,76.353
2014-01-24 04:15:00,79.128
2014-01-24 04:20:00,79.767
2014-01-24 04:25:00,79.771
2014-01-24 04:30:00,77.94
2014-01-24 04:35:00,76.246
2014-01-24 04:40:00,77.655
2014-01-24 04:45:00,78.721
2014-01-24 04:50:00,76.996
2014-01-24 04:55:00,78.171
2014-01-24 05:00:00,77.486
2014-01-24 05:05:00,78.584
2014-01-24 05:10:00,77.167
2014-01-24 05:15:00,77.373
2014-01-24 05:20:00,77.603
2014-01-24 05:25:00,77.608
2014-01-24 05:30:00,78.479
2014-01-24 05:35:00,77.823
2014-01-24 05:40:00,74.719
2014-01-24 05:45:00,79.464
2014-01-24 05:50:00,76.955
2014-01-24 05:55:00,76.089
2014-01-24 06:00:00,76.545
2014-01-24 06:05:00,75.842
2014-01-24 06:10:00,75.615
2014-01-24 06:15:00,75.56
2014-01-24 06:20:00,75.409
2014-01-24 06:25:00,75.585
2014-01-24 06:30:00,75.08
2014-01-24 06:35:00,74.714
2014-01-24 06:40:00,75.611
2014-01-24 06:45:00,74.513
2014-01-24 06:50:00,74.335
2014-01-24 06:55:00,73.635
2014-01-24 07:00:00,73.969
2014-01-24 07:05:00,73.893
2014-01-24 07:10:00,74.66
2014-01-24 07:15:00,74.043
2014-01-24 07:20:00,73.151
2014-01-24 07:25:00,73.79
2014-01-24 07:30:00,73.886
2014-01-24 07:35:00,72.209
2014-01-24 07:40:00,73.379
2014-01-24 07:45:00,73.033
2014-01-24 07:50:00,73.706
2014-01-24 07:55:00,72.545
2014-01-24 08:00:00,71.388
2014-01-24 08:05:00,73.272
2014-01-24 08:10:00,73.258
2014-01-24 08:15:00,73.312
2014-01-24 08:20:00,70.612
2014-01-24 08:25:00,70.887
2014-01-24 08:30:00,70.989
2014-01-24 08:35:00,70.943
2014-01-24 08:40:00,71.081
2014-01-24 08:45:00,72.423
2014-01-24 08:50:00,69.517
2014-01-24 08:55:00,71.971
2014-01-24 09:00:00,68.13
2014-01-24 09:05:00,73.373
2014-01-24 09:10:00,68.6
2014-01-24 09:15:00,67.446
2014-01-24 09:20:00,68.706
2014-01-24 09:25:00,71.539
2014-01-24 09:30:00,70.306
2014-01-24 09:35:00,72.067
2014-01-24 09:40:00,69.499
2014-01-24 09:45:00,68.491
2014-01-24 09:50:00,67.905
2014-01-24 09:55:00,69.345
2014-01-24 10:00:00,68.235
2014-01-24 10:05:00,67.709
2014-01-24 10:10:00,68.178
2014-01-24 10:15:00,69.722
2014-01-24 10:20:00,69.737
2014-01-24 10:25:00,65.769
2014-01-24 10:30:00,69.494
2014-01-24 10:35:00,67.947
2014-01-24 10:40:00,69.547
2014-01-24 10:45:00,65.731
2014-01-24 10:50:00,67.442
2014-01-24 10:55:00,67.697
2014-01-24 11:00:00,65.739
2014-01-24 11:05:00,67.286
2014-01-24 11:10:00,69.847
2014-01-24 11:15:00,67.361
2014-01-24 11:20:00,64.704
2014-01-24 11:25:00,66.171
2014-01-24 11:30:00,65.727
2014-01-24 11:35:00,64.623
2014-01-24 11:40:00,65.667
2014-01-24 11:45:00,62.967
2014-01-24 11:50:00,65.856
2014-01-24 11:55:00,65.699
2014-01-24 12:00:00,64.385
2014-01-24 12:05:00,62.906
2014-01-24 12:10:00,64.554
2014-01-24 12:15:00,65.272
2014-01-24 12:20:00,63.819
2014-01-24 12:25:00,64.344
2014-01-24 12:30:00,64.959
2014-01-24 12:35:00,64.792
2014-01-24 12:40:00,62.556
2014-01-24 12:45:00,62.828
2014-01-24 12:50:00,64.787
2014-01-24 12:55:00,63.064
2014-01-24 13:00:00,62.347
2014-01-24 13:05:00,62.637
2014-01-24 13:10:00,62.69
2014-01-24 13:15:00,63.432
2014-01-24 13:20:00,61.927
2014-01-24 13:25:00,64.726
2014-01-24 13:30:00,63.099
2014-01-24 13:35:00,61.535
2014-01-24 13:40:00,62.76
2014-01-24 13:45:00,63.518
2014-01-24 13:50:00,62.632
2014-01-24 13:55:00,61.197
2014-01-24 14:00:00,60.008
2014-01-24 14:05:00,60.82
2014-01-24 14:10:00,62.838
2014-01-24 14:15:00,64.24
2014-01-24 14:20:00,60.708
2014-01-24 14:25:00,61.725
2014-01-24 14:30:00,60.354
2014-01-24 14:35:00,59.069
2014-01-24 14:40:00,61.467
2014-01-24 14:45:00,63.685
2014-01-24 14:50:00,62.668
2014-01-24 14:55:00,60.029
2014-01-24 15:00:00,59.702
2014-01-24 15:05:00,62.835
2014-01-24 15:10:00,60.576
2014-01-24 15:15:00,61.815
2014-01-24 15:20:00,61.058
2014-01-24 15:25:00,62.056
2014-01-24 15:30:00,62.916
2014-01-24 15:35:00,62.287
2014-01-24 15:40:00,61.451
2014-01-24 15:45:00,59.714
2014-01-24 15:50:00,61.047
2014-01-24 15:55:00,59.686
2014-01-24 16:00:00,61.76
2014-01-24 16:05:00,60.997
2014-01-24 16:10:00,61.174
2014-01-24 16:15:00,59.748
2014-01-24 16:20:00,62.802
2014-01-24 16:25:00,62.895
2014-01-24 16:30:00,60.831
2014-01-24 16:35:00,63.605
2014-01-24 16:40:00,60.366
2014-01-24 16:45:00,62.857
2014-01-24 16:50:00,63.747
2014-01-24 16:55:00,62.062
2014-01-24 17:00:00,62.519
2014-01-24 17:05:00,62.59
2014-01-24 17:10:00,64.384
2014-01-24 17:15:00,62.732
2014-01-24 17:20:00,62.501
2014-01-24 17:25:00,63.006
2014-01-24 17:30:00,61.181
2014-01-24 17:35:00,62.589
2014-01-24 17:40:00,61.683
2014-01-24 17:45:00,61.397
2014-01-24 17:50:00,59.622
2014-01-24 17:55:00,61.451
2014-01-24 18:00:00,63.878
2014-01-24 18:05:00,61.135
2014-01-24 18:10:00,65.192
2014-01-24 18:15:00,63.79
2014-01-24 18:20:00,65.02
2014-01-24 18:25:00,64.049
2014-01-24 18:30:00,63.383
2014-01-24 18:35:00,64.475
2014-01-24 18:40:00,63.199
2014-01-24 18:45:00,65.931
2014-01-24 18:50:00,64.589
2014-01-24 18:55:00,66.688
2014-01-24 19:00:00,66.005
2014-01-24 19:05:00,65.698
2014-01-24 19:10:00,66.656
2014-01-24 19:15:00,64.937
2014-01-24 19:20:00,66.039
2014-01-24 19:25:00,67.37
2014-01-24 19:30:00,65.624
2014-01-24 19:35:00,65.754
2014-01-24 19:40:00,65.844
2014-01-24 19:45:00,64.34
2014-01-24 19:50:00,69.427
2014-01-24 19:55:00,68.174
2014-01-24 20:00:00,65.942
2014-01-24 20:05:00,66.24
2014-01-24 20:10:00,67.353
2014-01-24 20:15:00,68.692
2014-01-24 20:20:00,68.063
2014-01-24 20:25:00,67.888
2014-01-24 20:30:00,67.443
2014-01-24 20:35:00,66.823
2014-01-24 20:40:00,67.496
2014-01-24 20:45:00,67.06
2014-01-24 20:50:00,69.083
2014-01-24 20:55:00,68.175
2014-01-24 21:00:00,68.436
2014-01-24 21:05:00,67.055
2014-01-24 21:10:00,67.85
2014-01-24 21:15:00,68.985
2014-01-24 21:20:00,70.565
2014-01-24 21:25:00,68.703
2014-01-24 21:30:00,69.012
2014-01-24 21:35:00,69.6
2014-01-24 21:40:00,69.912
2014-01-24 21:45:00,71.522
2014-01-24 21:50:00,72.434
2014-01-24 21:55:00,71.522
2014-01-24 22:00:00,70.896
2014-01-24 22:05:00,72.407
2014-01-24 22:10:00,71.318
2014-01-24 22:15:00,70.91
2014-01-24 22:20:00,69.545
2014-01-24 22:25:00,68.315
2014-01-24 22:30:00,70.765
2014-01-24 22:35:00,70.279
2014-01-24 22:40:00,70.873
2014-01-24 22:45:00,71.098
2014-01-24 22:50:00,72.203
2014-01-24 22:55:00,74.103
2014-01-24 23:00:00,74.365
2014-01-24 23:05:00,71.68
2014-01-24 23:10:00,74.52
2014-01-24 23:15:00,71.314
2014-01-24 23:20:00,73.015
2014-01-24 23:25:00,72.698
2014-01-24 23:30:00,72.646
2014-01-24 23:35:00,72.128
2014-01-24 23:40:00,74.153
2014-01-24 23:45:00,71.726
2014-01-24 23:50:00,74.542
2014-01-24 23:55:00,75.679
2014-01-25 00:00:00,73.264
2014-01-25 00:05:00,73.299
2014-01-25 00:10:00,74.879
2014-01-25 00:15:00,75.692
2014-01-25 00:20:00,77.009
2014-01-25 00:25:00,73.85
2014-01-25 00:30:00,75.627
2014-01-25 00:35:00,75.727
2014-01-25 00:40:00,77.086
2014-01-25 00:45:00,75.098
2014-01-25 00:50:00,75.12
2014-01-25 00:55:00,74.728
2014-01-25 01:00:00,74.902
2014-01-25 01:05:00,76.214
2014-01-25 01:10:00,72.685
2014-01-25 01:15:00,77.356
2014-01-25 01:20:00,76.537
2014-01-25 01:25:00,77.342
2014-01-25 01:30:00,75.799
2014-01-25 01:35:00,74.945
2014-01-25 01:40:00,75.933
2014-01-25 01:45:00,77.22
2014-01-25 01:50:00,77.65
2014-01-25 01:55:00,77.578
2014-01-25 02:00:00,75.68
2014-01-25 02:05:00,76.316
2014-01-25 02:10:00,75.817
2014-01-25 02:15:00,77.071
2014-01-25 02:20:00,75.668
2014-01-25 02:25:00,75.372
2014-01-25 02:30:00,75.994
2014-01-25 02:35:00,76.668
2014-01-25 02:40:00,74.573
2014-01-25 02:45:00,74.936
2014-01-25 02:50:00,76.366
2014-01-25 02:55:00,78.466
2014-01-25 03:00:00,76.758
2014-01-25 03:05:00,75.878
2014-01-25 03:10:00,74.818
2014-01-25 03:15:00,75.497
2014-01-25 03:20:00,78.106
2014-01-25 03:25:00,78.05
2014-01-25 03:30:00,75.534
2014-01-25 03:35:00,78.062
2014-01-25 03:40:00,75.194
2014-01-25 03:45:00,75.163
2014-01-25 03:50:00,77.858
2014-01-25 03:55:00,75.941
2014-01-25 04:00:00,77.71
2014-01-25 04:05:00,78.258
2014-01-25 04:10:00,76.899
2014-01-25 04:15:00,77.692
2014-01-25 04:20:00,78.61
2014-01-25 04:25:00,77.208
2014-01-25 04:30:00,78.033
2014-01-25 04:35:00,76.764
2014-01-25 04:40:00,75.369
2014-01-25 04:45:00,76.659
2014-01-25 04:50:00,77.317
2014-01-25 04:55:00,74.744
2014-01-25 05:00:00,76.122
2014-01-25 05:05:00,77.173
2014-01-25 05:10:00,77.392
2014-01-25 05:15:00,74.98
2014-01-25 05:20:00,74.979
2014-01-25 05:25:00,75.44
2014-01-25 05:30:00,78.231
2014-01-25 05:35:00,74.376
2014-01-25 05:40:00,73.27
2014-01-25 05:45:00,76.169
2014-01-25 05:50:00,73.108
2014-01-25 05:55:00,75.143
2014-01-25 06:00:00,73.869
2014-01-25 06:05:00,75.897
2014-01-25 06:10:00,73.819
2014-01-25 06:15:00,75.517
2014-01-25 06:20:00,73.206
2014-01-25 06:25:00,74.957
2014-01-25 06:30:00,74.585
2014-01-25 06:35:00,73.588
2014-01-25 06:40:00,75.39
2014-01-25 06:45:00,74.096
2014-01-25 06:50:00,72.897
2014-01-25 06:55:00,73.278
2014-01-25 07:00:00,71.075
2014-01-25 07:05:00,73.525
2014-01-25 07:10:00,72.378
2014-01-25 07:15:00,73.655
2014-01-25 07:20:00,71.974
2014-01-25 07:25:00,72.942
2014-01-25 07:30:00,71.915
2014-01-25 07:35:00,72.699
2014-01-25 07:40:00,71.452
2014-01-25 07:45:00,71.195
2014-01-25 07:50:00,70.37
2014-01-25 07:55:00,69.813
2014-01-25 08:00:00,69.921
2014-01-25 08:05:00,72.805
2014-01-25 08:10:00,72.153
2014-01-25 08:15:00,71.083
2014-01-25 08:20:00,70.171
2014-01-25 08:25:00,69.925
2014-01-25 08:30:00,68.916
2014-01-25 08:35:00,71.564
2014-01-25 08:40:00,69.958
2014-01-25 08:45:00,66.523
2014-01-25 08:50:00,68.971
2014-01-25 08:55:00,70.608
2014-01-25 09:00:00,68.493
2014-01-25 09:05:00,69.843
2014-01-25 09:10:00,68.718
2014-01-25 09:15:00,66.63
2014-01-25 09:20:00,68.397
2014-01-25 09:25:00,68.467
2014-01-25 09:30:00,67.139
2014-01-25 09:35:00,68.304
2014-01-25 09:40:00,69.131
2014-01-25 09:45:00,68.682
2014-01-25 09:50:00,68.425
2014-01-25 09:55:00,65.447
2014-01-25 10:00:00,66.72
2014-01-25 10:05:00,67.193
2014-01-25 10:10:00,66.23
2014-01-25 10:15:00,64.949
2014-01-25 10:20:00,66.311
2014-01-25 10:25:00,67.372
2014-01-25 10:30:00,66.231
2014-01-25 10:35:00,65.195
2014-01-25 10:40:00,63.952
2014-01-25 10:45:00,65.268
2014-01-25 10:50:00,65.474
2014-01-25 10:55:00,65.416
2014-01-25 11:00:00,64.12
2014-01-25 11:05:00,64.284
2014-01-25 11:10:00,65.499
2014-01-25 11:15:00,63.325
2014-01-25 11:20:00,64.5
2014-01-25 11:25:00,63.774
2014-01-25 11:30:00,64.397
2014-01-25 11:35:00,63.594
2014-01-25 11:40:00,62.464
2014-01-25 11:45:00,65.127
2014-01-25 11:50:00,61.864
2014-01-25 11:55:00,60.884
2014-01-25 12:00:00,63.393
2014-01-25 12:05:00,62.034
2014-01-25 12:10:00,62.642
2014-01-25 12:15:00,60.553
2014-01-25 12:20:00,63.572
2014-01-25 12:25:00,65.319
2014-01-25 12:30:00,63.145
2014-01-25 12:35:00,61.935
2014-01-25 12:40:00,64.363
2014-01-25 12:45:00,61.378
2014-01-25 12:50:00,60.203
2014-01-25 12:55:00,64.004
2014-01-25 13:00:00,63.488
2014-01-25 13:05:00,61.612
2014-01-25 13:10:00,61.122
2014-01-25 13:15:00,60.535
2014-01-25 13:20:00,62.304
2014-01-25 13:25:00,58.986
2014-01-25 13:30:00,59.144
2014-01-25 13:35:00,62.162
2014-01-25 13:40:00,62.044
2014-01-25 13:45:00,60.442
2014-01-25 13:50:00,60.862
2014-01-25 13:55:00,60.656
2014-01-25 14:00:00,60.031
2014-01-25 14:05:00,59.661
2014-01-25 14:10:00,60.686
2014-01-25 14:15:00,62.092
2014-01-25 14:20:00,62.144
2014-01-25 14:25:00,58.085
2014-01-25 14:30:00,59.981
2014-01-25 14:35:00,59.927
2014-01-25 14:40:00,60.894
2014-01-25 14:45:00,60.985
2014-01-25 14:50:00,61.074
2014-01-25 14:55:00,61.032
2014-01-25 15:00:00,58.187
2014-01-25 15:05:00,59.837
2014-01-25 15:10:00,60.384
2014-01-25 15:15:00,59.266
2014-01-25 15:20:00,62.042
2014-01-25 15:25:00,58.075
2014-01-25 15:30:00,60.121
2014-01-25 15:35:00,58.985
2014-01-25 15:40:00,60.635
2014-01-25 15:45:00,60.032
2014-01-25 15:50:00,60.966
2014-01-25 15:55:00,59.21
2014-01-25 16:00:00,60.378
2014-01-25 16:05:00,59.333
2014-01-25 16:10:00,62.081
2014-01-25 16:15:00,59.712
2014-01-25 16:20:00,59.174
2014-01-25 16:25:00,59.679
2014-01-25 16:30:00,61.936
2014-01-25 16:35:00,62.728
2014-01-25 16:40:00,60.225
2014-01-25 16:45:00,59.983
2014-01-25 16:50:00,62.556
2014-01-25 16:55:00,60.33
2014-01-25 17:00:00,60.478
2014-01-25 17:05:00,63.13
2014-01-25 17:10:00,63.315
2014-01-25 17:15:00,63.869
2014-01-25 17:20:00,59.621
2014-01-25 17:25:00,61.871
2014-01-25 17:30:00,60.307
2014-01-25 17:35:00,61.255
2014-01-25 17:40:00,62.24
2014-01-25 17:45:00,63.25
2014-01-25 17:50:00,59.884
2014-01-25 17:55:00,64.073
2014-01-25 18:00:00,62.678
2014-01-25 18:05:00,61.615
2014-01-25 18:10:00,62.958
2014-01-25 18:15:00,61.931
2014-01-25 18:20:00,61.881
2014-01-25 18:25:00,63.318
2014-01-25 18:30:00,62.667
2014-01-25 18:35:00,64.746
2014-01-25 18:40:00,61.363
2014-01-25 18:45:00,64.231
2014-01-25 18:50:00,61.464
2014-01-25 18:55:00,63.816
2014-01-25 19:00:00,63.316
2014-01-25 19:05:00,64.887
2014-01-25 19:10:00,63.979
2014-01-25 19:15:00,64.881
2014-01-25 19:20:00,64.41
2014-01-25 19:25:00,63.366
2014-01-25 19:30:00,63.412
2014-01-25 19:35:00,64.929
2014-01-25 19:40:00,65.36
2014-01-25 19:45:00,64.247
2014-01-25 19:50:00,67.389
2014-01-25 19:55:00,64.173
2014-01-25 20:00:00,65.319
2014-01-25 20:05:00,62.315
2014-01-25 20:10:00,63.809
2014-01-25 20:15:00,64.588
2014-01-25 20:20:00,66.248
2014-01-25 20:25:00,68.491
2014-01-25 20:30:00,63.546
2014-01-25 20:35:00,66.901
2014-01-25 20:40:00,68.133
2014-01-25 20:45:00,66.173
2014-01-25 20:50:00,66.203
2014-01-25 20:55:00,68.995
2014-01-25 21:00:00,66.993
2014-01-25 21:05:00,67.784
2014-01-25 21:10:00,67.987
2014-01-25 21:15:00,67.086
2014-01-25 21:20:00,69.299
2014-01-25 21:25:00,68.345
2014-01-25 21:30:00,67.844
2014-01-25 21:35:00,68.184
2014-01-25 21:40:00,69.518
2014-01-25 21:45:00,70.503
2014-01-25 21:50:00,68.882
2014-01-25 21:55:00,69.681
2014-01-25 22:00:00,68.904
2014-01-25 22:05:00,67.641
2014-01-25 22:10:00,69.343
2014-01-25 22:15:00,70.042
2014-01-25 22:20:00,69.495
2014-01-25 22:25:00,71.178
2014-01-25 22:30:00,70.912
2014-01-25 22:35:00,72.198
2014-01-25 22:40:00,72.732
2014-01-25 22:45:00,72.112
2014-01-25 22:50:00,71.295
2014-01-25 22:55:00,72.383
2014-01-25 23:00:00,72.205
2014-01-25 23:05:00,72.238
2014-01-25 23:10:00,71.898
2014-01-25 23:15:00,72.053
2014-01-25 23:20:00,73.107
2014-01-25 23:25:00,73.34
2014-01-25 23:30:00,74.076
2014-01-25 23:35:00,72.349
2014-01-25 23:40:00,72.809
2014-01-25 23:45:00,73.577
2014-01-25 23:50:00,74.191
2014-01-25 23:55:00,72.649
2014-01-26 00:00:00,73.23
2014-01-26 00:05:00,71.389
2014-01-26 00:10:00,74.121
2014-01-26 00:15:00,74.779
2014-01-26 00:20:00,72.983
2014-01-26 00:25:00,73.053
2014-01-26 00:30:00,75.82
2014-01-26 00:35:00,73.037
2014-01-26 00:40:00,75.526
2014-01-26 00:45:00,73.19
2014-01-26 00:50:00,74.578
2014-01-26 00:55:00,76.425
2014-01-26 01:00:00,72.483
2014-01-26 01:05:00,73.993
2014-01-26 01:10:00,76.328
2014-01-26 01:15:00,72.864
2014-01-26 01:20:00,74.877
2014-01-26 01:25:00,74.464
2014-01-26 01:30:00,74.024
2014-01-26 01:35:00,76.486
2014-01-26 01:40:00,74.427
2014-01-26 01:45:00,75.241
2014-01-26 01:50:00,74.271
2014-01-26 01:55:00,74.796
2014-01-26 02:00:00,75.346
2014-01-26 02:05:00,75.066
2014-01-26 02:10:00,75.908
2014-01-26 02:15:00,75.303
2014-01-26 02:20:00,75.857
2014-01-26 02:25:00,75.506
2014-01-26 02:30:00,75.11
2014-01-26 02:35:00,76.328
2014-01-26 02:40:00,74.023
2014-01-26 02:45:00,77.497
2014-01-26 02:50:00,75.165
2014-01-26 02:55:00,78.911
2014-01-26 03:00:00,75.357
2014-01-26 03:05:00,76.945
2014-01-26 03:10:00,75.521
2014-01-26 03:15:00,76.736
2014-01-26 03:20:00,77.389
2014-01-26 03:25:00,74.479
2014-01-26 03:30:00,75.307
2014-01-26 03:35:00,75.83
2014-01-26 03:40:00,73.478
2014-01-26 03:45:00,77.805
2014-01-26 03:50:00,75.367
2014-01-26 03:55:00,76.415
2014-01-26 04:00:00,74.175
2014-01-26 04:05:00,74.335
2014-01-26 04:10:00,74.897
2014-01-26 04:15:00,75.86
2014-01-26 04:20:00,77.194
2014-01-26 04:25:00,75.693
2014-01-26 04:30:00,76.299
2014-01-26 04:35:00,74.454
2014-01-26 04:40:00,73.925
2014-01-26 04:45:00,75.448
2014-01-26 04:50:00,76.901
2014-01-26 04:55:00,75.892
2014-01-26 05:00:00,74.682
2014-01-26 05:05:00,74.134
2014-01-26 05:10:00,74.664
2014-01-26 05:15:00,73.724
2014-01-26 05:20:00,75.532
2014-01-26 05:25:00,73.548
2014-01-26 05:30:00,73.112
2014-01-26 05:35:00,75.185
2014-01-26 05:40:00,73.892
2014-01-26 05:45:00,74.711
2014-01-26 05:50:00,73.321
2014-01-26 05:55:00,75.597
2014-01-26 06:00:00,73.468
2014-01-26 06:05:00,73.846
2014-01-26 06:10:00,74.707
2014-01-26 06:15:00,74.442
2014-01-26 06:20:00,71.622
2014-01-26 06:25:00,71.942
2014-01-26 06:30:00,72.049
2014-01-26 06:35:00,73.71
2014-01-26 06:40:00,74.207
2014-01-26 06:45:00,73.967
2014-01-26 06:50:00,70.625
2014-01-26 06:55:00,71.892
2014-01-26 07:00:00,72.754
2014-01-26 07:05:00,72.528
2014-01-26 07:10:00,72.578
2014-01-26 07:15:00,72.871
2014-01-26 07:20:00,72.179
2014-01-26 07:25:00,72.815
2014-01-26 07:30:00,70.778
2014-01-26 07:35:00,70.019
2014-01-26 07:40:00,71.011
2014-01-26 07:45:00,72.149
2014-01-26 07:50:00,71.834
2014-01-26 07:55:00,71.612
2014-01-26 08:00:00,69.951
2014-01-26 08:05:00,69.092
2014-01-26 08:10:00,69.537
2014-01-26 08:15:00,70.876
2014-01-26 08:20:00,69.482
2014-01-26 08:25:00,71.067
2014-01-26 08:30:00,71.369
2014-01-26 08:35:00,69.438
2014-01-26 08:40:00,68.711
2014-01-26 08:45:00,69.41
2014-01-26 08:50:00,67.751
2014-01-26 08:55:00,69.346
2014-01-26 09:00:00,66.254
2014-01-26 09:05:00,67.689
2014-01-26 09:10:00,68.003
2014-01-26 09:15:00,68.751
2014-01-26 09:20:00,67.247
2014-01-26 09:25:00,66.159
2014-01-26 09:30:00,66.984
2014-01-26 09:35:00,69.677
2014-01-26 09:40:00,66.264
2014-01-26 09:45:00,65.599
2014-01-26 09:50:00,66.677
2014-01-26 09:55:00,65.663
2014-01-26 10:00:00,66.036
2014-01-26 10:05:00,66.816
2014-01-26 10:10:00,68.075
2014-01-26 10:15:00,65.674
2014-01-26 10:20:00,64.719
2014-01-26 10:25:00,64.902
2014-01-26 10:30:00,65.433
2014-01-26 10:35:00,64.558
2014-01-26 10:40:00,64.263
2014-01-26 10:45:00,67.14
2014-01-26 10:50:00,65.712
2014-01-26 10:55:00,64.717
2014-01-26 11:00:00,60.385
2014-01-26 11:05:00,64.485
2014-01-26 11:10:00,63.438
2014-01-26 11:15:00,63.91
2014-01-26 11:20:00,64.942
2014-01-26 11:25:00,65.322
2014-01-26 11:30:00,62.842
2014-01-26 11:35:00,64.44
2014-01-26 11:40:00,61.201
2014-01-26 11:45:00,62.713
2014-01-26 11:50:00,62.836
2014-01-26 11:55:00,65.045
2014-01-26 12:00:00,63.755
2014-01-26 12:05:00,63.132
2014-01-26 12:10:00,63.282
2014-01-26 12:15:00,62.101
2014-01-26 12:20:00,59.793
2014-01-26 12:25:00,62.392
2014-01-26 12:30:00,61.913
2014-01-26 12:35:00,62.924
2014-01-26 12:40:00,63.153
2014-01-26 12:45:00,62.132
2014-01-26 12:50:00,59.767
2014-01-26 12:55:00,60.627
2014-01-26 13:00:00,60.903
2014-01-26 13:05:00,62.394
2014-01-26 13:10:00,61.45
2014-01-26 13:15:00,59.479
2014-01-26 13:20:00,61.368
2014-01-26 13:25:00,60.972
2014-01-26 13:30:00,60.188
2014-01-26 13:35:00,60.292
2014-01-26 13:40:00,60.314
2014-01-26 13:45:00,62.004
2014-01-26 13:50:00,60.737
2014-01-26 13:55:00,59.829
2014-01-26 14:00:00,60.738
2014-01-26 14:05:00,60.091
2014-01-26 14:10:00,60.19
2014-01-26 14:15:00,61.098
2014-01-26 14:20:00,60.262
2014-01-26 14:25:00,61.016
2014-01-26 14:30:00,60.534
2014-01-26 14:35:00,60.772
2014-01-26 14:40:00,60.94
2014-01-26 14:45:00,61.598
2014-01-26 14:50:00,61.468
2014-01-26 14:55:00,59.809
2014-01-26 15:00:00,58.939
2014-01-26 15:05:00,58.476
2014-01-26 15:10:00,60.565
2014-01-26 15:15:00,61.744
2014-01-26 15:20:00,60.743
2014-01-26 15:25:00,60.198
2014-01-26 15:30:00,59.705
2014-01-26 15:35:00,61.165
2014-01-26 15:40:00,61.052
2014-01-26 15:45:00,60.803
2014-01-26 15:50:00,60.861
2014-01-26 15:55:00,61.733
2014-01-26 16:00:00,61.699
2014-01-26 16:05:00,58.6
2014-01-26 16:10:00,61.092
2014-01-26 16:15:00,59.064
2014-01-26 16:20:00,58.229
2014-01-26 16:25:00,60.782
2014-01-26 16:30:00,57.885
2014-01-26 16:35:00,61.264
2014-01-26 16:40:00,62.378
2014-01-26 16:45:00,60.817
2014-01-26 16:50:00,60.603
2014-01-26 16:55:00,59.858
2014-01-26 17:00:00,60.527
2014-01-26 17:05:00,60.39
2014-01-26 17:10:00,62.52
2014-01-26 17:15:00,60.633
2014-01-26 17:20:00,60.313
2014-01-26 17:25:00,63.095
2014-01-26 17:30:00,60.094
2014-01-26 17:35:00,61.821
2014-01-26 17:40:00,61.279
2014-01-26 17:45:00,62.028
2014-01-26 17:50:00,61.078
2014-01-26 17:55:00,62.958
2014-01-26 18:00:00,62.861
2014-01-26 18:05:00,62.852
2014-01-26 18:10:00,60.762
2014-01-26 18:15:00,62.184
2014-01-26 18:20:00,62.31
2014-01-26 18:25:00,62.826
2014-01-26 18:30:00,63.178
2014-01-26 18:35:00,61.445
2014-01-26 18:40:00,60.389
2014-01-26 18:45:00,64.036
2014-01-26 18:50:00,64.398
2014-01-26 18:55:00,65.33
2014-01-26 19:00:00,65.555
2014-01-26 19:05:00,62.477
2014-01-26 19:10:00,63.181
2014-01-26 19:15:00,62.243
2014-01-26 19:20:00,66.839
2014-01-26 19:25:00,64.253
2014-01-26 19:30:00,62.56
2014-01-26 19:35:00,66.789
2014-01-26 19:40:00,65.939
2014-01-26 19:45:00,64.089
2014-01-26 19:50:00,63.676
2014-01-26 19:55:00,66.032
2014-01-26 20:00:00,67.544
2014-01-26 20:05:00,65.461
2014-01-26 20:10:00,65.791
2014-01-26 20:15:00,65.84
2014-01-26 20:20:00,65.172
2014-01-26 20:25:00,67.206
2014-01-26 20:30:00,66.899
2014-01-26 20:35:00,67.608
2014-01-26 20:40:00,67.075
2014-01-26 20:45:00,67.168
2014-01-26 20:50:00,68.79
2014-01-26 20:55:00,67.048
2014-01-26 21:00:00,68.728
2014-01-26 21:05:00,67.392
2014-01-26 21:10:00,69.021
2014-01-26 21:15:00,69.172
2014-01-26 21:20:00,68.234
2014-01-26 21:25:00,71.611
2014-01-26 21:30:00,69.455
2014-01-26 21:35:00,70.739
2014-01-26 21:40:00,67.98
2014-01-26 21:45:00,73.103
2014-01-26 21:50:00,70.266
2014-01-26 21:55:00,70.995
2014-01-26 22:00:00,69.499
2014-01-26 22:05:00,69.747
2014-01-26 22:10:00,70.926
2014-01-26 22:15:00,70.723
2014-01-26 22:20:00,72.119
2014-01-26 22:25:00,72.405
2014-01-26 22:30:00,71.668
2014-01-26 22:35:00,73.007
2014-01-26 22:40:00,72.125
2014-01-26 22:45:00,72.812
2014-01-26 22:50:00,71.449
2014-01-26 22:55:00,72.063
2014-01-26 23:00:00,71.865
2014-01-26 23:05:00,72.305
2014-01-26 23:10:00,72.996
2014-01-26 23:15:00,72.193
2014-01-26 23:20:00,74.394
2014-01-26 23:25:00,73.734
2014-01-26 23:30:00,72.352
2014-01-26 23:35:00,72.973
2014-01-26 23:40:00,75.677
2014-01-26 23:45:00,74.285
2014-01-26 23:50:00,71.962
2014-01-26 23:55:00,73.177
2014-01-27 00:00:00,73.186
2014-01-27 00:05:00,73.739
2014-01-27 00:10:00,73.16
2014-01-27 00:15:00,74.244
2014-01-27 00:20:00,74.988
2014-01-27 00:25:00,72.539
2014-01-27 00:30:00,72.866
2014-01-27 00:35:00,73.567
2014-01-27 00:40:00,75.633
2014-01-27 00:45:00,76.431
2014-01-27 00:50:00,74.188
2014-01-27 00:55:00,73.455
2014-01-27 01:00:00,77.143
2014-01-27 01:05:00,75.22
2014-01-27 01:10:00,75.885
2014-01-27 01:15:00,73.879
2014-01-27 01:20:00,76.292
2014-01-27 01:25:00,76.902
2014-01-27 01:30:00,75.814
2014-01-27 01:35:00,75.25
2014-01-27 01:40:00,76.32
2014-01-27 01:45:00,76.092
2014-01-27 01:50:00,77.499
2014-01-27 01:55:00,77.987
2014-01-27 02:00:00,77.673
2014-01-27 02:05:00,76.307
2014-01-27 02:10:00,77.652
2014-01-27 02:15:00,77.596
2014-01-27 02:20:00,77.448
2014-01-27 02:25:00,76.773
2014-01-27 02:30:00,74.428
2014-01-27 02:35:00,76.257
2014-01-27 02:40:00,76.596
2014-01-27 02:45:00,79.261
2014-01-27 02:50:00,77.122
2014-01-27 02:55:00,77.106
2014-01-27 03:00:00,75.251
2014-01-27 03:05:00,77.713
2014-01-27 03:10:00,77.46
2014-01-27 03:15:00,76.797
2014-01-27 03:20:00,76.237
2014-01-27 03:25:00,77.516
2014-01-27 03:30:00,77.981
2014-01-27 03:35:00,75.351
2014-01-27 03:40:00,76.332
2014-01-27 03:45:00,77.396
2014-01-27 03:50:00,75.042
2014-01-27 03:55:00,76.028
2014-01-27 04:00:00,76.863
2014-01-27 04:05:00,78.492
2014-01-27 04:10:00,76.942
2014-01-27 04:15:00,78.388
2014-01-27 04:20:00,76.195
2014-01-27 04:25:00,75.681
2014-01-27 04:30:00,76.583
2014-01-27 04:35:00,77.622
2014-01-27 04:40:00,76.641
2014-01-27 04:45:00,76.263
2014-01-27 04:50:00,77.506
2014-01-27 04:55:00,76.167
2014-01-27 05:00:00,76.518
2014-01-27 05:05:00,78.276
2014-01-27 05:10:00,76.599
2014-01-27 05:15:00,74.853
2014-01-27 05:20:00,76.848
2014-01-27 05:25:00,75.469
2014-01-27 05:30:00,76.542
2014-01-27 05:35:00,75.682
2014-01-27 05:40:00,74.644
2014-01-27 05:45:00,75.175
2014-01-27 05:50:00,74.891
2014-01-27 05:55:00,74.346
2014-01-27 06:00:00,74.632
2014-01-27 06:05:00,73.382
2014-01-27 06:10:00,74.419
2014-01-27 06:15:00,73.816
2014-01-27 06:20:00,75.471
2014-01-27 06:25:00,73.522
2014-01-27 06:30:00,74.62
2014-01-27 06:35:00,74.697
2014-01-27 06:40:00,74.083
2014-01-27 06:45:00,74.637
2014-01-27 06:50:00,73.731
2014-01-27 06:55:00,72.409
2014-01-27 07:00:00,71.288
2014-01-27 07:05:00,73.661
2014-01-27 07:10:00,74.304
2014-01-27 07:15:00,74.186
2014-01-27 07:20:00,70.435
2014-01-27 07:25:00,71.851
2014-01-27 07:30:00,72.896
2014-01-27 07:35:00,71.294
2014-01-27 07:40:00,72.709
2014-01-27 07:45:00,72.31
2014-01-27 07:50:00,71.501
2014-01-27 07:55:00,70.521
2014-01-27 08:00:00,70.874
2014-01-27 08:05:00,72.364
2014-01-27 08:10:00,69.672
2014-01-27 08:15:00,70.833
2014-01-27 08:20:00,71.02
2014-01-27 08:25:00,72.017
2014-01-27 08:30:00,70.489
2014-01-27 08:35:00,69.553
2014-01-27 08:40:00,70.777
2014-01-27 08:45:00,69.369
2014-01-27 08:50:00,71.376
2014-01-27 08:55:00,69.875
2014-01-27 09:00:00,67.503
2014-01-27 09:05:00,70.989
2014-01-27 09:10:00,69.801
2014-01-27 09:15:00,68.823
2014-01-27 09:20:00,68.428
2014-01-27 09:25:00,68.791
2014-01-27 09:30:00,68.865
2014-01-27 09:35:00,67.563
2014-01-27 09:40:00,66.972
2014-01-27 09:45:00,65.371
2014-01-27 09:50:00,67.176
2014-01-27 09:55:00,69.519
2014-01-27 10:00:00,68.41
2014-01-27 10:05:00,67.566
2014-01-27 10:10:00,64.925
2014-01-27 10:15:00,66.483
2014-01-27 10:20:00,66.27
2014-01-27 10:25:00,67.715
2014-01-27 10:30:00,66.663
2014-01-27 10:35:00,66.93
2014-01-27 10:40:00,66.322
2014-01-27 10:45:00,66.249
2014-01-27 10:50:00,65.674
2014-01-27 10:55:00,64.777
2014-01-27 11:00:00,64.807
2014-01-27 11:05:00,65.922
2014-01-27 11:10:00,64.473
2014-01-27 11:15:00,66.345
2014-01-27 11:20:00,63.173
2014-01-27 11:25:00,66.069
2014-01-27 11:30:00,64.325
2014-01-27 11:35:00,61.851
2014-01-27 11:40:00,62.323
2014-01-27 11:45:00,63.319
2014-01-27 11:50:00,62.974
2014-01-27 11:55:00,64.682
2014-01-27 12:00:00,65.568
2014-01-27 12:05:00,63.051
2014-01-27 12:10:00,61.782
2014-01-27 12:15:00,62.553
2014-01-27 12:20:00,64.598
2014-01-27 12:25:00,63.126
2014-01-27 12:30:00,64.533
2014-01-27 12:35:00,62.829
2014-01-27 12:40:00,63.501
2014-01-27 12:45:00,63.235
2014-01-27 12:50:00,63.893
2014-01-27 12:55:00,64.141
2014-01-27 13:00:00,63.158
2014-01-27 13:05:00,62.563
2014-01-27 13:10:00,63.435
2014-01-27 13:15:00,62.968
2014-01-27 13:20:00,63.343
2014-01-27 13:25:00,63.128
2014-01-27 13:30:00,64.043
2014-01-27 13:35:00,63.932
2014-01-27 13:40:00,61.751
2014-01-27 13:45:00,60.744
2014-01-27 13:50:00,61.103
2014-01-27 13:55:00,65.309
2014-01-27 14:00:00,59.809
2014-01-27 14:05:00,61.646
2014-01-27 14:10:00,61.865
2014-01-27 14:15:00,61.122
2014-01-27 14:20:00,59.155
2014-01-27 14:25:00,62.332
2014-01-27 14:30:00,62.751
2014-01-27 14:35:00,63.386
2014-01-27 14:40:00,61.473
2014-01-27 14:45:00,62.915
2014-01-27 14:50:00,61.794
2014-01-27 14:55:00,59.35
2014-01-27 15:00:00,61.337
2014-01-27 15:05:00,60.838
2014-01-27 15:10:00,61.365
2014-01-27 15:15:00,61.897
2014-01-27 15:20:00,61.777
2014-01-27 15:25:00,62.542
2014-01-27 15:30:00,63.08
2014-01-27 15:35:00,63.742
2014-01-27 15:40:00,62.004
2014-01-27 15:45:00,61.287
2014-01-27 15:50:00,61.305
2014-01-27 15:55:00,64.282
2014-01-27 16:00:00,60.578
2014-01-27 16:05:00,63.823
2014-01-27 16:10:00,61.107
2014-01-27 16:15:00,62.07
2014-01-27 16:20:00,63.768
2014-01-27 16:25:00,62.02
2014-01-27 16:30:00,60.509
2014-01-27 16:35:00,60.075
2014-01-27 16:40:00,60.794
2014-01-27 16:45:00,62.52
2014-01-27 16:50:00,61.063
2014-01-27 16:55:00,62.781
2014-01-27 17:00:00,62.974
2014-01-27 17:05:00,65.634
2014-01-27 17:10:00,62.22
2014-01-27 17:15:00,62.596
2014-01-27 17:20:00,61.389
2014-01-27 17:25:00,60.787
2014-01-27 17:30:00,60.862
2014-01-27 17:35:00,64.458
2014-01-27 17:40:00,62.655
2014-01-27 17:45:00,64.327
2014-01-27 17:50:00,61.357
2014-01-27 17:55:00,66.329
2014-01-27 18:00:00,63.236
2014-01-27 18:05:00,64.67
2014-01-27 18:10:00,63.36
2014-01-27 18:15:00,65.425
2014-01-27 18:20:00,65.793
2014-01-27 18:25:00,62.027
2014-01-27 18:30:00,65.265
2014-01-27 18:35:00,63.769
2014-01-27 18:40:00,65.931
2014-01-27 18:45:00,66.344
2014-01-27 18:50:00,64.399
2014-01-27 18:55:00,63.909
2014-01-27 19:00:00,65.91
2014-01-27 19:05:00,65.371
2014-01-27 19:10:00,65.764
2014-01-27 19:15:00,66.876
2014-01-27 19:20:00,67.948
2014-01-27 19:25:00,66.147
2014-01-27 19:30:00,66.702
2014-01-27 19:35:00,65.153
2014-01-27 19:40:00,66.878
2014-01-27 19:45:00,68.745
2014-01-27 19:50:00,68.276
2014-01-27 19:55:00,67.806
2014-01-27 20:00:00,66.352
2014-01-27 20:05:00,68.896
2014-01-27 20:10:00,68.504
2014-01-27 20:15:00,69.31
2014-01-27 20:20:00,68.973
2014-01-27 20:25:00,68.814
2014-01-27 20:30:00,68.738
2014-01-27 20:35:00,69.953
2014-01-27 20:40:00,67.602
2014-01-27 20:45:00,67.127
2014-01-27 20:50:00,67.955
2014-01-27 20:55:00,68.258
2014-01-27 21:00:00,68.718
2014-01-27 21:05:00,70.202
2014-01-27 21:10:00,69.43
2014-01-27 21:15:00,69.822
2014-01-27 21:20:00,68.997
2014-01-27 21:25:00,72.037
2014-01-27 21:30:00,69.918
2014-01-27 21:35:00,71.746
2014-01-27 21:40:00,69.454
2014-01-27 21:45:00,71.421
2014-01-27 21:50:00,71.371
2014-01-27 21:55:00,70.28
2014-01-27 22:00:00,73.118
2014-01-27 22:05:00,71.679
2014-01-27 22:10:00,74.088
2014-01-27 22:15:00,72.459
2014-01-27 22:20:00,71.1
2014-01-27 22:25:00,72.273
2014-01-27 22:30:00,72.95
2014-01-27 22:35:00,74.225
2014-01-27 22:40:00,71.99
2014-01-27 22:45:00,73.608
2014-01-27 22:50:00,74.22
2014-01-27 22:55:00,74.95
2014-01-27 23:00:00,72.531
2014-01-27 23:05:00,72.822
2014-01-27 23:10:00,73.605
2014-01-27 23:15:00,73.74
2014-01-27 23:20:00,74.703
2014-01-27 23:25:00,75.897
2014-01-27 23:30:00,73.948
2014-01-27 23:35:00,75.876
2014-01-27 23:40:00,73.548
2014-01-27 23:45:00,74.577
2014-01-27 23:50:00,74.611
2014-01-27 23:55:00,73.751
2014-01-28 00:00:00,73.558
2014-01-28 00:05:00,77.287
2014-01-28 00:10:00,74.915
2014-01-28 00:15:00,75.541
2014-01-28 00:20:00,77.62
2014-01-28 00:25:00,75.459
2014-01-28 00:30:00,76.863
2014-01-28 00:35:00,76.223
2014-01-28 00:40:00,78.138
2014-01-28 00:45:00,77.909
2014-01-28 00:50:00,76.93
2014-01-28 00:55:00,76.659
2014-01-28 01:00:00,77.337
2014-01-28 01:05:00,78.568
2014-01-28 01:10:00,77.243
2014-01-28 01:15:00,77.759
2014-01-28 01:20:00,77.716
2014-01-28 01:25:00,78.524
2014-01-28 01:30:00,77.359
2014-01-28 01:35:00,77.715
2014-01-28 01:40:00,75.413
2014-01-28 01:45:00,76.476
2014-01-28 01:50:00,78.628
2014-01-28 01:55:00,78.867
2014-01-28 02:00:00,78.932
2014-01-28 02:05:00,76.095
2014-01-28 02:10:00,77.098
2014-01-28 02:15:00,78.359
2014-01-28 02:20:00,79.61
2014-01-28 02:25:00,76.808
2014-01-28 02:30:00,77.947
2014-01-28 02:35:00,76.411
2014-01-28 02:40:00,76.685
2014-01-28 02:45:00,78.943
2014-01-28 02:50:00,79.073
2014-01-28 02:55:00,74.755
2014-01-28 03:00:00,78.88
2014-01-28 03:05:00,78.449
2014-01-28 03:10:00,77.135
2014-01-28 03:15:00,77.323
2014-01-28 03:20:00,77.871
2014-01-28 03:25:00,78.139
2014-01-28 03:30:00,78.142
2014-01-28 03:35:00,78.182
2014-01-28 03:40:00,79.221
2014-01-28 03:45:00,79.179
2014-01-28 03:50:00,76.995
2014-01-28 03:55:00,78.453
2014-01-28 04:00:00,76.42
2014-01-28 04:05:00,77.054
2014-01-28 04:10:00,79.852
2014-01-28 04:15:00,76.459
2014-01-28 04:20:00,76.912
2014-01-28 04:25:00,80.598
2014-01-28 04:30:00,78.089
2014-01-28 04:35:00,77.933
2014-01-28 04:40:00,77.444
2014-01-28 04:45:00,78.382
2014-01-28 04:50:00,79.746
2014-01-28 04:55:00,78.681
2014-01-28 05:00:00,77.071
2014-01-28 05:05:00,78.03
2014-01-28 05:10:00,77.555
2014-01-28 05:15:00,77.474
2014-01-28 05:20:00,78.964
2014-01-28 05:25:00,78.243
2014-01-28 05:30:00,77.862
2014-01-28 05:35:00,77.288
2014-01-28 05:40:00,76.849
2014-01-28 05:45:00,78.294
2014-01-28 05:50:00,79.123
2014-01-28 05:55:00,76.585
2014-01-28 06:00:00,77.659
2014-01-28 06:05:00,76.927
2014-01-28 06:10:00,76.922
2014-01-28 06:15:00,77.177
2014-01-28 06:20:00,76.801
2014-01-28 06:25:00,76.848
2014-01-28 06:30:00,76.108
2014-01-28 06:35:00,75.756
2014-01-28 06:40:00,75.976
2014-01-28 06:45:00,74.456
2014-01-28 06:50:00,74.933
2014-01-28 06:55:00,77.154
2014-01-28 07:00:00,75.937
2014-01-28 07:05:00,72.387
2014-01-28 07:10:00,75.136
2014-01-28 07:15:00,74.699
2014-01-28 07:20:00,72.52
2014-01-28 07:25:00,75.085
2014-01-28 07:30:00,74.95
2014-01-28 07:35:00,72.186
2014-01-28 07:40:00,73.504
2014-01-28 07:45:00,72.797
2014-01-28 07:50:00,72.567
2014-01-28 07:55:00,75.381
2014-01-28 08:00:00,72.829
2014-01-28 08:05:00,74.085
2014-01-28 08:10:00,72.038
2014-01-28 08:15:00,72.356
2014-01-28 08:20:00,72.536
2014-01-28 08:25:00,73.38
2014-01-28 08:30:00,72.835
2014-01-28 08:35:00,68.307
2014-01-28 08:40:00,71.627
2014-01-28 08:45:00,72.411
2014-01-28 08:50:00,69.477
2014-01-28 08:55:00,69.61
2014-01-28 09:00:00,69.501
2014-01-28 09:05:00,69.168
2014-01-28 09:10:00,68.958
2014-01-28 09:15:00,69.275
2014-01-28 09:20:00,70.226
2014-01-28 09:25:00,68.424
2014-01-28 09:30:00,69.843
2014-01-28 09:35:00,70.214
2014-01-28 09:40:00,73.289
2014-01-28 09:45:00,68.535
2014-01-28 09:50:00,70.704
2014-01-28 09:55:00,66.946
2014-01-28 10:00:00,70.371
2014-01-28 10:05:00,68.43
2014-01-28 10:10:00,69.733
2014-01-28 10:15:00,69.271
2014-01-28 10:20:00,68.375
2014-01-28 10:25:00,68.038
2014-01-28 10:30:00,69.167
2014-01-28 10:35:00,67.535
2014-01-28 10:40:00,69.686
2014-01-28 10:45:00,69.177
2014-01-28 10:50:00,68.811
2014-01-28 10:55:00,67.285
2014-01-28 11:00:00,65.662
2014-01-28 11:05:00,69.003
2014-01-28 11:10:00,67.805
2014-01-28 11:15:00,65.875
2014-01-28 11:20:00,67.014
2014-01-28 11:25:00,66.328
2014-01-28 11:30:00,65.46
2014-01-28 11:35:00,66.053
2014-01-28 11:40:00,65.247
2014-01-28 11:45:00,66.601
2014-01-28 11:50:00,66.238
2014-01-28 11:55:00,65.725
2014-01-28 12:00:00,65.382
2014-01-28 12:05:00,66.388
2014-01-28 12:10:00,64.232
2014-01-28 12:15:00,65.698
2014-01-28 12:20:00,63.132
2014-01-28 12:25:00,65.454
2014-01-28 12:30:00,66.07
2014-01-28 12:35:00,63.359
2014-01-28 12:40:00,65.854
2014-01-28 12:45:00,65.764
2014-01-28 12:50:00,65.674
2014-01-28 12:55:00,64.481
2014-01-28 13:00:00,65.615
2014-01-28 13:05:00,65.668
2014-01-28 13:10:00,64.757
2014-01-28 13:15:00,65.734
2014-01-28 13:20:00,64.608
2014-01-28 13:25:00,63.451
2014-01-28 13:30:00,63.14
2014-01-28 13:35:00,64.866
2014-01-28 13:40:00,64.942
2014-01-28 13:45:00,63.107
2014-01-28 13:50:00,63.342
2014-01-28 13:55:00,63.336
2014-01-28 14:00:00,64.72
2014-01-28 14:05:00,61.849
2014-01-28 14:10:00,65.2
2014-01-28 14:15:00,63.896
2014-01-28 14:20:00,61.5
2014-01-28 14:25:00,62.186
2014-01-28 14:30:00,62.909
2014-01-28 14:35:00,62.945
2014-01-28 14:40:00,63.312
2014-01-28 14:45:00,63.514
2014-01-28 14:50:00,62.363
2014-01-28 14:55:00,65.371
2014-01-28 15:00:00,63.441
2014-01-28 15:05:00,62.776
2014-01-28 15:10:00,64.413
2014-01-28 15:15:00,61.921
2014-01-28 15:20:00,64.773
2014-01-28 15:25:00,61.908
2014-01-28 15:30:00,65.419
2014-01-28 15:35:00,61.407
2014-01-28 15:40:00,62.412
2014-01-28 15:45:00,62.966
2014-01-28 15:50:00,64.355
2014-01-28 15:55:00,63.79
2014-01-28 16:00:00,65.501
2014-01-28 16:05:00,63.584
2014-01-28 16:10:00,63.256
2014-01-28 16:15:00,65.188
2014-01-28 16:20:00,65.363
2014-01-28 16:25:00,62.218
2014-01-28 16:30:00,65.314
2014-01-28 16:35:00,65.298
2014-01-28 16:40:00,62.396
2014-01-28 16:45:00,64.408
2014-01-28 16:50:00,63.407
2014-01-28 16:55:00,62.466
2014-01-28 17:00:00,65.082
2014-01-28 17:05:00,65.392
2014-01-28 17:10:00,64.745
2014-01-28 17:15:00,63.605
2014-01-28 17:20:00,65.945
2014-01-28 17:25:00,64.675
2014-01-28 17:30:00,65.117
2014-01-28 17:35:00,64.213
2014-01-28 17:40:00,63.239
2014-01-28 17:45:00,65.453
2014-01-28 17:50:00,65.805
2014-01-28 17:55:00,65.723
2014-01-28 18:00:00,66.278
2014-01-28 18:05:00,67.597
2014-01-28 18:10:00,65.14
2014-01-28 18:15:00,63.528
2014-01-28 18:20:00,66.967
2014-01-28 18:25:00,65.549
2014-01-28 18:30:00,64.876
2014-01-28 18:35:00,64.631
2014-01-28 18:40:00,67.614
2014-01-28 18:45:00,65.667
2014-01-28 18:50:00,65.935
2014-01-28 18:55:00,67.456
2014-01-28 19:00:00,67.463
2014-01-28 19:05:00,67.019
2014-01-28 19:10:00,66.779
2014-01-28 19:15:00,65.228
2014-01-28 19:20:00,69.932
2014-01-28 19:25:00,64.776
2014-01-28 19:30:00,67.877
2014-01-28 19:35:00,66.686
2014-01-28 19:40:00,67.963
2014-01-28 19:45:00,68.108
2014-01-28 19:50:00,68.869
2014-01-28 19:55:00,68.984
2014-01-28 20:00:00,65.595
2014-01-28 20:05:00,70.458
2014-01-28 20:10:00,69.401
2014-01-28 20:15:00,68.247
2014-01-28 20:20:00,69.496
2014-01-28 20:25:00,68.891
2014-01-28 20:30:00,66.367
2014-01-28 20:35:00,71.841
2014-01-28 20:40:00,72.079
2014-01-28 20:45:00,71.248
2014-01-28 20:50:00,72.102
2014-01-28 20:55:00,72.065
2014-01-28 21:00:00,70.563
2014-01-28 21:05:00,71.251
2014-01-28 21:10:00,71.191
2014-01-28 21:15:00,71.982
2014-01-28 21:20:00,70.506
2014-01-28 21:25:00,73.149
2014-01-28 21:30:00,72.054
2014-01-28 21:35:00,72.217
2014-01-28 21:40:00,73.17
2014-01-28 21:45:00,72.812
2014-01-28 21:50:00,72.366
2014-01-28 21:55:00,72.653
2014-01-28 22:00:00,70.485
2014-01-28 22:05:00,74.723
2014-01-28 22:10:00,73.992
2014-01-28 22:15:00,73.949
2014-01-28 22:20:00,75.86
2014-01-28 22:25:00,73.167
2014-01-28 22:30:00,74.307
2014-01-28 22:35:00,73.455
2014-01-28 22:40:00,75.846
2014-01-28 22:45:00,73.181
2014-01-28 22:50:00,76.175
2014-01-28 22:55:00,76.475
2014-01-28 23:00:00,75.634
2014-01-28 23:05:00,77.021
2014-01-28 23:10:00,75.216
2014-01-28 23:15:00,75.015
2014-01-28 23:20:00,76.498
2014-01-28 23:25:00,74.929
2014-01-28 23:30:00,76.016
2014-01-28 23:35:00,77.349
2014-01-28 23:40:00,77.473
2014-01-28 23:45:00,76.554
2014-01-28 23:50:00,75.264
2014-01-28 23:55:00,77.645
2014-01-29 00:00:00,76.172
2014-01-29 00:05:00,77.136
2014-01-29 00:10:00,74.285
2014-01-29 00:15:00,79.073
2014-01-29 00:20:00,78.001
2014-01-29 00:25:00,76.673
2014-01-29 00:30:00,78.159
2014-01-29 00:35:00,76.662
2014-01-29 00:40:00,79.239
2014-01-29 00:45:00,77.704
2014-01-29 00:50:00,78.74
2014-01-29 00:55:00,79.083
2014-01-29 01:00:00,80.709
2014-01-29 01:05:00,80.68
2014-01-29 01:10:00,80.427
2014-01-29 01:15:00,79.734
2014-01-29 01:20:00,80.311
2014-01-29 01:25:00,76.889
2014-01-29 01:30:00,79.583
2014-01-29 01:35:00,77.523
2014-01-29 01:40:00,77.776
2014-01-29 01:45:00,80.94
2014-01-29 01:50:00,78.95
2014-01-29 01:55:00,77.673
2014-01-29 02:00:00,77.816
2014-01-29 02:05:00,80.502
2014-01-29 02:10:00,80.101
2014-01-29 02:15:00,79.796
2014-01-29 02:20:00,77.524
2014-01-29 02:25:00,79.629
2014-01-29 02:30:00,80.622
2014-01-29 02:35:00,78.413
2014-01-29 02:40:00,78.155
2014-01-29 02:45:00,79.418
2014-01-29 02:50:00,79.761
2014-01-29 02:55:00,80.789
2014-01-29 03:00:00,78.648
2014-01-29 03:05:00,79.257
2014-01-29 03:10:00,80.3
2014-01-29 03:15:00,81.024
2014-01-29 03:20:00,80.404
2014-01-29 03:25:00,79.409
2014-01-29 03:30:00,78.086
2014-01-29 03:35:00,81.939
2014-01-29 03:40:00,80.634
2014-01-29 03:45:00,78.819
2014-01-29 03:50:00,78.989
2014-01-29 03:55:00,79.708
2014-01-29 04:00:00,80.022
2014-01-29 04:05:00,78.827
2014-01-29 04:10:00,81.1
2014-01-29 04:15:00,81.169
2014-01-29 04:20:00,79.857
2014-01-29 04:25:00,79.698
2014-01-29 04:30:00,78.581
2014-01-29 04:35:00,79.087
2014-01-29 04:40:00,77.909
2014-01-29 04:45:00,80.269
2014-01-29 04:50:00,80.498
2014-01-29 04:55:00,79.403
2014-01-29 05:00:00,81.339
2014-01-29 05:05:00,79.089
2014-01-29 05:10:00,78.748
2014-01-29 05:15:00,80.291
2014-01-29 05:20:00,76.838
2014-01-29 05:25:00,79.077
2014-01-29 05:30:00,76.605
2014-01-29 05:35:00,76.53
2014-01-29 05:40:00,78.149
2014-01-29 05:45:00,77.14
2014-01-29 05:50:00,78.941
2014-01-29 05:55:00,77.414
2014-01-29 06:00:00,80.431
2014-01-29 06:05:00,78.389
2014-01-29 06:10:00,76.742
2014-01-29 06:15:00,77.976
2014-01-29 06:20:00,78.233
2014-01-29 06:25:00,79.891
2014-01-29 06:30:00,75.674
2014-01-29 06:35:00,76.945
2014-01-29 06:40:00,78.169
2014-01-29 06:45:00,77.148
2014-01-29 06:50:00,75.9
2014-01-29 06:55:00,75.383
2014-01-29 07:00:00,76.102
2014-01-29 07:05:00,77.698
2014-01-29 07:10:00,76.716
2014-01-29 07:15:00,76.292
2014-01-29 07:20:00,77.596
2014-01-29 07:25:00,75.408
2014-01-29 07:30:00,75.386
2014-01-29 07:35:00,74.514
2014-01-29 07:40:00,73.287
2014-01-29 07:45:00,75.54
2014-01-29 07:50:00,73.126
2014-01-29 07:55:00,74.753
2014-01-29 08:00:00,76.111
2014-01-29 08:05:00,75.133
2014-01-29 08:10:00,75.226
2014-01-29 08:15:00,72.237
2014-01-29 08:20:00,73.809
2014-01-29 08:25:00,75.043
2014-01-29 08:30:00,72.106
2014-01-29 08:35:00,73.844
2014-01-29 08:40:00,71.69
2014-01-29 08:45:00,71.562
2014-01-29 08:50:00,73.532
2014-01-29 08:55:00,71.948
2014-01-29 09:00:00,72.406
2014-01-29 09:05:00,73.688
2014-01-29 09:10:00,70.922
2014-01-29 09:15:00,75.467
2014-01-29 09:20:00,73.193
2014-01-29 09:25:00,70.981
2014-01-29 09:30:00,72.881
2014-01-29 09:35:00,72.179
2014-01-29 09:40:00,72.102
2014-01-29 09:45:00,70.715
2014-01-29 09:50:00,72.038
2014-01-29 09:55:00,71.329
2014-01-29 10:00:00,71.288
2014-01-29 10:05:00,70.737
2014-01-29 10:10:00,70.18
2014-01-29 10:15:00,69.68
2014-01-29 10:20:00,68.121
2014-01-29 10:25:00,69.545
2014-01-29 10:30:00,68.221
2014-01-29 10:35:00,69.218
2014-01-29 10:40:00,70.019
2014-01-29 10:45:00,70.78
2014-01-29 10:50:00,67.472
2014-01-29 10:55:00,67.637
2014-01-29 11:00:00,67.144
2014-01-29 11:05:00,68.74
2014-01-29 11:10:00,68.879
2014-01-29 11:15:00,67.468
2014-01-29 11:20:00,67.596
2014-01-29 11:25:00,71.128
2014-01-29 11:30:00,67.007
2014-01-29 11:35:00,66.632
2014-01-29 11:40:00,66.061
2014-01-29 11:45:00,65.392
2014-01-29 11:50:00,68.365
2014-01-29 11:55:00,68.298
2014-01-29 12:00:00,66.173
2014-01-29 12:05:00,68.021
2014-01-29 12:10:00,66.304
2014-01-29 12:15:00,65.95
2014-01-29 12:20:00,66.174
2014-01-29 12:25:00,63.687
2014-01-29 12:30:00,64.691
2014-01-29 12:35:00,66.163
2014-01-29 12:40:00,66.282
2014-01-29 12:45:00,65.728
2014-01-29 12:50:00,65.35
2014-01-29 12:55:00,65.754
2014-01-29 13:00:00,67.837
2014-01-29 13:05:00,67.077
2014-01-29 13:10:00,65.343
2014-01-29 13:15:00,64.101
2014-01-29 13:20:00,65.822
2014-01-29 13:25:00,66.879
2014-01-29 13:30:00,66.558
2014-01-29 13:35:00,63.052
2014-01-29 13:40:00,64.59
2014-01-29 13:45:00,63.879
2014-01-29 13:50:00,63.19
2014-01-29 13:55:00,64.921
2014-01-29 14:00:00,63.121
2014-01-29 14:05:00,64.232
2014-01-29 14:10:00,64.436
2014-01-29 14:15:00,65.14
2014-01-29 14:20:00,64.732
2014-01-29 14:25:00,62.696
2014-01-29 14:30:00,65.69
2014-01-29 14:35:00,63.475
2014-01-29 14:40:00,66.693
2014-01-29 14:45:00,64.209
2014-01-29 14:50:00,65.564
2014-01-29 14:55:00,65.597
2014-01-29 15:00:00,63.263
2014-01-29 15:05:00,63.688
2014-01-29 15:10:00,63.61
2014-01-29 15:15:00,63.627
2014-01-29 15:20:00,63.978
2014-01-29 15:25:00,62.76
2014-01-29 15:30:00,64.154
2014-01-29 15:35:00,64.046
2014-01-29 15:40:00,61.684
2014-01-29 15:45:00,63.57
2014-01-29 15:50:00,63.479
2014-01-29 15:55:00,63.244
2014-01-29 16:00:00,66.395
2014-01-29 16:05:00,62.265
2014-01-29 16:10:00,63.029
2014-01-29 16:15:00,64.351
2014-01-29 16:20:00,64.008
2014-01-29 16:25:00,65.025
2014-01-29 16:30:00,66.382
2014-01-29 16:35:00,66.746
2014-01-29 16:40:00,64.783
2014-01-29 16:45:00,63.978
2014-01-29 16:50:00,65.105
2014-01-29 16:55:00,63.235
2014-01-29 17:00:00,66.429
2014-01-29 17:05:00,67.677
2014-01-29 17:10:00,63.951
2014-01-29 17:15:00,63.972
2014-01-29 17:20:00,64.476
2014-01-29 17:25:00,65.459
2014-01-29 17:30:00,65.449
2014-01-29 17:35:00,64.959
2014-01-29 17:40:00,64.349
2014-01-29 17:45:00,67.401
2014-01-29 17:50:00,65.444
2014-01-29 17:55:00,65.396
2014-01-29 18:00:00,66.223
2014-01-29 18:05:00,67.817
2014-01-29 18:10:00,66.351
2014-01-29 18:15:00,67.205
2014-01-29 18:20:00,65.946
2014-01-29 18:25:00,67.028
2014-01-29 18:30:00,66.981
2014-01-29 18:35:00,68.886
2014-01-29 18:40:00,63.788
2014-01-29 18:45:00,67.267
2014-01-29 18:50:00,68.217
2014-01-29 18:55:00,67.925
2014-01-29 19:00:00,66.135
2014-01-29 19:05:00,69.017
2014-01-29 19:10:00,68.807
2014-01-29 19:15:00,69.396
2014-01-29 19:20:00,67.377
2014-01-29 19:25:00,68.472
2014-01-29 19:30:00,67.099
2014-01-29 19:35:00,68.386
2014-01-29 19:40:00,68.721
2014-01-29 19:45:00,69.202
2014-01-29 19:50:00,67.064
2014-01-29 19:55:00,67.865
2014-01-29 20:00:00,70.042
2014-01-29 20:05:00,69.38
2014-01-29 20:10:00,70.363
2014-01-29 20:15:00,68.377
2014-01-29 20:20:00,69.73
2014-01-29 20:25:00,69.722
2014-01-29 20:30:00,69.911
2014-01-29 20:35:00,68.925
2014-01-29 20:40:00,69.433
2014-01-29 20:45:00,69.441
2014-01-29 20:50:00,70.824
2014-01-29 20:55:00,69.9
2014-01-29 21:00:00,70.912
2014-01-29 21:05:00,71.206
2014-01-29 21:10:00,71.324
2014-01-29 21:15:00,70.163
2014-01-29 21:20:00,71.792
2014-01-29 21:25:00,70.97
2014-01-29 21:30:00,70.849
2014-01-29 21:35:00,72.91
2014-01-29 21:40:00,72.946
2014-01-29 21:45:00,73.399
2014-01-29 21:50:00,71.956
2014-01-29 21:55:00,71.82
2014-01-29 22:00:00,75.251
2014-01-29 22:05:00,71.348
2014-01-29 22:10:00,72.756
2014-01-29 22:15:00,75.598
2014-01-29 22:20:00,74.405
2014-01-29 22:25:00,76.348
2014-01-29 22:30:00,76.55
2014-01-29 22:35:00,76.326
2014-01-29 22:40:00,76.657
2014-01-29 22:45:00,75.083
2014-01-29 22:50:00,74.016
2014-01-29 22:55:00,76.289
2014-01-29 23:00:00,74.079
2014-01-29 23:05:00,73.608
2014-01-29 23:10:00,74.704
2014-01-29 23:15:00,75.991
2014-01-29 23:20:00,76.25
2014-01-29 23:25:00,77.714
2014-01-29 23:30:00,76.138
2014-01-29 23:35:00,79.368
2014-01-29 23:40:00,76.738
2014-01-29 23:45:00,77.689
2014-01-29 23:50:00,76.213
2014-01-29 23:55:00,77.337
2014-01-30 00:00:00,77.527
2014-01-30 00:05:00,76.244
2014-01-30 00:10:00,77.685
2014-01-30 00:15:00,76.359
2014-01-30 00:20:00,80.436
2014-01-30 00:25:00,76.496
2014-01-30 00:30:00,78.221
2014-01-30 00:35:00,77.52
2014-01-30 00:40:00,76.395
2014-01-30 00:45:00,78.874
2014-01-30 00:50:00,79.092
2014-01-30 00:55:00,76.741
2014-01-30 01:00:00,77.263
2014-01-30 01:05:00,80.087
2014-01-30 01:10:00,79.726
2014-01-30 01:15:00,79.562
2014-01-30 01:20:00,77.564
2014-01-30 01:25:00,78.642
2014-01-30 01:30:00,80.644
2014-01-30 01:35:00,76.721
2014-01-30 01:40:00,77.614
2014-01-30 01:45:00,78.55
2014-01-30 01:50:00,79.596
2014-01-30 01:55:00,81.179
2014-01-30 02:00:00,81.64
2014-01-30 02:05:00,78.661
2014-01-30 02:10:00,80.895
2014-01-30 02:15:00,77.48
2014-01-30 02:20:00,80.288
2014-01-30 02:25:00,81.592
2014-01-30 02:30:00,77.875
2014-01-30 02:35:00,79.526
2014-01-30 02:40:00,81.665
2014-01-30 02:45:00,79.684
2014-01-30 02:50:00,80.403
2014-01-30 02:55:00,80.274
2014-01-30 03:00:00,78.801
2014-01-30 03:05:00,79.425
2014-01-30 03:10:00,81.136
2014-01-30 03:15:00,80.337
2014-01-30 03:20:00,78.892
2014-01-30 03:25:00,79.904
2014-01-30 03:30:00,79.163
2014-01-30 03:35:00,80.133
2014-01-30 03:40:00,79.192
2014-01-30 03:45:00,80.36
2014-01-30 03:50:00,78.738
2014-01-30 03:55:00,80.573
2014-01-30 04:00:00,77.971
2014-01-30 04:05:00,81.526
2014-01-30 04:10:00,79.763
2014-01-30 04:15:00,80.612
2014-01-30 04:20:00,79.915
2014-01-30 04:25:00,81.682
2014-01-30 04:30:00,78.175
2014-01-30 04:35:00,76.789
2014-01-30 04:40:00,80.787
2014-01-30 04:45:00,78.342
2014-01-30 04:50:00,79.279
2014-01-30 04:55:00,80.523
2014-01-30 05:00:00,80.672
2014-01-30 05:05:00,78.097
2014-01-30 05:10:00,78.89
2014-01-30 05:15:00,79.46
2014-01-30 05:20:00,79.882
2014-01-30 05:25:00,77.569
2014-01-30 05:30:00,80.066
2014-01-30 05:35:00,78.301
2014-01-30 05:40:00,78.05
2014-01-30 05:45:00,79.293
2014-01-30 05:50:00,78.72
2014-01-30 05:55:00,79.917
2014-01-30 06:00:00,76.973
2014-01-30 06:05:00,78.35
2014-01-30 06:10:00,79.148
2014-01-30 06:15:00,77.168
2014-01-30 06:20:00,76.351
2014-01-30 06:25:00,77.912
2014-01-30 06:30:00,77.904
2014-01-30 06:35:00,74.673
2014-01-30 06:40:00,78.474
2014-01-30 06:45:00,78.441
2014-01-30 06:50:00,75.421
2014-01-30 06:55:00,75.294
2014-01-30 07:00:00,77.091
2014-01-30 07:05:00,76.999
2014-01-30 07:10:00,76.21
2014-01-30 07:15:00,73.937
2014-01-30 07:20:00,74.787
2014-01-30 07:25:00,75.838
2014-01-30 07:30:00,75.014
2014-01-30 07:35:00,72.113
2014-01-30 07:40:00,73.391
2014-01-30 07:45:00,72.915
2014-01-30 07:50:00,73.048
2014-01-30 07:55:00,74.795
2014-01-30 08:00:00,73.813
2014-01-30 08:05:00,74.228
2014-01-30 08:10:00,73.386
2014-01-30 08:15:00,73.873
2014-01-30 08:20:00,73.96
2014-01-30 08:25:00,74.778
2014-01-30 08:30:00,71.804
2014-01-30 08:35:00,73.296
2014-01-30 08:40:00,74.997
2014-01-30 08:45:00,72.739
2014-01-30 08:50:00,72.072
2014-01-30 08:55:00,71.551
2014-01-30 09:00:00,71.76
2014-01-30 09:05:00,72.371
2014-01-30 09:10:00,71.836
2014-01-30 09:15:00,70.621
2014-01-30 09:20:00,71.828
2014-01-30 09:25:00,74.204
2014-01-30 09:30:00,71.306
2014-01-30 09:35:00,70.776
2014-01-30 09:40:00,72.535
2014-01-30 09:45:00,71.005
2014-01-30 09:50:00,70.281
2014-01-30 09:55:00,68.039
2014-01-30 10:00:00,69.912
2014-01-30 10:05:00,68.804
2014-01-30 10:10:00,69.214
2014-01-30 10:15:00,68.861
2014-01-30 10:20:00,71.383
2014-01-30 10:25:00,70.086
2014-01-30 10:30:00,70.135
2014-01-30 10:35:00,67.186
2014-01-30 10:40:00,68.914
2014-01-30 10:45:00,66.276
2014-01-30 10:50:00,67.2
2014-01-30 10:55:00,67.559
2014-01-30 11:00:00,68.275
2014-01-30 11:05:00,67.647
2014-01-30 11:10:00,70.625
2014-01-30 11:15:00,67.59
2014-01-30 11:20:00,66.078
2014-01-30 11:25:00,66.83
2014-01-30 11:30:00,63.99
2014-01-30 11:35:00,67.246
2014-01-30 11:40:00,65.324
2014-01-30 11:45:00,67.429
2014-01-30 11:50:00,67.484
2014-01-30 11:55:00,67.028
2014-01-30 12:00:00,64.091
2014-01-30 12:05:00,68.262
2014-01-30 12:10:00,67.169
2014-01-30 12:15:00,65.686
2014-01-30 12:20:00,65.177
2014-01-30 12:25:00,65.489
2014-01-30 12:30:00,65.752
2014-01-30 12:35:00,64.348
2014-01-30 12:40:00,66.389
2014-01-30 12:45:00,64.389
2014-01-30 12:50:00,64.387
2014-01-30 12:55:00,65.375
2014-01-30 13:00:00,65.954
2014-01-30 13:05:00,63.698
2014-01-30 13:10:00,67.579
2014-01-30 13:15:00,64.839
2014-01-30 13:20:00,62.448
2014-01-30 13:25:00,62.903
2014-01-30 13:30:00,64.728
2014-01-30 13:35:00,64.748
2014-01-30 13:40:00,63.409
2014-01-30 13:45:00,64.417
2014-01-30 13:50:00,63.375
2014-01-30 13:55:00,62.603
2014-01-30 14:00:00,63.514
2014-01-30 14:05:00,63.467
2014-01-30 14:10:00,65.121
2014-01-30 14:15:00,64.81
2014-01-30 14:20:00,63.837
2014-01-30 14:25:00,64.008
2014-01-30 14:30:00,64.863
2014-01-30 14:35:00,67.43
2014-01-30 14:40:00,63.114
2014-01-30 14:45:00,65.493
2014-01-30 14:50:00,61.564
2014-01-30 14:55:00,61.787
2014-01-30 15:00:00,63.247
2014-01-30 15:05:00,64.292
2014-01-30 15:10:00,63.042
2014-01-30 15:15:00,63.622
2014-01-30 15:20:00,65.923
2014-01-30 15:25:00,63.746
2014-01-30 15:30:00,61.632
2014-01-30 15:35:00,63.976
2014-01-30 15:40:00,62.278
2014-01-30 15:45:00,63.528
2014-01-30 15:50:00,63.591
2014-01-30 15:55:00,62.673
2014-01-30 16:00:00,64.482
2014-01-30 16:05:00,62.48
2014-01-30 16:10:00,63.753
2014-01-30 16:15:00,64.538
2014-01-30 16:20:00,63.853
2014-01-30 16:25:00,62.732
2014-01-30 16:30:00,62.832
2014-01-30 16:35:00,62.856
2014-01-30 16:40:00,64.616
2014-01-30 16:45:00,63.974
2014-01-30 16:50:00,64.563
2014-01-30 16:55:00,64.625
2014-01-30 17:00:00,62.53
2014-01-30 17:05:00,62.996
2014-01-30 17:10:00,63.844
2014-01-30 17:15:00,64.255
2014-01-30 17:20:00,63.714
2014-01-30 17:25:00,62.509
2014-01-30 17:30:00,64.537
2014-01-30 17:35:00,64.337
2014-01-30 17:40:00,62.885
2014-01-30 17:45:00,62.712
2014-01-30 17:50:00,63.37
2014-01-30 17:55:00,65.362
2014-01-30 18:00:00,65.359
2014-01-30 18:05:00,66.862
2014-01-30 18:10:00,66.517
2014-01-30 18:15:00,65.907
2014-01-30 18:20:00,65.334
2014-01-30 18:25:00,65.884
2014-01-30 18:30:00,65.753
2014-01-30 18:35:00,65.425
2014-01-30 18:40:00,66.914
2014-01-30 18:45:00,67.861
2014-01-30 18:50:00,65.654
2014-01-30 18:55:00,68.195
2014-01-30 19:00:00,67.193
2014-01-30 19:05:00,66.842
2014-01-30 19:10:00,67.085
2014-01-30 19:15:00,66.763
2014-01-30 19:20:00,66.016
2014-01-30 19:25:00,67.52
2014-01-30 19:30:00,69.648
2014-01-30 19:35:00,69.29
2014-01-30 19:40:00,66.983
2014-01-30 19:45:00,68.555
2014-01-30 19:50:00,68.436
2014-01-30 19:55:00,68.719
2014-01-30 20:00:00,68.382
2014-01-30 20:05:00,69.39
2014-01-30 20:10:00,69.669
2014-01-30 20:15:00,68.032
2014-01-30 20:20:00,70.991
2014-01-30 20:25:00,66.965
2014-01-30 20:30:00,68.379
2014-01-30 20:35:00,70.178
2014-01-30 20:40:00,69.947
2014-01-30 20:45:00,67.949
2014-01-30 20:50:00,71.11
2014-01-30 20:55:00,70.618
2014-01-30 21:00:00,70.124
2014-01-30 21:05:00,71.169
2014-01-30 21:10:00,71.235
2014-01-30 21:15:00,70.722
2014-01-30 21:20:00,70.287
2014-01-30 21:25:00,73.466
2014-01-30 21:30:00,69.211
2014-01-30 21:35:00,70.512
2014-01-30 21:40:00,70.201
2014-01-30 21:45:00,71.775
2014-01-30 21:50:00,73.743
2014-01-30 21:55:00,71.986
2014-01-30 22:00:00,72.171
2014-01-30 22:05:00,71.934
2014-01-30 22:10:00,75.642
2014-01-30 22:15:00,70.831
2014-01-30 22:20:00,73.131
2014-01-30 22:25:00,72.537
2014-01-30 22:30:00,71.134
2014-01-30 22:35:00,72.034
2014-01-30 22:40:00,74.014
2014-01-30 22:45:00,75.535
2014-01-30 22:50:00,73.188
2014-01-30 22:55:00,73.167
2014-01-30 23:00:00,73.673
2014-01-30 23:05:00,75.292
2014-01-30 23:10:00,74.737
2014-01-30 23:15:00,74.733
2014-01-30 23:20:00,74.432
2014-01-30 23:25:00,76.214
2014-01-30 23:30:00,75.231
2014-01-30 23:35:00,76.91
2014-01-30 23:40:00,74.989
2014-01-30 23:45:00,77.595
2014-01-30 23:50:00,75.308
2014-01-30 23:55:00,77.658
2014-01-31 00:00:00,76.094
2014-01-31 00:05:00,75.995
2014-01-31 00:10:00,76.154
2014-01-31 00:15:00,74.681
2014-01-31 00:20:00,78.739
2014-01-31 00:25:00,77.463
2014-01-31 00:30:00,75.779
2014-01-31 00:35:00,74.908
2014-01-31 00:40:00,76.794
2014-01-31 00:45:00,77.0
2014-01-31 00:50:00,76.634
2014-01-31 00:55:00,75.542
2014-01-31 01:00:00,76.812
2014-01-31 01:05:00,79.874
2014-01-31 01:10:00,75.829
2014-01-31 01:15:00,78.603
2014-01-31 01:20:00,77.532
2014-01-31 01:25:00,75.779
2014-01-31 01:30:00,76.068
2014-01-31 01:35:00,78.912
2014-01-31 01:40:00,77.6
2014-01-31 01:45:00,78.001
2014-01-31 01:50:00,77.109
2014-01-31 01:55:00,76.97
2014-01-31 02:00:00,79.217
2014-01-31 02:05:00,78.847
2014-01-31 02:10:00,79.109
2014-01-31 02:15:00,78.624
2014-01-31 02:20:00,78.463
2014-01-31 02:25:00,79.833
2014-01-31 02:30:00,77.994
2014-01-31 02:35:00,76.848
2014-01-31 02:40:00,77.586
2014-01-31 02:45:00,77.397
2014-01-31 02:50:00,79.188
2014-01-31 02:55:00,80.358
2014-01-31 03:00:00,77.295
2014-01-31 03:05:00,79.857
2014-01-31 03:10:00,78.994
2014-01-31 03:15:00,78.165
2014-01-31 03:20:00,77.099
2014-01-31 03:25:00,80.205
2014-01-31 03:30:00,78.916
2014-01-31 03:35:00,78.462
2014-01-31 03:40:00,79.735
2014-01-31 03:45:00,78.146
2014-01-31 03:50:00,80.111
2014-01-31 03:55:00,77.65
2014-01-31 04:00:00,75.298
2014-01-31 04:05:00,77.377
2014-01-31 04:10:00,76.82
2014-01-31 04:15:00,77.715
2014-01-31 04:20:00,79.582
2014-01-31 04:25:00,79.122
2014-01-31 04:30:00,77.662
2014-01-31 04:35:00,77.879
2014-01-31 04:40:00,77.886
2014-01-31 04:45:00,76.561
2014-01-31 04:50:00,77.719
2014-01-31 04:55:00,77.979
2014-01-31 05:00:00,76.919
2014-01-31 05:05:00,77.01
2014-01-31 05:10:00,78.06
2014-01-31 05:15:00,75.714
2014-01-31 05:20:00,75.461
2014-01-31 05:25:00,77.777
2014-01-31 05:30:00,77.298
2014-01-31 05:35:00,76.157
2014-01-31 05:40:00,77.351
2014-01-31 05:45:00,77.223
2014-01-31 05:50:00,76.04
2014-01-31 05:55:00,77.55
2014-01-31 06:00:00,77.176
2014-01-31 06:05:00,76.307
2014-01-31 06:10:00,76.399
2014-01-31 06:15:00,77.006
2014-01-31 06:20:00,78.432
2014-01-31 06:25:00,75.415
2014-01-31 06:30:00,74.828
2014-01-31 06:35:00,75.593
2014-01-31 06:40:00,74.202
2014-01-31 06:45:00,75.339
2014-01-31 06:50:00,74.552
2014-01-31 06:55:00,74.738
2014-01-31 07:00:00,74.308
2014-01-31 07:05:00,76.929
2014-01-31 07:10:00,74.937
2014-01-31 07:15:00,72.56
2014-01-31 07:20:00,74.843
2014-01-31 07:25:00,73.752
2014-01-31 07:30:00,73.769
2014-01-31 07:35:00,73.64
2014-01-31 07:40:00,71.849
2014-01-31 07:45:00,74.401
2014-01-31 07:50:00,72.264
2014-01-31 07:55:00,72.866
2014-01-31 08:00:00,73.352
2014-01-31 08:05:00,72.916
2014-01-31 08:10:00,72.024
2014-01-31 08:15:00,71.485
2014-01-31 08:20:00,72.499
2014-01-31 08:25:00,73.598
2014-01-31 08:30:00,73.691
2014-01-31 08:35:00,71.083
2014-01-31 08:40:00,73.033
2014-01-31 08:45:00,73.707
2014-01-31 08:50:00,70.187
2014-01-31 08:55:00,68.786
2014-01-31 09:00:00,71.084
2014-01-31 09:05:00,71.891
2014-01-31 09:10:00,70.143
2014-01-31 09:15:00,71.306
2014-01-31 09:20:00,69.671
2014-01-31 09:25:00,71.125
2014-01-31 09:30:00,67.596
2014-01-31 09:35:00,70.649
2014-01-31 09:40:00,69.941
2014-01-31 09:45:00,67.871
2014-01-31 09:50:00,68.041
2014-01-31 09:55:00,68.744
2014-01-31 10:00:00,68.705
2014-01-31 10:05:00,69.058
2014-01-31 10:10:00,67.772
2014-01-31 10:15:00,66.673
2014-01-31 10:20:00,65.497
2014-01-31 10:25:00,68.238
2014-01-31 10:30:00,64.95
2014-01-31 10:35:00,67.891
2014-01-31 10:40:00,67.89
2014-01-31 10:45:00,66.348
2014-01-31 10:50:00,66.597
2014-01-31 10:55:00,65.194
2014-01-31 11:00:00,66.648
2014-01-31 11:05:00,67.765
2014-01-31 11:10:00,66.258
2014-01-31 11:15:00,67.153
2014-01-31 11:20:00,65.703
2014-01-31 11:25:00,66.467
2014-01-31 11:30:00,65.983
2014-01-31 11:35:00,66.233
2014-01-31 11:40:00,66.705
2014-01-31 11:45:00,64.223
2014-01-31 11:50:00,64.562
2014-01-31 11:55:00,61.919
2014-01-31 12:00:00,65.779
2014-01-31 12:05:00,66.121
2014-01-31 12:10:00,65.495
2014-01-31 12:15:00,64.007
2014-01-31 12:20:00,63.265
2014-01-31 12:25:00,62.282
2014-01-31 12:30:00,65.85
2014-01-31 12:35:00,63.947
2014-01-31 12:40:00,62.084
2014-01-31 12:45:00,65.014
2014-01-31 12:50:00,62.25
2014-01-31 12:55:00,62.57
2014-01-31 13:00:00,61.641
2014-01-31 13:05:00,61.078
2014-01-31 13:10:00,63.704
2014-01-31 13:15:00,61.947
2014-01-31 13:20:00,62.666
2014-01-31 13:25:00,61.545
2014-01-31 13:30:00,63.605
2014-01-31 13:35:00,63.821
2014-01-31 13:40:00,63.133
2014-01-31 13:45:00,61.505
2014-01-31 13:50:00,64.046
2014-01-31 13:55:00,61.639
2014-01-31 14:00:00,60.812
2014-01-31 14:05:00,61.858
2014-01-31 14:10:00,61.442
2014-01-31 14:15:00,61.561
2014-01-31 14:20:00,61.727
2014-01-31 14:25:00,65.369
2014-01-31 14:30:00,62.93
2014-01-31 14:35:00,61.255
2014-01-31 14:40:00,62.436
2014-01-31 14:45:00,59.531
2014-01-31 14:50:00,61.157
2014-01-31 14:55:00,60.945
2014-01-31 15:00:00,61.082
2014-01-31 15:05:00,60.462
2014-01-31 15:10:00,61.221
2014-01-31 15:15:00,62.893
2014-01-31 15:20:00,61.046
2014-01-31 15:25:00,59.312
2014-01-31 15:30:00,60.289
2014-01-31 15:35:00,61.881
2014-01-31 15:40:00,60.662
2014-01-31 15:45:00,62.593
2014-01-31 15:50:00,61.357
2014-01-31 15:55:00,62.137
2014-01-31 16:00:00,61.832
2014-01-31 16:05:00,60.959
2014-01-31 16:10:00,61.654
2014-01-31 16:15:00,61.773
2014-01-31 16:20:00,61.081
2014-01-31 16:25:00,63.273
2014-01-31 16:30:00,62.394
2014-01-31 16:35:00,60.825
2014-01-31 16:40:00,61.012
2014-01-31 16:45:00,60.437
2014-01-31 16:50:00,60.494
2014-01-31 16:55:00,62.421
2014-01-31 17:00:00,64.006
2014-01-31 17:05:00,62.838
2014-01-31 17:10:00,63.16
2014-01-31 17:15:00,62.244
2014-01-31 17:20:00,63.932
2014-01-31 17:25:00,62.503
2014-01-31 17:30:00,63.555
2014-01-31 17:35:00,64.185
2014-01-31 17:40:00,64.399
2014-01-31 17:45:00,62.457
2014-01-31 17:50:00,63.04
2014-01-31 17:55:00,60.617
2014-01-31 18:00:00,64.75
2014-01-31 18:05:00,62.415
2014-01-31 18:10:00,64.823
2014-01-31 18:15:00,63.74
2014-01-31 18:20:00,63.964
2014-01-31 18:25:00,65.104
2014-01-31 18:30:00,65.251
2014-01-31 18:35:00,64.498
2014-01-31 18:40:00,64.329
2014-01-31 18:45:00,64.535
2014-01-31 18:50:00,64.942
2014-01-31 18:55:00,66.413
2014-01-31 19:00:00,64.129
2014-01-31 19:05:00,65.106
2014-01-31 19:10:00,65.749
2014-01-31 19:15:00,64.979
2014-01-31 19:20:00,64.037
2014-01-31 19:25:00,65.933
2014-01-31 19:30:00,65.208
2014-01-31 19:35:00,66.503
2014-01-31 19:40:00,65.387
2014-01-31 19:45:00,66.103
2014-01-31 19:50:00,65.987
2014-01-31 19:55:00,66.594
2014-01-31 20:00:00,66.02
2014-01-31 20:05:00,67.709
2014-01-31 20:10:00,67.569
2014-01-31 20:15:00,68.007
2014-01-31 20:20:00,67.56
2014-01-31 20:25:00,68.051
2014-01-31 20:30:00,69.34
2014-01-31 20:35:00,68.288
2014-01-31 20:40:00,66.972
2014-01-31 20:45:00,68.354
2014-01-31 20:50:00,67.452
2014-01-31 20:55:00,69.083
2014-01-31 21:00:00,67.457
2014-01-31 21:05:00,67.194
2014-01-31 21:10:00,71.003
2014-01-31 21:15:00,70.359
2014-01-31 21:20:00,70.146
2014-01-31 21:25:00,69.781
2014-01-31 21:30:00,69.978
2014-01-31 21:35:00,70.513
2014-01-31 21:40:00,70.078
2014-01-31 21:45:00,69.128
2014-01-31 21:50:00,69.59
2014-01-31 21:55:00,71.835
2014-01-31 22:00:00,69.422
2014-01-31 22:05:00,70.743
2014-01-31 22:10:00,69.622
2014-01-31 22:15:00,69.952
2014-01-31 22:20:00,72.437
2014-01-31 22:25:00,71.912
2014-01-31 22:30:00,71.078
2014-01-31 22:35:00,71.771
2014-01-31 22:40:00,70.461
2014-01-31 22:45:00,73.634
2014-01-31 22:50:00,73.683
2014-01-31 22:55:00,72.205
2014-01-31 23:00:00,74.852
2014-01-31 23:05:00,72.591
2014-01-31 23:10:00,70.63
2014-01-31 23:15:00,74.084
2014-01-31 23:20:00,73.629
2014-01-31 23:25:00,74.102
2014-01-31 23:30:00,74.752
2014-01-31 23:35:00,73.824
2014-01-31 23:40:00,72.937
2014-01-31 23:45:00,74.857
2014-01-31 23:50:00,74.909
2014-01-31 23:55:00,72.952
2014-02-01 00:00:00,74.219
2014-02-01 00:05:00,73.274
2014-02-01 00:10:00,74.069
2014-02-01 00:15:00,75.842
2014-02-01 00:20:00,72.775
2014-02-01 00:25:00,75.937
2014-02-01 00:30:00,74.202
2014-02-01 00:35:00,75.093
2014-02-01 00:40:00,72.623
2014-02-01 00:45:00,73.868
2014-02-01 00:50:00,76.599
2014-02-01 00:55:00,75.902
2014-02-01 01:00:00,75.326
2014-02-01 01:05:00,74.434
2014-02-01 01:10:00,75.626
2014-02-01 01:15:00,75.143
2014-02-01 01:20:00,76.661
2014-02-01 01:25:00,75.491
2014-02-01 01:30:00,78.015
2014-02-01 01:35:00,76.051
2014-02-01 01:40:00,77.923
2014-02-01 01:45:00,75.045
2014-02-01 01:50:00,76.756
2014-02-01 01:55:00,78.159
2014-02-01 02:00:00,76.171
2014-02-01 02:05:00,75.838
2014-02-01 02:10:00,76.024
2014-02-01 02:15:00,76.737
2014-02-01 02:20:00,77.809
2014-02-01 02:25:00,78.342
2014-02-01 02:30:00,76.737
2014-02-01 02:35:00,75.727
2014-02-01 02:40:00,77.616
2014-02-01 02:45:00,77.216
2014-02-01 02:50:00,77.261
2014-02-01 02:55:00,78.387
2014-02-01 03:00:00,78.609
2014-02-01 03:05:00,77.498
2014-02-01 03:10:00,77.432
2014-02-01 03:15:00,77.259
2014-02-01 03:20:00,77.414
2014-02-01 03:25:00,76.183
2014-02-01 03:30:00,77.068
2014-02-01 03:35:00,77.226
2014-02-01 03:40:00,75.712
2014-02-01 03:45:00,75.611
2014-02-01 03:50:00,75.099
2014-02-01 03:55:00,76.522
2014-02-01 04:00:00,77.24
2014-02-01 04:05:00,75.509
2014-02-01 04:10:00,74.361
2014-02-01 04:15:00,74.464
2014-02-01 04:20:00,74.114
2014-02-01 04:25:00,74.949
2014-02-01 04:30:00,75.962
2014-02-01 04:35:00,79.124
2014-02-01 04:40:00,75.876
2014-02-01 04:45:00,74.603
2014-02-01 04:50:00,74.658
2014-02-01 04:55:00,76.523
2014-02-01 05:00:00,75.541
2014-02-01 05:05:00,75.809
2014-02-01 05:10:00,76.692
2014-02-01 05:15:00,75.785
2014-02-01 05:20:00,75.019
2014-02-01 05:25:00,73.912
2014-02-01 05:30:00,74.202
2014-02-01 05:35:00,75.106
2014-02-01 05:40:00,75.869
2014-02-01 05:45:00,74.489
2014-02-01 05:50:00,75.6
2014-02-01 05:55:00,76.808
2014-02-01 06:00:00,76.938
2014-02-01 06:05:00,77.397
2014-02-01 06:10:00,74.174
2014-02-01 06:15:00,75.004
2014-02-01 06:20:00,73.989
2014-02-01 06:25:00,73.707
2014-02-01 06:30:00,74.156
2014-02-01 06:35:00,72.871
2014-02-01 06:40:00,73.402
2014-02-01 06:45:00,73.375
2014-02-01 06:50:00,74.091
2014-02-01 06:55:00,74.01
2014-02-01 07:00:00,70.989
2014-02-01 07:05:00,72.869
2014-02-01 07:10:00,73.173
2014-02-01 07:15:00,73.713
2014-02-01 07:20:00,70.367
2014-02-01 07:25:00,71.016
2014-02-01 07:30:00,71.838
2014-02-01 07:35:00,70.556
2014-02-01 07:40:00,73.096
2014-02-01 07:45:00,70.65
2014-02-01 07:50:00,72.386
2014-02-01 07:55:00,70.865
2014-02-01 08:00:00,68.422
2014-02-01 08:05:00,70.024
2014-02-01 08:10:00,70.357
2014-02-01 08:15:00,69.913
2014-02-01 08:20:00,71.534
2014-02-01 08:25:00,68.03
2014-02-01 08:30:00,68.711
2014-02-01 08:35:00,70.136
2014-02-01 08:40:00,68.774
2014-02-01 08:45:00,69.862
2014-02-01 08:50:00,66.768
2014-02-01 08:55:00,67.236
2014-02-01 09:00:00,66.781
2014-02-01 09:05:00,68.224
2014-02-01 09:10:00,69.298
2014-02-01 09:15:00,67.503
2014-02-01 09:20:00,69.243
2014-02-01 09:25:00,68.828
2014-02-01 09:30:00,66.964
2014-02-01 09:35:00,69.188
2014-02-01 09:40:00,66.87
2014-02-01 09:45:00,64.297
2014-02-01 09:50:00,67.139
2014-02-01 09:55:00,67.773
2014-02-01 10:00:00,67.161
2014-02-01 10:05:00,66.574
2014-02-01 10:10:00,66.971
2014-02-01 10:15:00,65.682
2014-02-01 10:20:00,67.109
2014-02-01 10:25:00,63.42
2014-02-01 10:30:00,65.228
2014-02-01 10:35:00,63.187
2014-02-01 10:40:00,64.268
2014-02-01 10:45:00,67.777
2014-02-01 10:50:00,64.108
2014-02-01 10:55:00,64.803
2014-02-01 11:00:00,65.302
2014-02-01 11:05:00,63.555
2014-02-01 11:10:00,66.204
2014-02-01 11:15:00,63.474
2014-02-01 11:20:00,63.593
2014-02-01 11:25:00,65.503
2014-02-01 11:30:00,63.314
2014-02-01 11:35:00,61.898
2014-02-01 11:40:00,64.994
2014-02-01 11:45:00,64.435
2014-02-01 11:50:00,65.455
2014-02-01 11:55:00,63.264
2014-02-01 12:00:00,64.358
2014-02-01 12:05:00,63.554
2014-02-01 12:10:00,62.7
2014-02-01 12:15:00,61.362
2014-02-01 12:20:00,63.932
2014-02-01 12:25:00,63.342
2014-02-01 12:30:00,62.207
2014-02-01 12:35:00,60.074
2014-02-01 12:40:00,63.899
2014-02-01 12:45:00,61.004
2014-02-01 12:50:00,65.908
2014-02-01 12:55:00,63.394
2014-02-01 13:00:00,61.126
2014-02-01 13:05:00,60.743
2014-02-01 13:10:00,60.978
2014-02-01 13:15:00,63.62
2014-02-01 13:20:00,59.534
2014-02-01 13:25:00,61.578
2014-02-01 13:30:00,60.156
2014-02-01 13:35:00,60.585
2014-02-01 13:40:00,61.872
2014-02-01 13:45:00,60.778
2014-02-01 13:50:00,60.392
2014-02-01 13:55:00,59.953
2014-02-01 14:00:00,60.322
2014-02-01 14:05:00,60.717
2014-02-01 14:10:00,59.702
2014-02-01 14:15:00,62.264
2014-02-01 14:20:00,60.019
2014-02-01 14:25:00,61.889
2014-02-01 14:30:00,60.545
2014-02-01 14:35:00,60.103
2014-02-01 14:40:00,59.747
2014-02-01 14:45:00,62.357
2014-02-01 14:50:00,59.441
2014-02-01 14:55:00,60.821
2014-02-01 15:00:00,59.902
2014-02-01 15:05:00,61.048
2014-02-01 15:10:00,60.991
2014-02-01 15:15:00,59.695
2014-02-01 15:20:00,60.037
2014-02-01 15:25:00,61.088
2014-02-01 15:30:00,59.806
2014-02-01 15:35:00,87.429
2014-02-01 15:40:00,85.877
2014-02-01 15:45:00,84.974
2014-02-01 15:50:00,85.059
2014-02-01 15:55:00,89.006
2014-02-01 16:00:00,81.826
2014-02-01 16:05:00,87.409
2014-02-01 16:10:00,84.017
2014-02-01 16:15:00,81.17
2014-02-01 16:20:00,87.327
2014-02-01 16:25:00,82.332
2014-02-01 16:30:00,84.666
2014-02-01 16:35:00,85.148
2014-02-01 16:40:00,83.681
2014-02-01 16:45:00,86.569
2014-02-01 16:50:00,85.45
2014-02-01 16:55:00,85.834
2014-02-01 17:00:00,88.901
2014-02-01 17:05:00,81.871
2014-02-01 17:10:00,82.935
2014-02-01 17:15:00,90.512
2014-02-01 17:20:00,87.269
2014-02-01 17:25:00,85.674
2014-02-01 17:30:00,87.342
2014-02-01 17:35:00,86.058
2014-02-01 17:40:00,88.631
2014-02-01 17:45:00,88.696
2014-02-01 17:50:00,87.115
2014-02-01 17:55:00,88.274
2014-02-01 18:00:00,88.289
2014-02-01 18:05:00,92.272
2014-02-01 18:10:00,85.01
2014-02-01 18:15:00,86.487
2014-02-01 18:20:00,90.02
2014-02-01 18:25:00,89.217
2014-02-01 18:30:00,85.736
2014-02-01 18:35:00,91.986
2014-02-01 18:40:00,91.81
2014-02-01 18:45:00,86.848
2014-02-01 18:50:00,84.123
2014-02-01 18:55:00,86.948
2014-02-01 19:00:00,82.936
2014-02-01 19:05:00,90.66
2014-02-01 19:10:00,87.326
2014-02-01 19:15:00,90.37
2014-02-01 19:20:00,85.281
2014-02-01 19:25:00,88.743
2014-02-01 19:30:00,92.342
2014-02-01 19:35:00,89.584
2014-02-01 19:40:00,90.681
2014-02-01 19:45:00,85.156
2014-02-01 19:50:00,88.163
2014-02-01 19:55:00,91.887
2014-02-01 20:00:00,90.278
2014-02-01 20:05:00,91.602
2014-02-01 20:10:00,91.495
2014-02-01 20:15:00,91.269
2014-02-01 20:20:00,94.319
2014-02-01 20:25:00,90.491
2014-02-01 20:30:00,90.757
2014-02-01 20:35:00,90.826
2014-02-01 20:40:00,94.33
2014-02-01 20:45:00,93.083
2014-02-01 20:50:00,86.477
2014-02-01 20:55:00,93.03
2014-02-01 21:00:00,93.59
2014-02-01 21:05:00,91.251
2014-02-01 21:10:00,96.999
2014-02-01 21:15:00,88.571
2014-02-01 21:20:00,92.748
2014-02-01 21:25:00,97.166
2014-02-01 21:30:00,91.577
2014-02-01 21:35:00,95.828
2014-02-01 21:40:00,95.481
2014-02-01 21:45:00,94.647
2014-02-01 21:50:00,92.934
2014-02-01 21:55:00,95.677
2014-02-01 22:00:00,92.749
2014-02-01 22:05:00,93.135
2014-02-01 22:10:00,96.01
2014-02-01 22:15:00,97.234
2014-02-01 22:20:00,92.244
2014-02-01 22:25:00,91.892
2014-02-01 22:30:00,95.118
2014-02-01 22:35:00,96.421
2014-02-01 22:40:00,96.925
2014-02-01 22:45:00,89.042
2014-02-01 22:50:00,99.509
2014-02-01 22:55:00,96.257
2014-02-01 23:00:00,96.127
2014-02-01 23:05:00,95.064
2014-02-01 23:10:00,99.63
2014-02-01 23:15:00,95.772
2014-02-01 23:20:00,94.479
2014-02-01 23:25:00,98.913
2014-02-01 23:30:00,96.582
2014-02-01 23:35:00,95.6
2014-02-01 23:40:00,95.108
2014-02-01 23:45:00,98.094
2014-02-01 23:50:00,96.381
2014-02-01 23:55:00,98.58
2014-02-02 00:00:00,101.492
2014-02-02 00:05:00,96.736
2014-02-02 00:10:00,97.189
2014-02-02 00:15:00,98.923
2014-02-02 00:20:00,95.02
2014-02-02 00:25:00,100.407
2014-02-02 00:30:00,95.573
2014-02-02 00:35:00,99.627
2014-02-02 00:40:00,99.947
2014-02-02 00:45:00,98.51
2014-02-02 00:50:00,95.194
2014-02-02 00:55:00,100.636
2014-02-02 01:00:00,102.929
2014-02-02 01:05:00,103.098
2014-02-02 01:10:00,98.397
2014-02-02 01:15:00,101.552
2014-02-02 01:20:00,100.535
2014-02-02 01:25:00,100.071
2014-02-02 01:30:00,101.938
2014-02-02 01:35:00,100.078
2014-02-02 01:40:00,76.994
2014-02-02 01:45:00,75.551
2014-02-02 01:50:00,75.147
2014-02-02 01:55:00,75.08
2014-02-02 02:00:00,75.509
2014-02-02 02:05:00,75.116
2014-02-02 02:10:00,74.674
2014-02-02 02:15:00,78.398
2014-02-02 02:20:00,73.968
2014-02-02 02:25:00,74.94
2014-02-02 02:30:00,73.218
2014-02-02 02:35:00,77.116
2014-02-02 02:40:00,74.692
2014-02-02 02:45:00,76.774
2014-02-02 02:50:00,75.216
2014-02-02 02:55:00,74.991
2014-02-02 03:00:00,74.648
2014-02-02 03:05:00,75.401
2014-02-02 03:10:00,76.153
2014-02-02 03:15:00,76.704
2014-02-02 03:20:00,74.62
2014-02-02 03:25:00,76.074
2014-02-02 03:30:00,77.411
2014-02-02 03:35:00,76.754
2014-02-02 03:40:00,76.035
2014-02-02 03:45:00,75.299
2014-02-02 03:50:00,74.869
2014-02-02 03:55:00,74.41
2014-02-02 04:00:00,78.834
2014-02-02 04:05:00,76.348
2014-02-02 04:10:00,74.733
2014-02-02 04:15:00,72.817
2014-02-02 04:20:00,74.352
2014-02-02 04:25:00,75.336
2014-02-02 04:30:00,74.503
2014-02-02 04:35:00,75.21
2014-02-02 04:40:00,76.976
2014-02-02 04:45:00,73.025
2014-02-02 04:50:00,77.025
2014-02-02 04:55:00,74.59
2014-02-02 05:00:00,76.683
2014-02-02 05:05:00,74.01
2014-02-02 05:10:00,74.805
2014-02-02 05:15:00,75.488
2014-02-02 05:20:00,76.571
2014-02-02 05:25:00,75.874
2014-02-02 05:30:00,74.29
2014-02-02 05:35:00,75.243
2014-02-02 05:40:00,76.177
2014-02-02 05:45:00,73.843
2014-02-02 05:50:00,74.628
2014-02-02 05:55:00,72.473
2014-02-02 06:00:00,74.283
2014-02-02 06:05:00,74.473
2014-02-02 06:10:00,74.375
2014-02-02 06:15:00,73.842
2014-02-02 06:20:00,75.636
2014-02-02 06:25:00,74.391
2014-02-02 06:30:00,73.503
2014-02-02 06:35:00,71.789
2014-02-02 06:40:00,70.291
2014-02-02 06:45:00,75.514
2014-02-02 06:50:00,71.527
2014-02-02 06:55:00,72.096
2014-02-02 07:00:00,73.674
2014-02-02 07:05:00,71.67
2014-02-02 07:10:00,72.157
2014-02-02 07:15:00,71.966
2014-02-02 07:20:00,70.517
2014-02-02 07:25:00,72.453
2014-02-02 07:30:00,70.745
2014-02-02 07:35:00,72.036
2014-02-02 07:40:00,70.599
2014-02-02 07:45:00,69.984
2014-02-02 07:50:00,69.658
2014-02-02 07:55:00,71.679
2014-02-02 08:00:00,68.335
2014-02-02 08:05:00,68.937
2014-02-02 08:10:00,70.661
2014-02-02 08:15:00,69.762
2014-02-02 08:20:00,70.416
2014-02-02 08:25:00,68.685
2014-02-02 08:30:00,68.542
2014-02-02 08:35:00,70.932
2014-02-02 08:40:00,71.575
2014-02-02 08:45:00,69.586
2014-02-02 08:50:00,70.114
2014-02-02 08:55:00,68.995
2014-02-02 09:00:00,67.448
2014-02-02 09:05:00,69.88
2014-02-02 09:10:00,67.897
2014-02-02 09:15:00,68.112
2014-02-02 09:20:00,67.654
2014-02-02 09:25:00,64.451
2014-02-02 09:30:00,66.007
2014-02-02 09:35:00,66.698
2014-02-02 09:40:00,68.446
2014-02-02 09:45:00,66.715
2014-02-02 09:50:00,68.157
2014-02-02 09:55:00,67.758
2014-02-02 10:00:00,66.119
2014-02-02 10:05:00,65.806
2014-02-02 10:10:00,65.881
2014-02-02 10:15:00,65.194
2014-02-02 10:20:00,66.337
2014-02-02 10:25:00,67.444
2014-02-02 10:30:00,63.91
2014-02-02 10:35:00,64.278
2014-02-02 10:40:00,65.656
2014-02-02 10:45:00,66.022
2014-02-02 10:50:00,65.233
2014-02-02 10:55:00,65.305
2014-02-02 11:00:00,63.847
2014-02-02 11:05:00,64.813
2014-02-02 11:10:00,63.148
2014-02-02 11:15:00,67.468
2014-02-02 11:20:00,64.942
2014-02-02 11:25:00,62.475
2014-02-02 11:30:00,65.094
2014-02-02 11:35:00,62.668
2014-02-02 11:40:00,61.917
2014-02-02 11:45:00,62.66
2014-02-02 11:50:00,62.481
2014-02-02 11:55:00,63.993
2014-02-02 12:00:00,63.928
2014-02-02 12:05:00,62.124
2014-02-02 12:10:00,61.652
2014-02-02 12:15:00,62.859
2014-02-02 12:20:00,61.883
2014-02-02 12:25:00,63.036
2014-02-02 12:30:00,64.315
2014-02-02 12:35:00,60.409
2014-02-02 12:40:00,61.853
2014-02-02 12:45:00,60.75
2014-02-02 12:50:00,61.654
2014-02-02 12:55:00,62.043
2014-02-02 13:00:00,62.795
2014-02-02 13:05:00,60.388
2014-02-02 13:10:00,59.116
2014-02-02 13:15:00,62.89
2014-02-02 13:20:00,59.426
2014-02-02 13:25:00,59.981
2014-02-02 13:30:00,61.059
2014-02-02 13:35:00,62.772
2014-02-02 13:40:00,61.431
2014-02-02 13:45:00,60.01
2014-02-02 13:50:00,59.879
2014-02-02 13:55:00,60.901
2014-02-02 14:00:00,62.385
2014-02-02 14:05:00,58.861
2014-02-02 14:10:00,60.357
2014-02-02 14:15:00,61.9
2014-02-02 14:20:00,59.611
2014-02-02 14:25:00,58.791
2014-02-02 14:30:00,59.703
2014-02-02 14:35:00,60.045
2014-02-02 14:40:00,61.295
2014-02-02 14:45:00,60.567
2014-02-02 14:50:00,58.798
2014-02-02 14:55:00,61.005
2014-02-02 15:00:00,57.429
2014-02-02 15:05:00,60.604
2014-02-02 15:10:00,61.977
2014-02-02 15:15:00,60.067
2014-02-02 15:20:00,58.188
2014-02-02 15:25:00,59.785
2014-02-02 15:30:00,57.875
2014-02-02 15:35:00,59.907
2014-02-02 15:40:00,60.148
2014-02-02 15:45:00,61.185
2014-02-02 15:50:00,60.431
2014-02-02 15:55:00,60.434
2014-02-02 16:00:00,61.606
2014-02-02 16:05:00,59.453
2014-02-02 16:10:00,61.725
2014-02-02 16:15:00,61.838
2014-02-02 16:20:00,61.581
2014-02-02 16:25:00,61.515
2014-02-02 16:30:00,61.693
2014-02-02 16:35:00,61.013
2014-02-02 16:40:00,61.96
2014-02-02 16:45:00,60.0
2014-02-02 16:50:00,61.526
2014-02-02 16:55:00,62.59
2014-02-02 17:00:00,61.331
2014-02-02 17:05:00,60.038
2014-02-02 17:10:00,59.682
2014-02-02 17:15:00,61.612
2014-02-02 17:20:00,61.826
2014-02-02 17:25:00,61.046
2014-02-02 17:30:00,61.638
2014-02-02 17:35:00,62.083
2014-02-02 17:40:00,61.607
2014-02-02 17:45:00,63.198
2014-02-02 17:50:00,61.126
2014-02-02 17:55:00,64.765
2014-02-02 18:00:00,63.265
2014-02-02 18:05:00,63.726
2014-02-02 18:10:00,60.484
2014-02-02 18:15:00,61.743
2014-02-02 18:20:00,64.015
2014-02-02 18:25:00,64.432
2014-02-02 18:30:00,62.641
2014-02-02 18:35:00,63.689
2014-02-02 18:40:00,64.782
2014-02-02 18:45:00,64.746
2014-02-02 18:50:00,61.296
2014-02-02 18:55:00,64.314
2014-02-02 19:00:00,64.861
2014-02-02 19:05:00,62.934
2014-02-02 19:10:00,63.549
2014-02-02 19:15:00,63.91
2014-02-02 19:20:00,63.036
2014-02-02 19:25:00,63.826
2014-02-02 19:30:00,66.47
2014-02-02 19:35:00,62.366
2014-02-02 19:40:00,63.947
2014-02-02 19:45:00,64.873
2014-02-02 19:50:00,66.411
2014-02-02 19:55:00,63.092
2014-02-02 20:00:00,63.58
2014-02-02 20:05:00,64.146
2014-02-02 20:10:00,66.069
2014-02-02 20:15:00,67.452
2014-02-02 20:20:00,66.215
2014-02-02 20:25:00,67.554
2014-02-02 20:30:00,66.287
2014-02-02 20:35:00,68.068
2014-02-02 20:40:00,67.927
2014-02-02 20:45:00,67.801
2014-02-02 20:50:00,66.431
2014-02-02 20:55:00,67.422
2014-02-02 21:00:00,68.657
2014-02-02 21:05:00,67.414
2014-02-02 21:10:00,69.172
2014-02-02 21:15:00,70.497
2014-02-02 21:20:00,69.596
2014-02-02 21:25:00,70.289
2014-02-02 21:30:00,70.531
2014-02-02 21:35:00,70.935
2014-02-02 21:40:00,69.777
2014-02-02 21:45:00,70.753
2014-02-02 21:50:00,70.181
2014-02-02 21:55:00,70.976
2014-02-02 22:00:00,69.903
2014-02-02 22:05:00,70.014
2014-02-02 22:10:00,70.53
2014-02-02 22:15:00,71.86
2014-02-02 22:20:00,69.478
2014-02-02 22:25:00,70.217
2014-02-02 22:30:00,70.314
2014-02-02 22:35:00,69.216
2014-02-02 22:40:00,69.633
2014-02-02 22:45:00,72.922
2014-02-02 22:50:00,71.886
2014-02-02 22:55:00,71.628
2014-02-02 23:00:00,72.984
2014-02-02 23:05:00,68.752
2014-02-02 23:10:00,71.277
2014-02-02 23:15:00,70.997
2014-02-02 23:20:00,73.932
2014-02-02 23:25:00,71.903
2014-02-02 23:30:00,72.608
2014-02-02 23:35:00,75.11
2014-02-02 23:40:00,73.955
2014-02-02 23:45:00,73.255
2014-02-02 23:50:00,73.747
2014-02-02 23:55:00,73.221
2014-02-03 00:00:00,73.124
2014-02-03 00:05:00,72.798
2014-02-03 00:10:00,74.45
2014-02-03 00:15:00,73.962
2014-02-03 00:20:00,74.046
2014-02-03 00:25:00,78.29
2014-02-03 00:30:00,73.873
2014-02-03 00:35:00,76.913
2014-02-03 00:40:00,75.654
2014-02-03 00:45:00,75.27
2014-02-03 00:50:00,75.689
2014-02-03 00:55:00,72.984
2014-02-03 01:00:00,75.955
2014-02-03 01:05:00,75.144
2014-02-03 01:10:00,76.129
2014-02-03 01:15:00,74.058
2014-02-03 01:20:00,75.432
2014-02-03 01:25:00,76.918
2014-02-03 01:30:00,76.668
2014-02-03 01:35:00,77.727
2014-02-03 01:40:00,75.731
2014-02-03 01:45:00,74.065
2014-02-03 01:50:00,76.172
2014-02-03 01:55:00,75.396
2014-02-03 02:00:00,78.823
2014-02-03 02:05:00,79.171
2014-02-03 02:10:00,75.746
2014-02-03 02:15:00,75.809
2014-02-03 02:20:00,76.893
2014-02-03 02:25:00,77.002
2014-02-03 02:30:00,73.541
2014-02-03 02:35:00,78.747
2014-02-03 02:40:00,77.155
2014-02-03 02:45:00,79.059
2014-02-03 02:50:00,76.789
2014-02-03 02:55:00,77.541
2014-02-03 03:00:00,76.69
2014-02-03 03:05:00,78.084
2014-02-03 03:10:00,78.424
2014-02-03 03:15:00,77.513
2014-02-03 03:20:00,76.147
2014-02-03 03:25:00,75.643
2014-02-03 03:30:00,74.066
2014-02-03 03:35:00,77.498
2014-02-03 03:40:00,79.087
2014-02-03 03:45:00,76.873
2014-02-03 03:50:00,77.554
2014-02-03 03:55:00,77.737
2014-02-03 04:00:00,75.102
2014-02-03 04:05:00,75.338
2014-02-03 04:10:00,75.556
2014-02-03 04:15:00,78.895
2014-02-03 04:20:00,77.406
2014-02-03 04:25:00,76.79
2014-02-03 04:30:00,76.124
2014-02-03 04:35:00,76.647
2014-02-03 04:40:00,76.984
2014-02-03 04:45:00,75.968
2014-02-03 04:50:00,76.361
2014-02-03 04:55:00,77.676
2014-02-03 05:00:00,76.304
2014-02-03 05:05:00,73.768
2014-02-03 05:10:00,76.021
2014-02-03 05:15:00,76.057
2014-02-03 05:20:00,75.367
2014-02-03 05:25:00,78.291
2014-02-03 05:30:00,75.638
2014-02-03 05:35:00,75.089
2014-02-03 05:40:00,74.064
2014-02-03 05:45:00,74.919
2014-02-03 05:50:00,77.18
2014-02-03 05:55:00,74.334
2014-02-03 06:00:00,75.718
2014-02-03 06:05:00,72.828
2014-02-03 06:10:00,74.899
2014-02-03 06:15:00,74.484
2014-02-03 06:20:00,73.787
2014-02-03 06:25:00,74.554
2014-02-03 06:30:00,75.336
2014-02-03 06:35:00,75.933
2014-02-03 06:40:00,73.314
2014-02-03 06:45:00,76.226
2014-02-03 06:50:00,75.759
2014-02-03 06:55:00,74.358
2014-02-03 07:00:00,72.964
2014-02-03 07:05:00,70.656
2014-02-03 07:10:00,73.005
2014-02-03 07:15:00,75.482
2014-02-03 07:20:00,70.834
2014-02-03 07:25:00,73.189
2014-02-03 07:30:00,74.707
2014-02-03 07:35:00,73.999
2014-02-03 07:40:00,71.096
2014-02-03 07:45:00,70.661
2014-02-03 07:50:00,71.535
2014-02-03 07:55:00,72.62
2014-02-03 08:00:00,73.28
2014-02-03 08:05:00,72.762
2014-02-03 08:10:00,69.372
2014-02-03 08:15:00,69.723
2014-02-03 08:20:00,71.316
2014-02-03 08:25:00,70.635
2014-02-03 08:30:00,69.689
2014-02-03 08:35:00,71.633
2014-02-03 08:40:00,67.682
2014-02-03 08:45:00,69.524
2014-02-03 08:50:00,70.999
2014-02-03 08:55:00,71.295
2014-02-03 09:00:00,68.885
2014-02-03 09:05:00,68.678
2014-02-03 09:10:00,69.605
2014-02-03 09:15:00,68.818
2014-02-03 09:20:00,69.87
2014-02-03 09:25:00,70.139
2014-02-03 09:30:00,69.143
2014-02-03 09:35:00,66.952
2014-02-03 09:40:00,67.841
2014-02-03 09:45:00,67.027
2014-02-03 09:50:00,68.005
2014-02-03 09:55:00,66.813
2014-02-03 10:00:00,67.58
2014-02-03 10:05:00,68.884
2014-02-03 10:10:00,67.101
2014-02-03 10:15:00,64.226
2014-02-03 10:20:00,65.289
2014-02-03 10:25:00,66.96
2014-02-03 10:30:00,64.686
2014-02-03 10:35:00,67.105
2014-02-03 10:40:00,67.013
2014-02-03 10:45:00,66.529
2014-02-03 10:50:00,66.367
2014-02-03 10:55:00,66.236
2014-02-03 11:00:00,67.126
2014-02-03 11:05:00,65.995
2014-02-03 11:10:00,65.759
2014-02-03 11:15:00,65.195
2014-02-03 11:20:00,64.007
2014-02-03 11:25:00,61.757
2014-02-03 11:30:00,62.783
2014-02-03 11:35:00,63.995
2014-02-03 11:40:00,64.55
2014-02-03 11:45:00,64.05
2014-02-03 11:50:00,67.138
2014-02-03 11:55:00,62.529
2014-02-03 12:00:00,66.156
2014-02-03 12:05:00,64.98
2014-02-03 12:10:00,64.702
2014-02-03 12:15:00,62.634
2014-02-03 12:20:00,62.822
2014-02-03 12:25:00,61.44
2014-02-03 12:30:00,64.82
2014-02-03 12:35:00,62.568
2014-02-03 12:40:00,62.171
2014-02-03 12:45:00,64.305
2014-02-03 12:50:00,62.261
2014-02-03 12:55:00,62.21
2014-02-03 13:00:00,61.748
2014-02-03 13:05:00,63.932
2014-02-03 13:10:00,62.328
2014-02-03 13:15:00,59.933
2014-02-03 13:20:00,62.833
2014-02-03 13:25:00,62.68
2014-02-03 13:30:00,63.429
2014-02-03 13:35:00,64.509
2014-02-03 13:40:00,63.995
2014-02-03 13:45:00,61.384
2014-02-03 13:50:00,61.998
2014-02-03 13:55:00,63.473
2014-02-03 14:00:00,61.993
2014-02-03 14:05:00,62.068
2014-02-03 14:10:00,62.222
2014-02-03 14:15:00,61.221
2014-02-03 14:20:00,62.284
2014-02-03 14:25:00,62.171
2014-02-03 14:30:00,60.868
2014-02-03 14:35:00,59.982
2014-02-03 14:40:00,61.44
2014-02-03 14:45:00,64.048
2014-02-03 14:50:00,59.336
2014-02-03 14:55:00,63.596
2014-02-03 15:00:00,63.209
2014-02-03 15:05:00,60.482
2014-02-03 15:10:00,63.045
2014-02-03 15:15:00,61.569
2014-02-03 15:20:00,62.664
2014-02-03 15:25:00,64.665
2014-02-03 15:30:00,61.233
2014-02-03 15:35:00,62.857
2014-02-03 15:40:00,61.825
2014-02-03 15:45:00,61.529
2014-02-03 15:50:00,60.24
2014-02-03 15:55:00,61.705
2014-02-03 16:00:00,60.185
2014-02-03 16:05:00,61.72
2014-02-03 16:10:00,61.389
2014-02-03 16:15:00,62.735
2014-02-03 16:20:00,62.671
2014-02-03 16:25:00,62.105
2014-02-03 16:30:00,63.128
2014-02-03 16:35:00,60.861
2014-02-03 16:40:00,61.177
2014-02-03 16:45:00,63.268
2014-02-03 16:50:00,61.383
2014-02-03 16:55:00,63.767
2014-02-03 17:00:00,63.058
2014-02-03 17:05:00,62.043
2014-02-03 17:10:00,62.098
2014-02-03 17:15:00,61.494
2014-02-03 17:20:00,61.02
2014-02-03 17:25:00,61.144
2014-02-03 17:30:00,61.708
2014-02-03 17:35:00,64.198
2014-02-03 17:40:00,64.02
2014-02-03 17:45:00,66.211
2014-02-03 17:50:00,62.65
2014-02-03 17:55:00,63.02
2014-02-03 18:00:00,63.824
2014-02-03 18:05:00,64.629
2014-02-03 18:10:00,65.188
2014-02-03 18:15:00,63.473
2014-02-03 18:20:00,64.447
2014-02-03 18:25:00,63.703
2014-02-03 18:30:00,64.083
2014-02-03 18:35:00,65.196
2014-02-03 18:40:00,62.622
2014-02-03 18:45:00,66.17
2014-02-03 18:50:00,64.796
2014-02-03 18:55:00,65.644
2014-02-03 19:00:00,65.622
2014-02-03 19:05:00,64.941
2014-02-03 19:10:00,64.807
2014-02-03 19:15:00,64.561
2014-02-03 19:20:00,66.625
2014-02-03 19:25:00,65.867
2014-02-03 19:30:00,66.228
2014-02-03 19:35:00,66.944
2014-02-03 19:40:00,69.315
2014-02-03 19:45:00,65.454
2014-02-03 19:50:00,67.093
2014-02-03 19:55:00,66.328
2014-02-03 20:00:00,67.943
2014-02-03 20:05:00,68.362
2014-02-03 20:10:00,67.768
2014-02-03 20:15:00,65.992
2014-02-03 20:20:00,66.981
2014-02-03 20:25:00,68.946
2014-02-03 20:30:00,66.519
2014-02-03 20:35:00,68.999
2014-02-03 20:40:00,69.436
2014-02-03 20:45:00,69.932
2014-02-03 20:50:00,69.988
2014-02-03 20:55:00,67.575
2014-02-03 21:00:00,67.928
2014-02-03 21:05:00,67.085
2014-02-03 21:10:00,70.945
2014-02-03 21:15:00,70.31
2014-02-03 21:20:00,69.706
2014-02-03 21:25:00,71.161
2014-02-03 21:30:00,68.819
2014-02-03 21:35:00,70.566
2014-02-03 21:40:00,70.388
2014-02-03 21:45:00,70.91
2014-02-03 21:50:00,71.421
2014-02-03 21:55:00,71.987
2014-02-03 22:00:00,70.474
2014-02-03 22:05:00,70.119
2014-02-03 22:10:00,72.897
2014-02-03 22:15:00,72.386
2014-02-03 22:20:00,70.033
2014-02-03 22:25:00,71.99
2014-02-03 22:30:00,72.467
2014-02-03 22:35:00,72.163
2014-02-03 22:40:00,73.216
2014-02-03 22:45:00,72.718
2014-02-03 22:50:00,73.656
2014-02-03 22:55:00,73.074
2014-02-03 23:00:00,74.665
2014-02-03 23:05:00,71.988
2014-02-03 23:10:00,73.293
2014-02-03 23:15:00,74.873
2014-02-03 23:20:00,73.009
2014-02-03 23:25:00,72.337
2014-02-03 23:30:00,74.253
2014-02-03 23:35:00,73.315
2014-02-03 23:40:00,75.938
2014-02-03 23:45:00,73.96
2014-02-03 23:50:00,71.591
2014-02-03 23:55:00,74.516
2014-02-04 00:00:00,75.434
2014-02-04 00:05:00,75.765
2014-02-04 00:10:00,75.799
2014-02-04 00:15:00,75.304
2014-02-04 00:20:00,75.3
2014-02-04 00:25:00,77.49
2014-02-04 00:30:00,77.221
2014-02-04 00:35:00,76.748
2014-02-04 00:40:00,76.274
2014-02-04 00:45:00,77.212
2014-02-04 00:50:00,76.746
2014-02-04 00:55:00,76.782
2014-02-04 01:00:00,77.139
2014-02-04 01:05:00,76.312
2014-02-04 01:10:00,79.531
2014-02-04 01:15:00,76.061
2014-02-04 01:20:00,75.607
2014-02-04 01:25:00,77.43
2014-02-04 01:30:00,75.242
2014-02-04 01:35:00,77.851
2014-02-04 01:40:00,75.593
2014-02-04 01:45:00,77.456
2014-02-04 01:50:00,79.453
2014-02-04 01:55:00,77.437
2014-02-04 02:00:00,77.448
2014-02-04 02:05:00,80.366
2014-02-04 02:10:00,78.032
2014-02-04 02:15:00,76.026
2014-02-04 02:20:00,79.091
2014-02-04 02:25:00,79.065
2014-02-04 02:30:00,78.928
2014-02-04 02:35:00,79.005
2014-02-04 02:40:00,79.008
2014-02-04 02:45:00,79.832
2014-02-04 02:50:00,78.086
2014-02-04 02:55:00,77.137
2014-02-04 03:00:00,78.701
2014-02-04 03:05:00,78.8
2014-02-04 03:10:00,78.856
2014-02-04 03:15:00,79.381
2014-02-04 03:20:00,79.353
2014-02-04 03:25:00,78.834
2014-02-04 03:30:00,77.317
2014-02-04 03:35:00,77.484
2014-02-04 03:40:00,78.595
2014-02-04 03:45:00,77.85
2014-02-04 03:50:00,78.088
2014-02-04 03:55:00,75.561
2014-02-04 04:00:00,79.695
2014-02-04 04:05:00,77.541
2014-02-04 04:10:00,79.837
2014-02-04 04:15:00,76.41
2014-02-04 04:20:00,80.223
2014-02-04 04:25:00,79.441
2014-02-04 04:30:00,75.995
2014-02-04 04:35:00,78.799
2014-02-04 04:40:00,76.636
2014-02-04 04:45:00,78.859
2014-02-04 04:50:00,78.84
2014-02-04 04:55:00,77.675
2014-02-04 05:00:00,77.55
2014-02-04 05:05:00,77.17
2014-02-04 05:10:00,78.584
2014-02-04 05:15:00,79.092
2014-02-04 05:20:00,78.597
2014-02-04 05:25:00,78.321
2014-02-04 05:30:00,79.552
2014-02-04 05:35:00,78.025
2014-02-04 05:40:00,76.853
2014-02-04 05:45:00,77.088
2014-02-04 05:50:00,76.594
2014-02-04 05:55:00,76.092
2014-02-04 06:00:00,76.782
2014-02-04 06:05:00,76.549
2014-02-04 06:10:00,78.268
2014-02-04 06:15:00,75.54
2014-02-04 06:20:00,75.436
2014-02-04 06:25:00,75.885
2014-02-04 06:30:00,74.017
2014-02-04 06:35:00,77.308
2014-02-04 06:40:00,77.393
2014-02-04 06:45:00,75.607
2014-02-04 06:50:00,75.083
2014-02-04 06:55:00,75.965
2014-02-04 07:00:00,75.211
2014-02-04 07:05:00,76.49
2014-02-04 07:10:00,75.053
2014-02-04 07:15:00,76.61
2014-02-04 07:20:00,75.983
2014-02-04 07:25:00,73.834
2014-02-04 07:30:00,74.943
2014-02-04 07:35:00,75.197
2014-02-04 07:40:00,74.253
2014-02-04 07:45:00,73.144
2014-02-04 07:50:00,74.034
2014-02-04 07:55:00,71.496
2014-02-04 08:00:00,74.569
2014-02-04 08:05:00,73.697
2014-02-04 08:10:00,71.785
2014-02-04 08:15:00,72.6
2014-02-04 08:20:00,73.596
2014-02-04 08:25:00,70.733
2014-02-04 08:30:00,74.544
2014-02-04 08:35:00,71.251
2014-02-04 08:40:00,72.719
2014-02-04 08:45:00,73.25
2014-02-04 08:50:00,73.617
2014-02-04 08:55:00,69.955
2014-02-04 09:00:00,68.837
2014-02-04 09:05:00,71.18
2014-02-04 09:10:00,69.883
2014-02-04 09:15:00,68.667
2014-02-04 09:20:00,71.329
2014-02-04 09:25:00,72.641
2014-02-04 09:30:00,68.698
2014-02-04 09:35:00,71.285
2014-02-04 09:40:00,68.322
2014-02-04 09:45:00,69.797
2014-02-04 09:50:00,71.983
2014-02-04 09:55:00,67.456
2014-02-04 10:00:00,71.065
2014-02-04 10:05:00,68.154
2014-02-04 10:10:00,69.112
2014-02-04 10:15:00,68.12
2014-02-04 10:20:00,67.832
2014-02-04 10:25:00,68.793
2014-02-04 10:30:00,65.436
2014-02-04 10:35:00,67.22
2014-02-04 10:40:00,70.567
2014-02-04 10:45:00,69.942
2014-02-04 10:50:00,68.405
2014-02-04 10:55:00,69.244
2014-02-04 11:00:00,67.651
2014-02-04 11:05:00,66.518
2014-02-04 11:10:00,67.398
2014-02-04 11:15:00,68.625
2014-02-04 11:20:00,68.071
2014-02-04 11:25:00,67.586
2014-02-04 11:30:00,63.385
2014-02-04 11:35:00,66.271
2014-02-04 11:40:00,65.845
2014-02-04 11:45:00,66.788
2014-02-04 11:50:00,65.874
2014-02-04 11:55:00,63.97
2014-02-04 12:00:00,67.033
2014-02-04 12:05:00,66.178
2014-02-04 12:10:00,64.998
2014-02-04 12:15:00,63.437
2014-02-04 12:20:00,65.514
2014-02-04 12:25:00,65.089
2014-02-04 12:30:00,66.382
2014-02-04 12:35:00,64.553
2014-02-04 12:40:00,63.541
2014-02-04 12:45:00,65.894
2014-02-04 12:50:00,63.155
2014-02-04 12:55:00,65.344
2014-02-04 13:00:00,63.373
2014-02-04 13:05:00,65.523
2014-02-04 13:10:00,66.849
2014-02-04 13:15:00,64.3
2014-02-04 13:20:00,63.582
2014-02-04 13:25:00,63.909
2014-02-04 13:30:00,63.432
2014-02-04 13:35:00,63.118
2014-02-04 13:40:00,64.043
2014-02-04 13:45:00,62.108
2014-02-04 13:50:00,62.433
2014-02-04 13:55:00,63.917
2014-02-04 14:00:00,62.472
2014-02-04 14:05:00,64.264
2014-02-04 14:10:00,62.921
2014-02-04 14:15:00,63.449
2014-02-04 14:20:00,64.65
2014-02-04 14:25:00,63.152
2014-02-04 14:30:00,64.397
2014-02-04 14:35:00,61.956
2014-02-04 14:40:00,62.328
2014-02-04 14:45:00,63.028
2014-02-04 14:50:00,62.87
2014-02-04 14:55:00,62.621
2014-02-04 15:00:00,61.595
2014-02-04 15:05:00,59.97
2014-02-04 15:10:00,63.543
2014-02-04 15:15:00,62.63
2014-02-04 15:20:00,62.363
2014-02-04 15:25:00,63.993
2014-02-04 15:30:00,64.438
2014-02-04 15:35:00,62.947
2014-02-04 15:40:00,62.769
2014-02-04 15:45:00,63.832
2014-02-04 15:50:00,64.447
2014-02-04 15:55:00,62.262
2014-02-04 16:00:00,64.325
2014-02-04 16:05:00,64.077
2014-02-04 16:10:00,64.001
2014-02-04 16:15:00,65.171
2014-02-04 16:20:00,61.523
2014-02-04 16:25:00,62.288
2014-02-04 16:30:00,64.3
2014-02-04 16:35:00,64.715
2014-02-04 16:40:00,62.44
2014-02-04 16:45:00,62.868
2014-02-04 16:50:00,63.903
2014-02-04 16:55:00,63.975
2014-02-04 17:00:00,63.224
2014-02-04 17:05:00,64.601
2014-02-04 17:10:00,65.903
2014-02-04 17:15:00,66.237
2014-02-04 17:20:00,65.464
2014-02-04 17:25:00,64.756
2014-02-04 17:30:00,62.705
2014-02-04 17:35:00,65.142
2014-02-04 17:40:00,63.567
2014-02-04 17:45:00,65.883
2014-02-04 17:50:00,65.586
2014-02-04 17:55:00,65.26
2014-02-04 18:00:00,63.845
2014-02-04 18:05:00,66.141
2014-02-04 18:10:00,64.095
2014-02-04 18:15:00,65.908
2014-02-04 18:20:00,64.362
2014-02-04 18:25:00,65.488
2014-02-04 18:30:00,65.518
2014-02-04 18:35:00,67.985
2014-02-04 18:40:00,66.394
2014-02-04 18:45:00,67.687
2014-02-04 18:50:00,65.562
2014-02-04 18:55:00,65.808
2014-02-04 19:00:00,66.615
2014-02-04 19:05:00,67.424
2014-02-04 19:10:00,65.153
2014-02-04 19:15:00,67.343
2014-02-04 19:20:00,68.368
2014-02-04 19:25:00,65.578
2014-02-04 19:30:00,68.956
2014-02-04 19:35:00,68.97
2014-02-04 19:40:00,67.943
2014-02-04 19:45:00,69.719
2014-02-04 19:50:00,69.628
2014-02-04 19:55:00,68.382
2014-02-04 20:00:00,67.659
2014-02-04 20:05:00,70.044
2014-02-04 20:10:00,69.478
2014-02-04 20:15:00,68.913
2014-02-04 20:20:00,68.097
2014-02-04 20:25:00,71.207
2014-02-04 20:30:00,69.046
2014-02-04 20:35:00,69.945
2014-02-04 20:40:00,69.461
2014-02-04 20:45:00,72.443
2014-02-04 20:50:00,71.531
2014-02-04 20:55:00,72.336
2014-02-04 21:00:00,71.876
2014-02-04 21:05:00,68.907
2014-02-04 21:10:00,71.045
2014-02-04 21:15:00,72.215
2014-02-04 21:20:00,73.549
2014-02-04 21:25:00,68.895
2014-02-04 21:30:00,72.437
2014-02-04 21:35:00,72.841
2014-02-04 21:40:00,71.288
2014-02-04 21:45:00,72.941
2014-02-04 21:50:00,72.404
2014-02-04 21:55:00,74.561
2014-02-04 22:00:00,75.288
2014-02-04 22:05:00,74.195
2014-02-04 22:10:00,74.146
2014-02-04 22:15:00,75.019
2014-02-04 22:20:00,73.827
2014-02-04 22:25:00,75.476
2014-02-04 22:30:00,74.197
2014-02-04 22:35:00,74.321
2014-02-04 22:40:00,75.65
2014-02-04 22:45:00,73.601
2014-02-04 22:50:00,75.511
2014-02-04 22:55:00,76.671
2014-02-04 23:00:00,76.512
2014-02-04 23:05:00,75.692
2014-02-04 23:10:00,74.749
2014-02-04 23:15:00,74.355
2014-02-04 23:20:00,75.938
2014-02-04 23:25:00,77.566
2014-02-04 23:30:00,73.866
2014-02-04 23:35:00,76.628
2014-02-04 23:40:00,76.377
2014-02-04 23:45:00,75.976
2014-02-04 23:50:00,74.694
2014-02-04 23:55:00,79.649
2014-02-05 00:00:00,77.016
2014-02-05 00:05:00,77.772
2014-02-05 00:10:00,79.271
2014-02-05 00:15:00,76.826
2014-02-05 00:20:00,77.797
2014-02-05 00:25:00,77.409
2014-02-05 00:30:00,78.137
2014-02-05 00:35:00,79.597
2014-02-05 00:40:00,77.572
2014-02-05 00:45:00,76.069
2014-02-05 00:50:00,76.848
2014-02-05 00:55:00,79.19
2014-02-05 01:00:00,79.477
2014-02-05 01:05:00,77.291
2014-02-05 01:10:00,78.431
2014-02-05 01:15:00,78.483
2014-02-05 01:20:00,79.855
2014-02-05 01:25:00,78.611
2014-02-05 01:30:00,78.509
2014-02-05 01:35:00,80.473
2014-02-05 01:40:00,79.155
2014-02-05 01:45:00,78.363
2014-02-05 01:50:00,77.822
2014-02-05 01:55:00,79.841
2014-02-05 02:00:00,81.388
2014-02-05 02:05:00,76.358
2014-02-05 02:10:00,78.028
2014-02-05 02:15:00,80.141
2014-02-05 02:20:00,78.17
2014-02-05 02:25:00,79.562
2014-02-05 02:30:00,79.58
2014-02-05 02:35:00,79.424
2014-02-05 02:40:00,80.688
2014-02-05 02:45:00,80.635
2014-02-05 02:50:00,78.262
2014-02-05 02:55:00,80.642
2014-02-05 03:00:00,80.35
2014-02-05 03:05:00,79.917
2014-02-05 03:10:00,79.798
2014-02-05 03:15:00,78.534
2014-02-05 03:20:00,80.273
2014-02-05 03:25:00,79.404
2014-02-05 03:30:00,80.114
2014-02-05 03:35:00,82.453
2014-02-05 03:40:00,78.734
2014-02-05 03:45:00,82.738
2014-02-05 03:50:00,80.821
2014-02-05 03:55:00,80.889
2014-02-05 04:00:00,81.001
2014-02-05 04:05:00,80.009
2014-02-05 04:10:00,78.086
2014-02-05 04:15:00,76.989
2014-02-05 04:20:00,76.94
2014-02-05 04:25:00,78.474
2014-02-05 04:30:00,79.901
2014-02-05 04:35:00,78.305
2014-02-05 04:40:00,79.196
2014-02-05 04:45:00,79.559
2014-02-05 04:50:00,80.482
2014-02-05 04:55:00,80.722
2014-02-05 05:00:00,80.986
2014-02-05 05:05:00,80.718
2014-02-05 05:10:00,77.89
2014-02-05 05:15:00,77.963
2014-02-05 05:20:00,77.669
2014-02-05 05:25:00,78.759
2014-02-05 05:30:00,77.849
2014-02-05 05:35:00,78.763
2014-02-05 05:40:00,79.027
2014-02-05 05:45:00,77.938
2014-02-05 05:50:00,77.282
2014-02-05 05:55:00,77.326
2014-02-05 06:00:00,78.263
2014-02-05 06:05:00,79.446
2014-02-05 06:10:00,76.972
2014-02-05 06:15:00,76.455
2014-02-05 06:20:00,78.809
2014-02-05 06:25:00,77.556
2014-02-05 06:30:00,75.987
2014-02-05 06:35:00,77.184
2014-02-05 06:40:00,75.143
2014-02-05 06:45:00,76.303
2014-02-05 06:50:00,75.891
2014-02-05 06:55:00,77.931
2014-02-05 07:00:00,75.49
2014-02-05 07:05:00,75.575
2014-02-05 07:10:00,77.899
2014-02-05 07:15:00,77.185
2014-02-05 07:20:00,75.859
2014-02-05 07:25:00,76.46
2014-02-05 07:30:00,77.714
2014-02-05 07:35:00,75.386
2014-02-05 07:40:00,76.112
2014-02-05 07:45:00,74.795
2014-02-05 07:50:00,74.71
2014-02-05 07:55:00,73.827
2014-02-05 08:00:00,75.631
2014-02-05 08:05:00,76.284
2014-02-05 08:10:00,74.499
2014-02-05 08:15:00,73.761
2014-02-05 08:20:00,73.767
2014-02-05 08:25:00,72.467
2014-02-05 08:30:00,71.917
2014-02-05 08:35:00,70.891
2014-02-05 08:40:00,73.565
2014-02-05 08:45:00,72.795
2014-02-05 08:50:00,72.535
2014-02-05 08:55:00,71.313
2014-02-05 09:00:00,73.988
2014-02-05 09:05:00,71.499
2014-02-05 09:10:00,71.227
2014-02-05 09:15:00,70.955
2014-02-05 09:20:00,72.915
2014-02-05 09:25:00,73.326
2014-02-05 09:30:00,69.962
2014-02-05 09:35:00,70.919
2014-02-05 09:40:00,71.111
2014-02-05 09:45:00,72.02
2014-02-05 09:50:00,69.966
2014-02-05 09:55:00,72.195
2014-02-05 10:00:00,69.708
2014-02-05 10:05:00,69.986
2014-02-05 10:10:00,69.179
2014-02-05 10:15:00,69.376
2014-02-05 10:20:00,69.265
2014-02-05 10:25:00,68.557
2014-02-05 10:30:00,69.156
2014-02-05 10:35:00,68.223
2014-02-05 10:40:00,66.325
2014-02-05 10:45:00,70.75
2014-02-05 10:50:00,68.211
2014-02-05 10:55:00,69.609
2014-02-05 11:00:00,68.821
2014-02-05 11:05:00,68.506
2014-02-05 11:10:00,67.927
2014-02-05 11:15:00,68.315
2014-02-05 11:20:00,68.051
2014-02-05 11:25:00,67.382
2014-02-05 11:30:00,67.346
2014-02-05 11:35:00,67.887
2014-02-05 11:40:00,66.277
2014-02-05 11:45:00,67.441
2014-02-05 11:50:00,64.967
2014-02-05 11:55:00,67.204
2014-02-05 12:00:00,65.985
2014-02-05 12:05:00,65.719
2014-02-05 12:10:00,67.269
2014-02-05 12:15:00,67.33
2014-02-05 12:20:00,64.263
2014-02-05 12:25:00,65.733
2014-02-05 12:30:00,65.91
2014-02-05 12:35:00,65.28
2014-02-05 12:40:00,66.079
2014-02-05 12:45:00,64.351
2014-02-05 12:50:00,64.912
2014-02-05 12:55:00,66.235
2014-02-05 13:00:00,65.877
2014-02-05 13:05:00,63.78
2014-02-05 13:10:00,65.464
2014-02-05 13:15:00,66.008
2014-02-05 13:20:00,65.639
2014-02-05 13:25:00,64.429
2014-02-05 13:30:00,64.126
2014-02-05 13:35:00,65.949
2014-02-05 13:40:00,63.843
2014-02-05 13:45:00,64.424
2014-02-05 13:50:00,65.137
2014-02-05 13:55:00,65.074
2014-02-05 14:00:00,66.253
2014-02-05 14:05:00,65.422
2014-02-05 14:10:00,63.983
2014-02-05 14:15:00,63.449
2014-02-05 14:20:00,62.572
2014-02-05 14:25:00,62.073
2014-02-05 14:30:00,65.41
2014-02-05 14:35:00,63.965
2014-02-05 14:40:00,65.416
2014-02-05 14:45:00,64.385
2014-02-05 14:50:00,63.321
2014-02-05 14:55:00,63.868
2014-02-05 15:00:00,64.404
2014-02-05 15:05:00,63.774
2014-02-05 15:10:00,64.38
2014-02-05 15:15:00,62.681
2014-02-05 15:20:00,63.837
2014-02-05 15:25:00,64.033
2014-02-05 15:30:00,64.615
2014-02-05 15:35:00,62.896
2014-02-05 15:40:00,63.874
2014-02-05 15:45:00,64.463
2014-02-05 15:50:00,64.636
2014-02-05 15:55:00,65.305
2014-02-05 16:00:00,63.787
2014-02-05 16:05:00,65.191
2014-02-05 16:10:00,62.772
2014-02-05 16:15:00,61.947
2014-02-05 16:20:00,64.136
2014-02-05 16:25:00,63.003
2014-02-05 16:30:00,64.916
2014-02-05 16:35:00,63.13
2014-02-05 16:40:00,65.784
2014-02-05 16:45:00,65.527
2014-02-05 16:50:00,65.66
2014-02-05 16:55:00,65.534
2014-02-05 17:00:00,63.832
2014-02-05 17:05:00,65.035
2014-02-05 17:10:00,65.939
2014-02-05 17:15:00,64.037
2014-02-05 17:20:00,65.034
2014-02-05 17:25:00,63.954
2014-02-05 17:30:00,64.823
2014-02-05 17:35:00,65.932
2014-02-05 17:40:00,66.121
2014-02-05 17:45:00,64.153
2014-02-05 17:50:00,66.7
2014-02-05 17:55:00,66.274
2014-02-05 18:00:00,66.275
2014-02-05 18:05:00,67.258
2014-02-05 18:10:00,64.87
2014-02-05 18:15:00,65.508
2014-02-05 18:20:00,67.748
2014-02-05 18:25:00,65.493
2014-02-05 18:30:00,63.812
2014-02-05 18:35:00,68.206
2014-02-05 18:40:00,66.082
2014-02-05 18:45:00,68.494
2014-02-05 18:50:00,65.362
2014-02-05 18:55:00,66.428
2014-02-05 19:00:00,67.319
2014-02-05 19:05:00,67.138
2014-02-05 19:10:00,66.334
2014-02-05 19:15:00,67.671
2014-02-05 19:20:00,66.567
2014-02-05 19:25:00,68.482
2014-02-05 19:30:00,67.577
2014-02-05 19:35:00,68.422
2014-02-05 19:40:00,70.462
2014-02-05 19:45:00,68.12
2014-02-05 19:50:00,70.038
2014-02-05 19:55:00,70.838
2014-02-05 20:00:00,68.204
2014-02-05 20:05:00,69.253
2014-02-05 20:10:00,67.151
2014-02-05 20:15:00,69.535
2014-02-05 20:20:00,70.545
2014-02-05 20:25:00,71.111
2014-02-05 20:30:00,69.924
2014-02-05 20:35:00,73.36
2014-02-05 20:40:00,70.909
2014-02-05 20:45:00,69.919
2014-02-05 20:50:00,71.103
2014-02-05 20:55:00,68.678
2014-02-05 21:00:00,70.503
2014-02-05 21:05:00,69.916
2014-02-05 21:10:00,70.659
2014-02-05 21:15:00,71.309
2014-02-05 21:20:00,69.845
2014-02-05 21:25:00,71.377
2014-02-05 21:30:00,73.597
2014-02-05 21:35:00,70.388
2014-02-05 21:40:00,71.919
2014-02-05 21:45:00,74.648
2014-02-05 21:50:00,72.313
2014-02-05 21:55:00,74.511
2014-02-05 22:00:00,75.357
2014-02-05 22:05:00,73.003
2014-02-05 22:10:00,74.049
2014-02-05 22:15:00,73.677
2014-02-05 22:20:00,74.972
2014-02-05 22:25:00,75.349
2014-02-05 22:30:00,72.817
2014-02-05 22:35:00,73.684
2014-02-05 22:40:00,72.843
2014-02-05 22:45:00,73.362
2014-02-05 22:50:00,76.439
2014-02-05 22:55:00,73.41
2014-02-05 23:00:00,75.886
2014-02-05 23:05:00,74.693
2014-02-05 23:10:00,74.102
2014-02-05 23:15:00,75.48
2014-02-05 23:20:00,77.158
2014-02-05 23:25:00,75.482
2014-02-05 23:30:00,76.528
2014-02-05 23:35:00,76.593
2014-02-05 23:40:00,75.886
2014-02-05 23:45:00,78.165
2014-02-05 23:50:00,75.957
2014-02-05 23:55:00,80.004
2014-02-06 00:00:00,79.123
2014-02-06 00:05:00,76.308
2014-02-06 00:10:00,77.952
2014-02-06 00:15:00,75.476
2014-02-06 00:20:00,78.047
2014-02-06 00:25:00,79.134
2014-02-06 00:30:00,78.921
2014-02-06 00:35:00,76.968
2014-02-06 00:40:00,76.984
2014-02-06 00:45:00,79.144
2014-02-06 00:50:00,79.999
2014-02-06 00:55:00,79.386
2014-02-06 01:00:00,77.988
2014-02-06 01:05:00,77.985
2014-02-06 01:10:00,76.7
2014-02-06 01:15:00,78.755
2014-02-06 01:20:00,79.217
2014-02-06 01:25:00,78.473
2014-02-06 01:30:00,79.814
2014-02-06 01:35:00,79.547
2014-02-06 01:40:00,80.563
2014-02-06 01:45:00,79.117
2014-02-06 01:50:00,78.367
2014-02-06 01:55:00,79.128
2014-02-06 02:00:00,80.777
2014-02-06 02:05:00,78.679
2014-02-06 02:10:00,79.711
2014-02-06 02:15:00,79.394
2014-02-06 02:20:00,80.09
2014-02-06 02:25:00,77.953
2014-02-06 02:30:00,81.217
2014-02-06 02:35:00,77.981
2014-02-06 02:40:00,77.645
2014-02-06 02:45:00,78.724
2014-02-06 02:50:00,80.42
2014-02-06 02:55:00,78.654
2014-02-06 03:00:00,78.771
2014-02-06 03:05:00,79.262
2014-02-06 03:10:00,81.232
2014-02-06 03:15:00,81.713
2014-02-06 03:20:00,81.214
2014-02-06 03:25:00,79.063
2014-02-06 03:30:00,80.16
2014-02-06 03:35:00,81.843
2014-02-06 03:40:00,81.649
2014-02-06 03:45:00,80.919
2014-02-06 03:50:00,79.14
2014-02-06 03:55:00,80.97
2014-02-06 04:00:00,79.634
2014-02-06 04:05:00,77.573
2014-02-06 04:10:00,77.596
2014-02-06 04:15:00,79.935
2014-02-06 04:20:00,79.656
2014-02-06 04:25:00,77.62
2014-02-06 04:30:00,79.941
2014-02-06 04:35:00,80.964
2014-02-06 04:40:00,81.176
2014-02-06 04:45:00,79.39
2014-02-06 04:50:00,79.713
2014-02-06 04:55:00,79.613
2014-02-06 05:00:00,78.766
2014-02-06 05:05:00,78.746
2014-02-06 05:10:00,80.179
2014-02-06 05:15:00,78.279
2014-02-06 05:20:00,80.658
2014-02-06 05:25:00,75.701
2014-02-06 05:30:00,77.764
2014-02-06 05:35:00,79.892
2014-02-06 05:40:00,77.925
2014-02-06 05:45:00,78.62
2014-02-06 05:50:00,77.89
2014-02-06 05:55:00,77.487
2014-02-06 06:00:00,79.094
2014-02-06 06:05:00,78.134
2014-02-06 06:10:00,78.466
2014-02-06 06:15:00,75.447
2014-02-06 06:20:00,78.397
2014-02-06 06:25:00,75.589
2014-02-06 06:30:00,77.989
2014-02-06 06:35:00,77.106
2014-02-06 06:40:00,77.419
2014-02-06 06:45:00,75.847
2014-02-06 06:50:00,76.22
2014-02-06 06:55:00,75.459
2014-02-06 07:00:00,77.104
2014-02-06 07:05:00,76.424
2014-02-06 07:10:00,75.118
2014-02-06 07:15:00,73.657
2014-02-06 07:20:00,74.326
2014-02-06 07:25:00,75.367
2014-02-06 07:30:00,73.004
2014-02-06 07:35:00,76.557
2014-02-06 07:40:00,76.473
2014-02-06 07:45:00,75.566
2014-02-06 07:50:00,72.906
2014-02-06 07:55:00,74.262
2014-02-06 08:00:00,73.445
2014-02-06 08:05:00,73.68
2014-02-06 08:10:00,73.935
2014-02-06 08:15:00,75.344
2014-02-06 08:20:00,73.03
2014-02-06 08:25:00,71.718
2014-02-06 08:30:00,70.019
2014-02-06 08:35:00,72.081
2014-02-06 08:40:00,75.086
2014-02-06 08:45:00,72.293
2014-02-06 08:50:00,71.415
2014-02-06 08:55:00,72.763
2014-02-06 09:00:00,73.361
2014-02-06 09:05:00,71.559
2014-02-06 09:10:00,71.782
2014-02-06 09:15:00,73.304
2014-02-06 09:20:00,72.811
2014-02-06 09:25:00,69.5
2014-02-06 09:30:00,71.121
2014-02-06 09:35:00,72.235
2014-02-06 09:40:00,71.107
2014-02-06 09:45:00,71.515
2014-02-06 09:50:00,70.717
2014-02-06 09:55:00,69.756
2014-02-06 10:00:00,69.668
2014-02-06 10:05:00,70.953
2014-02-06 10:10:00,69.465
2014-02-06 10:15:00,69.126
2014-02-06 10:20:00,70.225
2014-02-06 10:25:00,70.168
2014-02-06 10:30:00,69.019
2014-02-06 10:35:00,70.145
2014-02-06 10:40:00,66.322
2014-02-06 10:45:00,69.06
2014-02-06 10:50:00,67.058
2014-02-06 10:55:00,67.754
2014-02-06 11:00:00,68.056
2014-02-06 11:05:00,66.616
2014-02-06 11:10:00,70.28
2014-02-06 11:15:00,67.544
2014-02-06 11:20:00,66.905
2014-02-06 11:25:00,68.558
2014-02-06 11:30:00,66.347
2014-02-06 11:35:00,67.5
2014-02-06 11:40:00,68.417
2014-02-06 11:45:00,67.354
2014-02-06 11:50:00,66.156
2014-02-06 11:55:00,66.457
2014-02-06 12:00:00,69.729
2014-02-06 12:05:00,68.787
2014-02-06 12:10:00,63.045
2014-02-06 12:15:00,66.452
2014-02-06 12:20:00,65.092
2014-02-06 12:25:00,64.899
2014-02-06 12:30:00,63.225
2014-02-06 12:35:00,64.779
2014-02-06 12:40:00,66.229
2014-02-06 12:45:00,64.441
2014-02-06 12:50:00,64.612
2014-02-06 12:55:00,68.075
2014-02-06 13:00:00,65.045
2014-02-06 13:05:00,64.547
2014-02-06 13:10:00,63.792
2014-02-06 13:15:00,63.112
2014-02-06 13:20:00,66.558
2014-02-06 13:25:00,66.78
2014-02-06 13:30:00,64.837
2014-02-06 13:35:00,64.126
2014-02-06 13:40:00,62.915
2014-02-06 13:45:00,64.549
2014-02-06 13:50:00,65.181
2014-02-06 13:55:00,63.226
2014-02-06 14:00:00,65.104
2014-02-06 14:05:00,64.705
2014-02-06 14:10:00,63.041
2014-02-06 14:15:00,62.397
2014-02-06 14:20:00,61.977
2014-02-06 14:25:00,63.2
2014-02-06 14:30:00,61.657
2014-02-06 14:35:00,62.241
2014-02-06 14:40:00,64.78
2014-02-06 14:45:00,62.645
2014-02-06 14:50:00,62.995
2014-02-06 14:55:00,63.131
2014-02-06 15:00:00,62.348
2014-02-06 15:05:00,63.292
2014-02-06 15:10:00,63.358
2014-02-06 15:15:00,60.569
2014-02-06 15:20:00,64.32
2014-02-06 15:25:00,61.949
2014-02-06 15:30:00,63.213
2014-02-06 15:35:00,63.163
2014-02-06 15:40:00,63.927
2014-02-06 15:45:00,64.55
2014-02-06 15:50:00,63.388
2014-02-06 15:55:00,62.364
2014-02-06 16:00:00,62.358
2014-02-06 16:05:00,62.522
2014-02-06 16:10:00,63.292
2014-02-06 16:15:00,64.506
2014-02-06 16:20:00,64.069
2014-02-06 16:25:00,63.406
2014-02-06 16:30:00,62.992
2014-02-06 16:35:00,61.469
2014-02-06 16:40:00,63.865
2014-02-06 16:45:00,62.284
2014-02-06 16:50:00,64.336
2014-02-06 16:55:00,63.492
2014-02-06 17:00:00,62.65
2014-02-06 17:05:00,64.116
2014-02-06 17:10:00,64.308
2014-02-06 17:15:00,64.038
2014-02-06 17:20:00,66.411
2014-02-06 17:25:00,63.933
2014-02-06 17:30:00,67.83
2014-02-06 17:35:00,63.684
2014-02-06 17:40:00,65.137
2014-02-06 17:45:00,62.788
2014-02-06 17:50:00,66.033
2014-02-06 17:55:00,63.072
2014-02-06 18:00:00,65.393
2014-02-06 18:05:00,63.159
2014-02-06 18:10:00,66.289
2014-02-06 18:15:00,65.631
2014-02-06 18:20:00,65.895
2014-02-06 18:25:00,67.021
2014-02-06 18:30:00,65.338
2014-02-06 18:35:00,65.838
2014-02-06 18:40:00,64.518
2014-02-06 18:45:00,66.225
2014-02-06 18:50:00,64.431
2014-02-06 18:55:00,67.129
2014-02-06 19:00:00,67.398
2014-02-06 19:05:00,66.51
2014-02-06 19:10:00,66.978
2014-02-06 19:15:00,68.216
2014-02-06 19:20:00,67.237
2014-02-06 19:25:00,65.987
2014-02-06 19:30:00,67.701
2014-02-06 19:35:00,67.128
2014-02-06 19:40:00,67.419
2014-02-06 19:45:00,66.304
2014-02-06 19:50:00,67.642
2014-02-06 19:55:00,67.811
2014-02-06 20:00:00,69.129
2014-02-06 20:05:00,68.304
2014-02-06 20:10:00,69.821
2014-02-06 20:15:00,66.697
2014-02-06 20:20:00,69.784
2014-02-06 20:25:00,69.044
2014-02-06 20:30:00,69.803
2014-02-06 20:35:00,69.985
2014-02-06 20:40:00,69.624
2014-02-06 20:45:00,70.579
2014-02-06 20:50:00,70.931
2014-02-06 20:55:00,70.423
2014-02-06 21:00:00,69.95
2014-02-06 21:05:00,69.923
2014-02-06 21:10:00,72.44
2014-02-06 21:15:00,69.012
2014-02-06 21:20:00,69.562
2014-02-06 21:25:00,69.967
2014-02-06 21:30:00,70.548
2014-02-06 21:35:00,72.592
2014-02-06 21:40:00,73.73
2014-02-06 21:45:00,71.971
2014-02-06 21:50:00,72.42
2014-02-06 21:55:00,72.377
2014-02-06 22:00:00,71.704
2014-02-06 22:05:00,70.836
2014-02-06 22:10:00,73.214
2014-02-06 22:15:00,72.059
2014-02-06 22:20:00,72.383
2014-02-06 22:25:00,72.913
2014-02-06 22:30:00,71.911
2014-02-06 22:35:00,75.026
2014-02-06 22:40:00,74.596
2014-02-06 22:45:00,72.373
2014-02-06 22:50:00,75.264
2014-02-06 22:55:00,74.638
2014-02-06 23:00:00,73.878
2014-02-06 23:05:00,74.071
2014-02-06 23:10:00,74.139
2014-02-06 23:15:00,74.23
2014-02-06 23:20:00,74.881
2014-02-06 23:25:00,73.514
2014-02-06 23:30:00,73.598
2014-02-06 23:35:00,75.638
2014-02-06 23:40:00,75.307
2014-02-06 23:45:00,74.21
2014-02-06 23:50:00,75.577
2014-02-06 23:55:00,72.404
2014-02-07 00:00:00,76.994
2014-02-07 00:05:00,74.904
2014-02-07 00:10:00,76.409
2014-02-07 00:15:00,77.037
2014-02-07 00:20:00,77.672
2014-02-07 00:25:00,77.209
2014-02-07 00:30:00,76.457
2014-02-07 00:35:00,77.404
2014-02-07 00:40:00,76.638
2014-02-07 00:45:00,77.885
2014-02-07 00:50:00,78.403
2014-02-07 00:55:00,76.065
2014-02-07 01:00:00,77.54
2014-02-07 01:05:00,78.568
2014-02-07 01:10:00,79.19
2014-02-07 01:15:00,78.931
2014-02-07 01:20:00,78.341
2014-02-07 01:25:00,77.924
2014-02-07 01:30:00,76.803
2014-02-07 01:35:00,78.674
2014-02-07 01:40:00,77.563
2014-02-07 01:45:00,77.173
2014-02-07 01:50:00,77.33
2014-02-07 01:55:00,78.166
2014-02-07 02:00:00,76.621
2014-02-07 02:05:00,79.252
2014-02-07 02:10:00,79.555
2014-02-07 02:15:00,80.697
2014-02-07 02:20:00,78.469
2014-02-07 02:25:00,78.577
2014-02-07 02:30:00,76.617
2014-02-07 02:35:00,77.204
2014-02-07 02:40:00,78.61
2014-02-07 02:45:00,80.942
2014-02-07 02:50:00,77.872
2014-02-07 02:55:00,78.772
2014-02-07 03:00:00,77.73
2014-02-07 03:05:00,78.106
2014-02-07 03:10:00,79.983
2014-02-07 03:15:00,78.035
2014-02-07 03:20:00,79.776
2014-02-07 03:25:00,78.509
2014-02-07 03:30:00,78.175
2014-02-07 03:35:00,78.209
2014-02-07 03:40:00,79.106
2014-02-07 03:45:00,78.847
2014-02-07 03:50:00,77.234
2014-02-07 03:55:00,80.132
2014-02-07 04:00:00,78.506
2014-02-07 04:05:00,78.136
2014-02-07 04:10:00,76.538
2014-02-07 04:15:00,78.498
2014-02-07 04:20:00,79.743
2014-02-07 04:25:00,79.058
2014-02-07 04:30:00,79.213
2014-02-07 04:35:00,78.149
2014-02-07 04:40:00,78.106
2014-02-07 04:45:00,78.214
2014-02-07 04:50:00,76.515
2014-02-07 04:55:00,77.277
2014-02-07 05:00:00,78.876
2014-02-07 05:05:00,77.774
2014-02-07 05:10:00,78.629
2014-02-07 05:15:00,76.065
2014-02-07 05:20:00,76.362
2014-02-07 05:25:00,77.054
2014-02-07 05:30:00,79.139
2014-02-07 05:35:00,77.176
2014-02-07 05:40:00,75.623
2014-02-07 05:45:00,79.088
2014-02-07 05:50:00,76.785
2014-02-07 05:55:00,74.419
2014-02-07 06:00:00,77.414
2014-02-07 06:05:00,71.89
2014-02-07 06:10:00,76.566
2014-02-07 06:15:00,76.347
2014-02-07 06:20:00,76.85
2014-02-07 06:25:00,72.719
2014-02-07 06:30:00,75.347
2014-02-07 06:35:00,75.363
2014-02-07 06:40:00,75.162
2014-02-07 06:45:00,75.955
2014-02-07 06:50:00,78.046
2014-02-07 06:55:00,75.865
2014-02-07 07:00:00,75.533
2014-02-07 07:05:00,72.655
2014-02-07 07:10:00,73.741
2014-02-07 07:15:00,76.181
2014-02-07 07:20:00,74.616
2014-02-07 07:25:00,73.391
2014-02-07 07:30:00,74.739
2014-02-07 07:35:00,74.87
2014-02-07 07:40:00,74.434
2014-02-07 07:45:00,73.28
2014-02-07 07:50:00,73.357
2014-02-07 07:55:00,74.394
2014-02-07 08:00:00,72.687
2014-02-07 08:05:00,71.829
2014-02-07 08:10:00,72.012
2014-02-07 08:15:00,69.344
2014-02-07 08:20:00,71.775
2014-02-07 08:25:00,70.218
2014-02-07 08:30:00,70.859
2014-02-07 08:35:00,73.541
2014-02-07 08:40:00,71.664
2014-02-07 08:45:00,69.781
2014-02-07 08:50:00,71.607
2014-02-07 08:55:00,72.228
2014-02-07 09:00:00,70.74
2014-02-07 09:05:00,71.097
2014-02-07 09:10:00,69.475
2014-02-07 09:15:00,69.13
2014-02-07 09:20:00,72.072
2014-02-07 09:25:00,71.157
2014-02-07 09:30:00,68.98
2014-02-07 09:35:00,69.368
2014-02-07 09:40:00,66.933
2014-02-07 09:45:00,69.393
2014-02-07 09:50:00,68.69
2014-02-07 09:55:00,68.3
2014-02-07 10:00:00,69.016
2014-02-07 10:05:00,68.088
2014-02-07 10:10:00,70.16
2014-02-07 10:15:00,67.133
2014-02-07 10:20:00,66.734
2014-02-07 10:25:00,68.665
2014-02-07 10:30:00,67.587
2014-02-07 10:35:00,67.377
2014-02-07 10:40:00,68.23
2014-02-07 10:45:00,67.794
2014-02-07 10:50:00,68.958
2014-02-07 10:55:00,68.406
2014-02-07 11:00:00,63.692
2014-02-07 11:05:00,65.544
2014-02-07 11:10:00,67.835
2014-02-07 11:15:00,67.025
2014-02-07 11:20:00,64.511
2014-02-07 11:25:00,65.232
2014-02-07 11:30:00,65.433
2014-02-07 11:35:00,64.254
2014-02-07 11:40:00,63.924
2014-02-07 11:45:00,64.02
2014-02-07 11:50:00,63.626
2014-02-07 11:55:00,65.366
2014-02-07 12:00:00,62.303
2014-02-07 12:05:00,65.462
2014-02-07 12:10:00,66.035
2014-02-07 12:15:00,63.901
2014-02-07 12:20:00,64.927
2014-02-07 12:25:00,64.824
2014-02-07 12:30:00,66.363
2014-02-07 12:35:00,63.609
2014-02-07 12:40:00,62.556
2014-02-07 12:45:00,63.391
2014-02-07 12:50:00,63.029
2014-02-07 12:55:00,63.245
2014-02-07 13:00:00,63.062
2014-02-07 13:05:00,61.678
2014-02-07 13:10:00,61.063
2014-02-07 13:15:00,60.03
2014-02-07 13:20:00,63.254
2014-02-07 13:25:00,62.509
2014-02-07 13:30:00,63.484
2014-02-07 13:35:00,62.629
2014-02-07 13:40:00,62.71
2014-02-07 13:45:00,61.752
2014-02-07 13:50:00,61.872
2014-02-07 13:55:00,62.273
2014-02-07 14:00:00,60.458
2014-02-07 14:05:00,63.127
2014-02-07 14:10:00,62.201
2014-02-07 14:15:00,59.119
2014-02-07 14:20:00,62.184
2014-02-07 14:25:00,58.958
2014-02-07 14:30:00,62.255
2014-02-07 14:35:00,63.292
2014-02-07 14:40:00,61.613
2014-02-07 14:45:00,61.037
2014-02-07 14:50:00,61.979
2014-02-07 14:55:00,62.618
2014-02-07 15:00:00,61.774
2014-02-07 15:05:00,63.06
2014-02-07 15:10:00,60.612
2014-02-07 15:15:00,61.496
2014-02-07 15:20:00,61.869
2014-02-07 15:25:00,61.435
2014-02-07 15:30:00,62.022
2014-02-07 15:35:00,62.276
2014-02-07 15:40:00,62.776
2014-02-07 15:45:00,61.322
2014-02-07 15:50:00,61.488
2014-02-07 15:55:00,62.392
2014-02-07 16:00:00,61.617
2014-02-07 16:05:00,61.52
2014-02-07 16:10:00,62.381
2014-02-07 16:15:00,62.046
2014-02-07 16:20:00,61.739
2014-02-07 16:25:00,60.446
2014-02-07 16:30:00,62.519
2014-02-07 16:35:00,61.686
2014-02-07 16:40:00,64.576
2014-02-07 16:45:00,62.292
2014-02-07 16:50:00,62.938
2014-02-07 16:55:00,62.192
2014-02-07 17:00:00,62.339
2014-02-07 17:05:00,62.743
2014-02-07 17:10:00,63.845
2014-02-07 17:15:00,62.648
2014-02-07 17:20:00,62.574
2014-02-07 17:25:00,63.648
2014-02-07 17:30:00,62.47
2014-02-07 17:35:00,61.645
2014-02-07 17:40:00,62.968
2014-02-07 17:45:00,63.609
2014-02-07 17:50:00,64.575
2014-02-07 17:55:00,63.279
2014-02-07 18:00:00,61.468
2014-02-07 18:05:00,62.546
2014-02-07 18:10:00,64.177
2014-02-07 18:15:00,63.68
2014-02-07 18:20:00,65.375
2014-02-07 18:25:00,65.384
2014-02-07 18:30:00,67.003
2014-02-07 18:35:00,64.607
2014-02-07 18:40:00,65.0
2014-02-07 18:45:00,63.479
2014-02-07 18:50:00,64.599
2014-02-07 18:55:00,63.017
2014-02-07 19:00:00,65.123
2014-02-07 19:05:00,64.39
2014-02-07 19:10:00,62.33
2014-02-07 19:15:00,65.366
2014-02-07 19:20:00,65.338
2014-02-07 19:25:00,63.981
2014-02-07 19:30:00,63.688
2014-02-07 19:35:00,65.453
2014-02-07 19:40:00,65.732
2014-02-07 19:45:00,64.224
2014-02-07 19:50:00,65.451
2014-02-07 19:55:00,65.685
2014-02-07 20:00:00,64.762
2014-02-07 20:05:00,66.3
2014-02-07 20:10:00,65.849
2014-02-07 20:15:00,70.556
2014-02-07 20:20:00,70.028
2014-02-07 20:25:00,66.587
2014-02-07 20:30:00,68.633
2014-02-07 20:35:00,66.665
2014-02-07 20:40:00,67.035
2014-02-07 20:45:00,68.238
2014-02-07 20:50:00,68.302
2014-02-07 20:55:00,68.844
2014-02-07 21:00:00,70.57
2014-02-07 21:05:00,67.747
2014-02-07 21:10:00,70.385
2014-02-07 21:15:00,68.883
2014-02-07 21:20:00,68.937
2014-02-07 21:25:00,68.638
2014-02-07 21:30:00,70.036
2014-02-07 21:35:00,70.175
2014-02-07 21:40:00,71.487
2014-02-07 21:45:00,67.588
2014-02-07 21:50:00,70.779
2014-02-07 21:55:00,70.744
2014-02-07 22:00:00,71.419
2014-02-07 22:05:00,70.1
2014-02-07 22:10:00,70.171
2014-02-07 22:15:00,69.835
2014-02-07 22:20:00,70.665
2014-02-07 22:25:00,72.14
2014-02-07 22:30:00,69.595
2014-02-07 22:35:00,71.764
2014-02-07 22:40:00,72.941
2014-02-07 22:45:00,71.855
2014-02-07 22:50:00,73.015
2014-02-07 22:55:00,72.27
2014-02-07 23:00:00,72.412
2014-02-07 23:05:00,75.029
2014-02-07 23:10:00,73.99
2014-02-07 23:15:00,73.086
2014-02-07 23:20:00,72.747
2014-02-07 23:25:00,74.081
2014-02-07 23:30:00,73.176
2014-02-07 23:35:00,73.721
2014-02-07 23:40:00,72.452
2014-02-07 23:45:00,76.428
2014-02-07 23:50:00,73.258
2014-02-07 23:55:00,73.531
2014-02-08 00:00:00,72.597
2014-02-08 00:05:00,73.429
2014-02-08 00:10:00,75.307
2014-02-08 00:15:00,73.626
2014-02-08 00:20:00,74.947
2014-02-08 00:25:00,75.144
2014-02-08 00:30:00,75.545
2014-02-08 00:35:00,75.278
2014-02-08 00:40:00,76.557
2014-02-08 00:45:00,73.95
2014-02-08 00:50:00,76.044
2014-02-08 00:55:00,73.701
2014-02-08 01:00:00,75.03
2014-02-08 01:05:00,75.503
2014-02-08 01:10:00,73.019
2014-02-08 01:15:00,75.683
2014-02-08 01:20:00,75.055
2014-02-08 01:25:00,74.78
2014-02-08 01:30:00,74.349
2014-02-08 01:35:00,74.936
2014-02-08 01:40:00,76.839
2014-02-08 01:45:00,76.098
2014-02-08 01:50:00,76.805
2014-02-08 01:55:00,75.931
2014-02-08 02:00:00,75.015
2014-02-08 02:05:00,76.179
2014-02-08 02:10:00,77.344
2014-02-08 02:15:00,76.938
2014-02-08 02:20:00,76.284
2014-02-08 02:25:00,77.191
2014-02-08 02:30:00,77.019
2014-02-08 02:35:00,79.294
2014-02-08 02:40:00,76.183
2014-02-08 02:45:00,76.118
2014-02-08 02:50:00,75.618
2014-02-08 02:55:00,79.472
2014-02-08 03:00:00,77.438
2014-02-08 03:05:00,80.661
2014-02-08 03:10:00,77.753
2014-02-08 03:15:00,76.862
2014-02-08 03:20:00,77.035
2014-02-08 03:25:00,77.187
2014-02-08 03:30:00,77.119
2014-02-08 03:35:00,73.789
2014-02-08 03:40:00,75.66
2014-02-08 03:45:00,76.312
2014-02-08 03:50:00,74.884
2014-02-08 03:55:00,76.039
2014-02-08 04:00:00,78.119
2014-02-08 04:05:00,75.877
2014-02-08 04:10:00,77.206
2014-02-08 04:15:00,73.255
2014-02-08 04:20:00,76.242
2014-02-08 04:25:00,76.504
2014-02-08 04:30:00,74.975
2014-02-08 04:35:00,74.009
2014-02-08 04:40:00,76.357
2014-02-08 04:45:00,76.259
2014-02-08 04:50:00,75.264
2014-02-08 04:55:00,76.071
2014-02-08 05:00:00,77.018
2014-02-08 05:05:00,76.176
2014-02-08 05:10:00,76.159
2014-02-08 05:15:00,75.642
2014-02-08 05:20:00,74.123
2014-02-08 05:25:00,74.827
2014-02-08 05:30:00,74.994
2014-02-08 05:35:00,75.251
2014-02-08 05:40:00,74.738
2014-02-08 05:45:00,73.001
2014-02-08 05:50:00,76.394
2014-02-08 05:55:00,77.805
2014-02-08 06:00:00,75.978
2014-02-08 06:05:00,75.894
2014-02-08 06:10:00,75.499
2014-02-08 06:15:00,73.669
2014-02-08 06:20:00,73.746
2014-02-08 06:25:00,74.482
2014-02-08 06:30:00,73.318
2014-02-08 06:35:00,72.933
2014-02-08 06:40:00,72.433
2014-02-08 06:45:00,73.195
2014-02-08 06:50:00,72.015
2014-02-08 06:55:00,73.157
2014-02-08 07:00:00,72.999
2014-02-08 07:05:00,71.985
2014-02-08 07:10:00,73.691
2014-02-08 07:15:00,70.214
2014-02-08 07:20:00,74.097
2014-02-08 07:25:00,71.18
2014-02-08 07:30:00,71.326
2014-02-08 07:35:00,73.683
2014-02-08 07:40:00,72.742
2014-02-08 07:45:00,71.382
2014-02-08 07:50:00,71.698
2014-02-08 07:55:00,71.839
2014-02-08 08:00:00,67.764
2014-02-08 08:05:00,72.211
2014-02-08 08:10:00,71.333
2014-02-08 08:15:00,69.743
2014-02-08 08:20:00,70.505
2014-02-08 08:25:00,69.966
2014-02-08 08:30:00,69.255
2014-02-08 08:35:00,69.108
2014-02-08 08:40:00,71.091
2014-02-08 08:45:00,69.565
2014-02-08 08:50:00,69.258
2014-02-08 08:55:00,67.468
2014-02-08 09:00:00,69.515
2014-02-08 09:05:00,70.663
2014-02-08 09:10:00,67.934
2014-02-08 09:15:00,68.471
2014-02-08 09:20:00,68.403
2014-02-08 09:25:00,69.607
2014-02-08 09:30:00,66.671
2014-02-08 09:35:00,68.381
2014-02-08 09:40:00,66.93
2014-02-08 09:45:00,67.761
2014-02-08 09:50:00,69.07
2014-02-08 09:55:00,66.276
2014-02-08 10:00:00,66.839
2014-02-08 10:05:00,66.043
2014-02-08 10:10:00,63.627
2014-02-08 10:15:00,67.078
2014-02-08 10:20:00,63.368
2014-02-08 10:25:00,68.156
2014-02-08 10:30:00,63.486
2014-02-08 10:35:00,65.503
2014-02-08 10:40:00,65.131
2014-02-08 10:45:00,64.17
2014-02-08 10:50:00,64.04
2014-02-08 10:55:00,66.477
2014-02-08 11:00:00,64.261
2014-02-08 11:05:00,65.066
2014-02-08 11:10:00,66.857
2014-02-08 11:15:00,66.855
2014-02-08 11:20:00,65.804
2014-02-08 11:25:00,63.59
2014-02-08 11:30:00,59.972
2014-02-08 11:35:00,65.242
2014-02-08 11:40:00,64.377
2014-02-08 11:45:00,62.419
2014-02-08 11:50:00,63.905
2014-02-08 11:55:00,62.431
2014-02-08 12:00:00,62.072
2014-02-08 12:05:00,61.956
2014-02-08 12:10:00,63.628
2014-02-08 12:15:00,61.099
2014-02-08 12:20:00,61.014
2014-02-08 12:25:00,61.594
2014-02-08 12:30:00,62.071
2014-02-08 12:35:00,62.415
2014-02-08 12:40:00,62.62
2014-02-08 12:45:00,61.85
2014-02-08 12:50:00,60.421
2014-02-08 12:55:00,61.636
2014-02-08 13:00:00,60.615
2014-02-08 13:05:00,61.633
2014-02-08 13:10:00,61.968
2014-02-08 13:15:00,62.036
2014-02-08 13:20:00,62.692
2014-02-08 13:25:00,59.513
2014-02-08 13:30:00,60.72
2014-02-08 13:35:00,61.967
2014-02-08 13:40:00,59.211
2014-02-08 13:45:00,61.814
2014-02-08 13:50:00,60.292
2014-02-08 13:55:00,61.203
2014-02-08 14:00:00,61.058
2014-02-08 14:05:00,60.935
2014-02-08 14:10:00,60.877
2014-02-08 14:15:00,59.268
2014-02-08 14:20:00,60.424
2014-02-08 14:25:00,62.38
2014-02-08 14:30:00,59.679
2014-02-08 14:35:00,61.227
2014-02-08 14:40:00,59.653
2014-02-08 14:45:00,59.949
2014-02-08 14:50:00,61.99
2014-02-08 14:55:00,59.908
2014-02-08 15:00:00,60.062
2014-02-08 15:05:00,61.177
2014-02-08 15:10:00,61.055
2014-02-08 15:15:00,58.337
2014-02-08 15:20:00,61.718
2014-02-08 15:25:00,61.321
2014-02-08 15:30:00,59.416
2014-02-08 15:35:00,60.252
2014-02-08 15:40:00,58.829
2014-02-08 15:45:00,59.79
2014-02-08 15:50:00,60.19
2014-02-08 15:55:00,60.318
2014-02-08 16:00:00,59.9
2014-02-08 16:05:00,59.598
2014-02-08 16:10:00,60.677
2014-02-08 16:15:00,62.222
2014-02-08 16:20:00,60.827
2014-02-08 16:25:00,59.161
2014-02-08 16:30:00,62.012
2014-02-08 16:35:00,59.0
2014-02-08 16:40:00,60.459
2014-02-08 16:45:00,59.31
2014-02-08 16:50:00,60.46
2014-02-08 16:55:00,63.023
2014-02-08 17:00:00,57.287
2014-02-08 17:05:00,60.179
2014-02-08 17:10:00,59.135
2014-02-08 17:15:00,62.561
2014-02-08 17:20:00,63.606
2014-02-08 17:25:00,61.653
2014-02-08 17:30:00,63.014
2014-02-08 17:35:00,58.123
2014-02-08 17:40:00,61.971
2014-02-08 17:45:00,62.425
2014-02-08 17:50:00,62.63
2014-02-08 17:55:00,61.275
2014-02-08 18:00:00,61.566
2014-02-08 18:05:00,61.41
2014-02-08 18:10:00,62.584
2014-02-08 18:15:00,61.725
2014-02-08 18:20:00,62.971
2014-02-08 18:25:00,62.247
2014-02-08 18:30:00,61.988
2014-02-08 18:35:00,63.563
2014-02-08 18:40:00,63.039
2014-02-08 18:45:00,61.761
2014-02-08 18:50:00,66.266
2014-02-08 18:55:00,63.584
2014-02-08 19:00:00,63.098
2014-02-08 19:05:00,63.806
2014-02-08 19:10:00,63.635
2014-02-08 19:15:00,61.674
2014-02-08 19:20:00,61.575
2014-02-08 19:25:00,66.739
2014-02-08 19:30:00,64.672
2014-02-08 19:35:00,65.113
2014-02-08 19:40:00,64.679
2014-02-08 19:45:00,64.48
2014-02-08 19:50:00,63.05
2014-02-08 19:55:00,66.078
2014-02-08 20:00:00,63.604
2014-02-08 20:05:00,63.818
2014-02-08 20:10:00,66.326
2014-02-08 20:15:00,66.157
2014-02-08 20:20:00,65.704
2014-02-08 20:25:00,69.128
2014-02-08 20:30:00,67.174
2014-02-08 20:35:00,69.278
2014-02-08 20:40:00,66.253
2014-02-08 20:45:00,67.109
2014-02-08 20:50:00,68.623
2014-02-08 20:55:00,68.502
2014-02-08 21:00:00,67.506
2014-02-08 21:05:00,66.102
2014-02-08 21:10:00,66.171
2014-02-08 21:15:00,68.413
2014-02-08 21:20:00,66.424
2014-02-08 21:25:00,69.461
2014-02-08 21:30:00,69.907
2014-02-08 21:35:00,69.779
2014-02-08 21:40:00,66.82
2014-02-08 21:45:00,70.865
2014-02-08 21:50:00,69.447
2014-02-08 21:55:00,66.589
2014-02-08 22:00:00,68.927
2014-02-08 22:05:00,68.249
2014-02-08 22:10:00,69.941
2014-02-08 22:15:00,69.717
2014-02-08 22:20:00,69.726
2014-02-08 22:25:00,70.413
2014-02-08 22:30:00,69.217
2014-02-08 22:35:00,68.908
2014-02-08 22:40:00,69.468
2014-02-08 22:45:00,69.408
2014-02-08 22:50:00,70.707
2014-02-08 22:55:00,72.413
2014-02-08 23:00:00,72.171
2014-02-08 23:05:00,71.754
2014-02-08 23:10:00,72.222
2014-02-08 23:15:00,73.261
2014-02-08 23:20:00,72.416
2014-02-08 23:25:00,73.773
2014-02-08 23:30:00,72.394
2014-02-08 23:35:00,72.36
2014-02-08 23:40:00,74.104
2014-02-08 23:45:00,72.171
2014-02-08 23:50:00,71.999
2014-02-08 23:55:00,71.114
2014-02-09 00:00:00,73.191
2014-02-09 00:05:00,73.405
2014-02-09 00:10:00,74.42
2014-02-09 00:15:00,74.695
2014-02-09 00:20:00,73.916
2014-02-09 00:25:00,72.012
2014-02-09 00:30:00,71.189
2014-02-09 00:35:00,74.717
2014-02-09 00:40:00,74.471
2014-02-09 00:45:00,74.53
2014-02-09 00:50:00,74.246
2014-02-09 00:55:00,74.019
2014-02-09 01:00:00,72.209
2014-02-09 01:05:00,72.578
2014-02-09 01:10:00,76.279
2014-02-09 01:15:00,77.032
2014-02-09 01:20:00,73.925
2014-02-09 01:25:00,72.89
2014-02-09 01:30:00,72.147
2014-02-09 01:35:00,73.381
2014-02-09 01:40:00,75.314
2014-02-09 01:45:00,76.788
2014-02-09 01:50:00,76.038
2014-02-09 01:55:00,76.068
2014-02-09 02:00:00,75.122
2014-02-09 02:05:00,76.361
2014-02-09 02:10:00,74.499
2014-02-09 02:15:00,76.135
2014-02-09 02:20:00,77.453
2014-02-09 02:25:00,73.863
2014-02-09 02:30:00,77.992
2014-02-09 02:35:00,75.973
2014-02-09 02:40:00,74.189
2014-02-09 02:45:00,75.409
2014-02-09 02:50:00,75.712
2014-02-09 02:55:00,74.849
2014-02-09 03:00:00,74.543
2014-02-09 03:05:00,77.926
2014-02-09 03:10:00,75.791
2014-02-09 03:15:00,75.999
2014-02-09 03:20:00,74.961
2014-02-09 03:25:00,74.54
2014-02-09 03:30:00,75.408
2014-02-09 03:35:00,78.039
2014-02-09 03:40:00,77.576
2014-02-09 03:45:00,77.772
2014-02-09 03:50:00,76.603
2014-02-09 03:55:00,75.719
2014-02-09 04:00:00,76.384
2014-02-09 04:05:00,74.744
2014-02-09 04:10:00,79.462
2014-02-09 04:15:00,76.628
2014-02-09 04:20:00,74.052
2014-02-09 04:25:00,74.409
2014-02-09 04:30:00,73.373
2014-02-09 04:35:00,74.781
2014-02-09 04:40:00,75.352
2014-02-09 04:45:00,77.169
2014-02-09 04:50:00,77.465
2014-02-09 04:55:00,75.524
2014-02-09 05:00:00,74.714
2014-02-09 05:05:00,74.075
2014-02-09 05:10:00,73.324
2014-02-09 05:15:00,75.643
2014-02-09 05:20:00,74.905
2014-02-09 05:25:00,77.089
2014-02-09 05:30:00,75.64
2014-02-09 05:35:00,73.975
2014-02-09 05:40:00,74.438
2014-02-09 05:45:00,71.897
2014-02-09 05:50:00,74.912
2014-02-09 05:55:00,74.962
2014-02-09 06:00:00,73.821
2014-02-09 06:05:00,71.626
2014-02-09 06:10:00,75.554
2014-02-09 06:15:00,72.296
2014-02-09 06:20:00,73.459
2014-02-09 06:25:00,73.492
2014-02-09 06:30:00,74.045
2014-02-09 06:35:00,72.789
2014-02-09 06:40:00,70.831
2014-02-09 06:45:00,75.407
2014-02-09 06:50:00,74.415
2014-02-09 06:55:00,72.123
2014-02-09 07:00:00,72.732
2014-02-09 07:05:00,69.797
2014-02-09 07:10:00,73.463
2014-02-09 07:15:00,73.963
2014-02-09 07:20:00,71.331
2014-02-09 07:25:00,69.95
2014-02-09 07:30:00,69.811
2014-02-09 07:35:00,69.761
2014-02-09 07:40:00,70.375
2014-02-09 07:45:00,70.624
2014-02-09 07:50:00,71.801
2014-02-09 07:55:00,69.646
2014-02-09 08:00:00,70.635
2014-02-09 08:05:00,70.607
2014-02-09 08:10:00,71.951
2014-02-09 08:15:00,69.082
2014-02-09 08:20:00,68.175
2014-02-09 08:25:00,68.477
2014-02-09 08:30:00,70.009
2014-02-09 08:35:00,68.466
2014-02-09 08:40:00,69.349
2014-02-09 08:45:00,69.758
2014-02-09 08:50:00,68.602
2014-02-09 08:55:00,69.082
2014-02-09 09:00:00,67.439
2014-02-09 09:05:00,68.566
2014-02-09 09:10:00,68.76
2014-02-09 09:15:00,66.632
2014-02-09 09:20:00,67.118
2014-02-09 09:25:00,68.347
2014-02-09 09:30:00,67.323
2014-02-09 09:35:00,66.483
2014-02-09 09:40:00,65.797
2014-02-09 09:45:00,64.57
2014-02-09 09:50:00,67.411
2014-02-09 09:55:00,66.009
2014-02-09 10:00:00,65.997
2014-02-09 10:05:00,66.169
2014-02-09 10:10:00,65.145
2014-02-09 10:15:00,67.973
2014-02-09 10:20:00,66.536
2014-02-09 10:25:00,65.007
2014-02-09 10:30:00,64.571
2014-02-09 10:35:00,65.346
2014-02-09 10:40:00,66.57
2014-02-09 10:45:00,64.961
2014-02-09 10:50:00,65.538
2014-02-09 10:55:00,63.261
2014-02-09 11:00:00,61.846
2014-02-09 11:05:00,65.778
2014-02-09 11:10:00,63.854
2014-02-09 11:15:00,64.906
2014-02-09 11:20:00,62.911
2014-02-09 11:25:00,65.488
2014-02-09 11:30:00,64.15
2014-02-09 11:35:00,63.209
2014-02-09 11:40:00,62.909
2014-02-09 11:45:00,63.094
2014-02-09 11:50:00,61.768
2014-02-09 11:55:00,63.402
2014-02-09 12:00:00,63.058
2014-02-09 12:05:00,62.101
2014-02-09 12:10:00,60.869
2014-02-09 12:15:00,61.336
2014-02-09 12:20:00,61.789
2014-02-09 12:25:00,62.226
2014-02-09 12:30:00,61.653
2014-02-09 12:35:00,62.522
2014-02-09 12:40:00,62.926
2014-02-09 12:45:00,60.418
2014-02-09 12:50:00,61.847
2014-02-09 12:55:00,59.388
2014-02-09 13:00:00,60.643
2014-02-09 13:05:00,61.591
2014-02-09 13:10:00,60.782
2014-02-09 13:15:00,61.674
2014-02-09 13:20:00,61.42
2014-02-09 13:25:00,59.798
2014-02-09 13:30:00,60.697
2014-02-09 13:35:00,57.234
2014-02-09 13:40:00,60.998
2014-02-09 13:45:00,59.515
2014-02-09 13:50:00,60.054
2014-02-09 13:55:00,60.794
2014-02-09 14:00:00,59.77
2014-02-09 14:05:00,61.54
2014-02-09 14:10:00,61.282
2014-02-09 14:15:00,60.578
2014-02-09 14:20:00,61.021
2014-02-09 14:25:00,59.175
2014-02-09 14:30:00,58.927
2014-02-09 14:35:00,61.957
2014-02-09 14:40:00,60.313
2014-02-09 14:45:00,58.877
2014-02-09 14:50:00,62.237
2014-02-09 14:55:00,60.154
2014-02-09 15:00:00,58.299
2014-02-09 15:05:00,60.427
2014-02-09 15:10:00,60.487
2014-02-09 15:15:00,61.553
2014-02-09 15:20:00,59.9
2014-02-09 15:25:00,61.02
2014-02-09 15:30:00,60.989
2014-02-09 15:35:00,60.316
2014-02-09 15:40:00,58.177
2014-02-09 15:45:00,61.073
2014-02-09 15:50:00,61.075
2014-02-09 15:55:00,59.146
2014-02-09 16:00:00,59.778
2014-02-09 16:05:00,61.603
2014-02-09 16:10:00,60.619
2014-02-09 16:15:00,60.853
2014-02-09 16:20:00,59.558
2014-02-09 16:25:00,60.194
2014-02-09 16:30:00,60.82
2014-02-09 16:35:00,59.534
2014-02-09 16:40:00,57.459
2014-02-09 16:45:00,60.265
2014-02-09 16:50:00,61.534
2014-02-09 16:55:00,60.528
2014-02-09 17:00:00,60.075
2014-02-09 17:05:00,61.063
2014-02-09 17:10:00,62.446
2014-02-09 17:15:00,61.693
2014-02-09 17:20:00,61.431
2014-02-09 17:25:00,61.7
2014-02-09 17:30:00,60.955
2014-02-09 17:35:00,60.771
2014-02-09 17:40:00,62.199
2014-02-09 17:45:00,63.259
2014-02-09 17:50:00,64.126
2014-02-09 17:55:00,63.104
2014-02-09 18:00:00,62.576
2014-02-09 18:05:00,63.452
2014-02-09 18:10:00,62.066
2014-02-09 18:15:00,59.55
2014-02-09 18:20:00,61.764
2014-02-09 18:25:00,63.636
2014-02-09 18:30:00,64.095
2014-02-09 18:35:00,64.425
2014-02-09 18:40:00,63.611
2014-02-09 18:45:00,64.899
2014-02-09 18:50:00,63.201
2014-02-09 18:55:00,61.499
2014-02-09 19:00:00,62.935
2014-02-09 19:05:00,63.277
2014-02-09 19:10:00,64.054
2014-02-09 19:15:00,64.085
2014-02-09 19:20:00,64.28
2014-02-09 19:25:00,67.339
2014-02-09 19:30:00,63.633
2014-02-09 19:35:00,64.806
2014-02-09 19:40:00,64.823
2014-02-09 19:45:00,64.632
2014-02-09 19:50:00,64.752
2014-02-09 19:55:00,63.68
2014-02-09 20:00:00,65.968
2014-02-09 20:05:00,65.061
2014-02-09 20:10:00,65.993
2014-02-09 20:15:00,66.544
2014-02-09 20:20:00,64.246
2014-02-09 20:25:00,66.313
2014-02-09 20:30:00,67.029
2014-02-09 20:35:00,65.669
2014-02-09 20:40:00,65.448
2014-02-09 20:45:00,66.442
2014-02-09 20:50:00,68.576
2014-02-09 20:55:00,67.438
2014-02-09 21:00:00,68.672
2014-02-09 21:05:00,67.07
2014-02-09 21:10:00,68.251
2014-02-09 21:15:00,68.596
2014-02-09 21:20:00,69.241
2014-02-09 21:25:00,70.431
2014-02-09 21:30:00,68.4
2014-02-09 21:35:00,70.331
2014-02-09 21:40:00,69.209
2014-02-09 21:45:00,68.096
2014-02-09 21:50:00,70.722
2014-02-09 21:55:00,68.902
2014-02-09 22:00:00,69.545
2014-02-09 22:05:00,70.987
2014-02-09 22:10:00,69.939
2014-02-09 22:15:00,70.742
2014-02-09 22:20:00,70.647
2014-02-09 22:25:00,70.625
2014-02-09 22:30:00,71.785
2014-02-09 22:35:00,69.955
2014-02-09 22:40:00,71.861
2014-02-09 22:45:00,72.176
2014-02-09 22:50:00,72.037
2014-02-09 22:55:00,73.078
2014-02-09 23:00:00,72.749
2014-02-09 23:05:00,71.09
2014-02-09 23:10:00,72.492
2014-02-09 23:15:00,72.939
2014-02-09 23:20:00,73.978
2014-02-09 23:25:00,75.414
2014-02-09 23:30:00,73.328
2014-02-09 23:35:00,73.587
2014-02-09 23:40:00,73.452
2014-02-09 23:45:00,71.154
2014-02-09 23:50:00,74.412
2014-02-09 23:55:00,72.185
2014-02-10 00:00:00,72.211
2014-02-10 00:05:00,74.084
2014-02-10 00:10:00,74.672
2014-02-10 00:15:00,74.131
2014-02-10 00:20:00,75.438
2014-02-10 00:25:00,76.285
2014-02-10 00:30:00,75.977
2014-02-10 00:35:00,76.811
2014-02-10 00:40:00,74.16
2014-02-10 00:45:00,75.673
2014-02-10 00:50:00,75.704
2014-02-10 00:55:00,74.132
2014-02-10 01:00:00,74.987
2014-02-10 01:05:00,75.276
2014-02-10 01:10:00,75.727
2014-02-10 01:15:00,76.069
2014-02-10 01:20:00,74.253
2014-02-10 01:25:00,76.463
2014-02-10 01:30:00,76.455
2014-02-10 01:35:00,78.189
2014-02-10 01:40:00,76.112
2014-02-10 01:45:00,76.324
2014-02-10 01:50:00,76.654
2014-02-10 01:55:00,77.316
2014-02-10 02:00:00,77.767
2014-02-10 02:05:00,75.939
2014-02-10 02:10:00,75.859
2014-02-10 02:15:00,76.258
2014-02-10 02:20:00,77.407
2014-02-10 02:25:00,76.393
2014-02-10 02:30:00,76.144
2014-02-10 02:35:00,75.738
2014-02-10 02:40:00,76.828
2014-02-10 02:45:00,76.282
2014-02-10 02:50:00,74.367
2014-02-10 02:55:00,76.009
2014-02-10 03:00:00,74.352
2014-02-10 03:05:00,77.496
2014-02-10 03:10:00,76.907
2014-02-10 03:15:00,74.05
2014-02-10 03:20:00,76.926
2014-02-10 03:25:00,76.294
2014-02-10 03:30:00,77.908
2014-02-10 03:35:00,76.142
2014-02-10 03:40:00,77.178
2014-02-10 03:45:00,74.242
2014-02-10 03:50:00,75.563
2014-02-10 03:55:00,74.046
2014-02-10 04:00:00,76.439
2014-02-10 04:05:00,77.384
2014-02-10 04:10:00,77.486
2014-02-10 04:15:00,78.629
2014-02-10 04:20:00,77.583
2014-02-10 04:25:00,78.898
2014-02-10 04:30:00,75.792
2014-02-10 04:35:00,76.948
2014-02-10 04:40:00,77.947
2014-02-10 04:45:00,77.657
2014-02-10 04:50:00,76.69
2014-02-10 04:55:00,76.922
2014-02-10 05:00:00,72.907
2014-02-10 05:05:00,77.116
2014-02-10 05:10:00,75.989
2014-02-10 05:15:00,75.739
2014-02-10 05:20:00,75.985
2014-02-10 05:25:00,77.151
2014-02-10 05:30:00,75.432
2014-02-10 05:35:00,73.434
2014-02-10 05:40:00,75.158
2014-02-10 05:45:00,75.63
2014-02-10 05:50:00,76.366
2014-02-10 05:55:00,73.915
2014-02-10 06:00:00,72.258
2014-02-10 06:05:00,72.53
2014-02-10 06:10:00,73.865
2014-02-10 06:15:00,76.249
2014-02-10 06:20:00,74.79
2014-02-10 06:25:00,75.955
2014-02-10 06:30:00,75.526
2014-02-10 06:35:00,75.436
2014-02-10 06:40:00,75.367
2014-02-10 06:45:00,73.761
2014-02-10 06:50:00,73.208
2014-02-10 06:55:00,73.437
2014-02-10 07:00:00,73.903
2014-02-10 07:05:00,72.919
2014-02-10 07:10:00,72.3
2014-02-10 07:15:00,73.72
2014-02-10 07:20:00,75.966
2014-02-10 07:25:00,73.668
2014-02-10 07:30:00,71.383
2014-02-10 07:35:00,71.911
2014-02-10 07:40:00,73.147
2014-02-10 07:45:00,72.997
2014-02-10 07:50:00,70.884
2014-02-10 07:55:00,72.361
2014-02-10 08:00:00,71.261
2014-02-10 08:05:00,72.103
2014-02-10 08:10:00,72.291
2014-02-10 08:15:00,69.981
2014-02-10 08:20:00,69.879
2014-02-10 08:25:00,73.922
2014-02-10 08:30:00,69.842
2014-02-10 08:35:00,69.982
2014-02-10 08:40:00,70.299
2014-02-10 08:45:00,68.548
2014-02-10 08:50:00,71.877
2014-02-10 08:55:00,70.089
2014-02-10 09:00:00,68.131
2014-02-10 09:05:00,69.416
2014-02-10 09:10:00,69.273
2014-02-10 09:15:00,69.217
2014-02-10 09:20:00,68.92
2014-02-10 09:25:00,64.974
2014-02-10 09:30:00,68.678
2014-02-10 09:35:00,66.135
2014-02-10 09:40:00,68.649
2014-02-10 09:45:00,68.171
2014-02-10 09:50:00,69.852
2014-02-10 09:55:00,67.91
2014-02-10 10:00:00,70.047
2014-02-10 10:05:00,69.296
2014-02-10 10:10:00,68.195
2014-02-10 10:15:00,65.792
2014-02-10 10:20:00,68.007
2014-02-10 10:25:00,68.587
2014-02-10 10:30:00,68.358
2014-02-10 10:35:00,65.31
2014-02-10 10:40:00,68.661
2014-02-10 10:45:00,65.325
2014-02-10 10:50:00,66.041
2014-02-10 10:55:00,66.173
2014-02-10 11:00:00,65.625
2014-02-10 11:05:00,67.125
2014-02-10 11:10:00,66.253
2014-02-10 11:15:00,65.454
2014-02-10 11:20:00,66.018
2014-02-10 11:25:00,64.323
2014-02-10 11:30:00,65.131
2014-02-10 11:35:00,65.467
2014-02-10 11:40:00,65.295
2014-02-10 11:45:00,64.464
2014-02-10 11:50:00,64.086
2014-02-10 11:55:00,64.444
2014-02-10 12:00:00,65.001
2014-02-10 12:05:00,61.495
2014-02-10 12:10:00,64.177
2014-02-10 12:15:00,62.647
2014-02-10 12:20:00,64.147
2014-02-10 12:25:00,63.355
2014-02-10 12:30:00,63.986
2014-02-10 12:35:00,62.665
2014-02-10 12:40:00,62.569
2014-02-10 12:45:00,63.941
2014-02-10 12:50:00,62.416
2014-02-10 12:55:00,60.324
2014-02-10 13:00:00,62.924
2014-02-10 13:05:00,63.86
2014-02-10 13:10:00,61.04
2014-02-10 13:15:00,62.441
2014-02-10 13:20:00,60.684
2014-02-10 13:25:00,61.643
2014-02-10 13:30:00,62.458
2014-02-10 13:35:00,62.944
2014-02-10 13:40:00,62.244
2014-02-10 13:45:00,61.28
2014-02-10 13:50:00,63.221
2014-02-10 13:55:00,63.931
2014-02-10 14:00:00,61.325
2014-02-10 14:05:00,62.283
2014-02-10 14:10:00,61.666
2014-02-10 14:15:00,61.819
2014-02-10 14:20:00,60.641
2014-02-10 14:25:00,61.426
2014-02-10 14:30:00,61.622
2014-02-10 14:35:00,60.136
2014-02-10 14:40:00,61.23
2014-02-10 14:45:00,61.102
2014-02-10 14:50:00,62.611
2014-02-10 14:55:00,59.718
2014-02-10 15:00:00,61.563
2014-02-10 15:05:00,61.028
2014-02-10 15:10:00,61.851
2014-02-10 15:15:00,61.272
2014-02-10 15:20:00,61.939
2014-02-10 15:25:00,59.608
2014-02-10 15:30:00,59.543
2014-02-10 15:35:00,63.243
2014-02-10 15:40:00,60.367
2014-02-10 15:45:00,60.59
2014-02-10 15:50:00,62.264
2014-02-10 15:55:00,61.544
2014-02-10 16:00:00,61.828
2014-02-10 16:05:00,63.21
2014-02-10 16:10:00,62.292
2014-02-10 16:15:00,63.203
2014-02-10 16:20:00,61.535
2014-02-10 16:25:00,63.089
2014-02-10 16:30:00,63.47
2014-02-10 16:35:00,64.341
2014-02-10 16:40:00,60.999
2014-02-10 16:45:00,63.349
2014-02-10 16:50:00,63.5
2014-02-10 16:55:00,61.153
2014-02-10 17:00:00,60.145
2014-02-10 17:05:00,61.547
2014-02-10 17:10:00,60.768
2014-02-10 17:15:00,65.711
2014-02-10 17:20:00,63.391
2014-02-10 17:25:00,63.336
2014-02-10 17:30:00,62.691
2014-02-10 17:35:00,63.465
2014-02-10 17:40:00,63.462
2014-02-10 17:45:00,64.756
2014-02-10 17:50:00,63.642
2014-02-10 17:55:00,64.83
2014-02-10 18:00:00,65.957
2014-02-10 18:05:00,63.055
2014-02-10 18:10:00,63.833
2014-02-10 18:15:00,65.158
2014-02-10 18:20:00,63.544
2014-02-10 18:25:00,63.14
2014-02-10 18:30:00,65.315
2014-02-10 18:35:00,64.207
2014-02-10 18:40:00,66.881
2014-02-10 18:45:00,66.514
2014-02-10 18:50:00,64.328
2014-02-10 18:55:00,62.832
2014-02-10 19:00:00,64.218
2014-02-10 19:05:00,66.129
2014-02-10 19:10:00,65.723
2014-02-10 19:15:00,65.574
2014-02-10 19:20:00,65.373
2014-02-10 19:25:00,65.865
2014-02-10 19:30:00,66.255
2014-02-10 19:35:00,65.015
2014-02-10 19:40:00,66.375
2014-02-10 19:45:00,69.255
2014-02-10 19:50:00,66.894
2014-02-10 19:55:00,67.939
2014-02-10 20:00:00,67.215
2014-02-10 20:05:00,67.092
2014-02-10 20:10:00,66.819
2014-02-10 20:15:00,65.636
2014-02-10 20:20:00,67.389
2014-02-10 20:25:00,69.037
2014-02-10 20:30:00,68.132
2014-02-10 20:35:00,70.459
2014-02-10 20:40:00,69.753
2014-02-10 20:45:00,70.137
2014-02-10 20:50:00,69.796
2014-02-10 20:55:00,69.82
2014-02-10 21:00:00,70.244
2014-02-10 21:05:00,68.422
2014-02-10 21:10:00,67.318
2014-02-10 21:15:00,70.961
2014-02-10 21:20:00,69.542
2014-02-10 21:25:00,70.521
2014-02-10 21:30:00,67.376
2014-02-10 21:35:00,71.406
2014-02-10 21:40:00,69.512
2014-02-10 21:45:00,72.482
2014-02-10 21:50:00,71.702
2014-02-10 21:55:00,70.906
2014-02-10 22:00:00,72.871
2014-02-10 22:05:00,72.628
2014-02-10 22:10:00,71.731
2014-02-10 22:15:00,71.257
2014-02-10 22:20:00,72.633
2014-02-10 22:25:00,71.484
2014-02-10 22:30:00,74.597
2014-02-10 22:35:00,71.953
2014-02-10 22:40:00,71.357
2014-02-10 22:45:00,72.117
2014-02-10 22:50:00,74.34
2014-02-10 22:55:00,73.309
2014-02-10 23:00:00,72.321
2014-02-10 23:05:00,73.46
2014-02-10 23:10:00,72.445
2014-02-10 23:15:00,74.86
2014-02-10 23:20:00,74.688
2014-02-10 23:25:00,73.76
2014-02-10 23:30:00,74.836
2014-02-10 23:35:00,75.611
2014-02-10 23:40:00,75.681
2014-02-10 23:45:00,76.461
2014-02-10 23:50:00,74.152
2014-02-10 23:55:00,74.94
2014-02-11 00:00:00,74.436
2014-02-11 00:05:00,76.912
2014-02-11 00:10:00,76.775
2014-02-11 00:15:00,76.265
2014-02-11 00:20:00,75.637
2014-02-11 00:25:00,74.398
2014-02-11 00:30:00,77.189
2014-02-11 00:35:00,57.133
2014-02-11 00:40:00,60.398
2014-02-11 00:45:00,58.733
2014-02-11 00:50:00,56.352
2014-02-11 00:55:00,56.212
2014-02-11 01:00:00,61.212
2014-02-11 01:05:00,58.103
2014-02-11 01:10:00,58.943
2014-02-11 01:15:00,60.009
2014-02-11 01:20:00,60.475
2014-02-11 01:25:00,59.394
2014-02-11 01:30:00,59.705
2014-02-11 01:35:00,57.22
2014-02-11 01:40:00,59.946
2014-02-11 01:45:00,58.835
2014-02-11 01:50:00,61.923
2014-02-11 01:55:00,62.859
2014-02-11 02:00:00,58.704
2014-02-11 02:05:00,59.401
2014-02-11 02:10:00,59.544
2014-02-11 02:15:00,60.926
2014-02-11 02:20:00,59.694
2014-02-11 02:25:00,58.122
2014-02-11 02:30:00,57.312
2014-02-11 02:35:00,59.531
2014-02-11 02:40:00,61.725
2014-02-11 02:45:00,64.058
2014-02-11 02:50:00,60.915
2014-02-11 02:55:00,61.543
2014-02-11 03:00:00,62.56
2014-02-11 03:05:00,61.59
2014-02-11 03:10:00,60.324
2014-02-11 03:15:00,57.44
2014-02-11 03:20:00,58.475
2014-02-11 03:25:00,58.448
2014-02-11 03:30:00,61.551
2014-02-11 03:35:00,60.184
2014-02-11 03:40:00,60.948
2014-02-11 03:45:00,59.637
2014-02-11 03:50:00,60.894
2014-02-11 03:55:00,61.123
2014-02-11 04:00:00,61.723
2014-02-11 04:05:00,61.665
2014-02-11 04:10:00,59.175
2014-02-11 04:15:00,56.866
2014-02-11 04:20:00,58.526
2014-02-11 04:25:00,59.771
2014-02-11 04:30:00,63.147
2014-02-11 04:35:00,61.684
2014-02-11 04:40:00,53.894
2014-02-11 04:45:00,60.026
2014-02-11 04:50:00,58.651
2014-02-11 04:55:00,61.052
2014-02-11 05:00:00,60.652
2014-02-11 05:05:00,58.742
2014-02-11 05:10:00,58.076
2014-02-11 05:15:00,62.324
2014-02-11 05:20:00,57.915
2014-02-11 05:25:00,57.957
2014-02-11 05:30:00,58.869
2014-02-11 05:35:00,57.351
2014-02-11 05:40:00,76.428
2014-02-11 05:45:00,76.862
2014-02-11 05:50:00,77.389
2014-02-11 05:55:00,76.167
2014-02-11 06:00:00,76.915
2014-02-11 06:05:00,76.716
2014-02-11 06:10:00,76.955
2014-02-11 06:15:00,74.818
2014-02-11 06:20:00,78.291
2014-02-11 06:25:00,75.451
2014-02-11 06:30:00,78.545
2014-02-11 06:35:00,76.074
2014-02-11 06:40:00,76.408
2014-02-11 06:45:00,73.065
2014-02-11 06:50:00,75.911
2014-02-11 06:55:00,73.945
2014-02-11 07:00:00,74.958
2014-02-11 07:05:00,72.66
2014-02-11 07:10:00,76.167
2014-02-11 07:15:00,77.058
2014-02-11 07:20:00,75.053
2014-02-11 07:25:00,74.672
2014-02-11 07:30:00,75.168
2014-02-11 07:35:00,73.694
2014-02-11 07:40:00,75.6
2014-02-11 07:45:00,74.756
2014-02-11 07:50:00,73.941
2014-02-11 07:55:00,73.103
2014-02-11 08:00:00,73.552
2014-02-11 08:05:00,72.68
2014-02-11 08:10:00,73.999
2014-02-11 08:15:00,71.579
2014-02-11 08:20:00,72.613
2014-02-11 08:25:00,74.824
2014-02-11 08:30:00,72.349
2014-02-11 08:35:00,70.554
2014-02-11 08:40:00,72.103
2014-02-11 08:45:00,72.258
2014-02-11 08:50:00,72.65
2014-02-11 08:55:00,72.56
2014-02-11 09:00:00,73.638
2014-02-11 09:05:00,71.011
2014-02-11 09:10:00,71.858
2014-02-11 09:15:00,70.137
2014-02-11 09:20:00,72.627
2014-02-11 09:25:00,71.771
2014-02-11 09:30:00,71.021
2014-02-11 09:35:00,70.407
2014-02-11 09:40:00,71.109
2014-02-11 09:45:00,70.27
2014-02-11 09:50:00,67.59
2014-02-11 09:55:00,68.333
2014-02-11 10:00:00,69.35
2014-02-11 10:05:00,69.138
2014-02-11 10:10:00,70.586
2014-02-11 10:15:00,69.586
2014-02-11 10:20:00,68.69
2014-02-11 10:25:00,69.993
2014-02-11 10:30:00,66.911
2014-02-11 10:35:00,67.634
2014-02-11 10:40:00,68.689
2014-02-11 10:45:00,68.262
2014-02-11 10:50:00,67.206
2014-02-11 10:55:00,67.272
2014-02-11 11:00:00,67.318
2014-02-11 11:05:00,67.015
2014-02-11 11:10:00,66.462
2014-02-11 11:15:00,65.057
2014-02-11 11:20:00,66.663
2014-02-11 11:25:00,66.535
2014-02-11 11:30:00,68.308
2014-02-11 11:35:00,66.528
2014-02-11 11:40:00,66.284
2014-02-11 11:45:00,65.412
2014-02-11 11:50:00,67.23
2014-02-11 11:55:00,64.599
2014-02-11 12:00:00,67.906
2014-02-11 12:05:00,62.79
2014-02-11 12:10:00,65.857
2014-02-11 12:15:00,65.954
2014-02-11 12:20:00,66.353
2014-02-11 12:25:00,64.988
2014-02-11 12:30:00,66.105
2014-02-11 12:35:00,64.775
2014-02-11 12:40:00,64.736
2014-02-11 12:45:00,65.22
2014-02-11 12:50:00,63.137
2014-02-11 12:55:00,64.827
2014-02-11 13:00:00,65.916
2014-02-11 13:05:00,64.275
2014-02-11 13:10:00,65.546
2014-02-11 13:15:00,63.415
2014-02-11 13:20:00,66.305
2014-02-11 13:25:00,62.745
2014-02-11 13:30:00,62.495
2014-02-11 13:35:00,63.539
2014-02-11 13:40:00,65.104
2014-02-11 13:45:00,65.171
2014-02-11 13:50:00,63.31
2014-02-11 13:55:00,63.436
2014-02-11 14:00:00,64.906
2014-02-11 14:05:00,62.623
2014-02-11 14:10:00,64.209
2014-02-11 14:15:00,62.191
2014-02-11 14:20:00,63.077
2014-02-11 14:25:00,62.02
2014-02-11 14:30:00,61.429
2014-02-11 14:35:00,63.996
2014-02-11 14:40:00,62.667
2014-02-11 14:45:00,62.131
2014-02-11 14:50:00,63.962
2014-02-11 14:55:00,62.748
2014-02-11 15:00:00,62.176
2014-02-11 15:05:00,63.399
2014-02-11 15:10:00,64.76
2014-02-11 15:15:00,64.374
2014-02-11 15:20:00,60.363
2014-02-11 15:25:00,64.871
2014-02-11 15:30:00,64.0
2014-02-11 15:35:00,63.675
2014-02-11 15:40:00,62.973
2014-02-11 15:45:00,62.334
2014-02-11 15:50:00,64.413
2014-02-11 15:55:00,63.164
2014-02-11 16:00:00,63.246
2014-02-11 16:05:00,64.711
2014-02-11 16:10:00,64.013
2014-02-11 16:15:00,64.222
2014-02-11 16:20:00,63.298
2014-02-11 16:25:00,63.783
2014-02-11 16:30:00,63.594
2014-02-11 16:35:00,62.729
2014-02-11 16:40:00,63.756
2014-02-11 16:45:00,63.379
2014-02-11 16:50:00,62.37
2014-02-11 16:55:00,64.711
2014-02-11 17:00:00,63.163
2014-02-11 17:05:00,64.036
2014-02-11 17:10:00,65.195
2014-02-11 17:15:00,62.321
2014-02-11 17:20:00,65.831
2014-02-11 17:25:00,67.138
2014-02-11 17:30:00,65.256
2014-02-11 17:35:00,64.951
2014-02-11 17:40:00,65.829
2014-02-11 17:45:00,64.906
2014-02-11 17:50:00,66.408
2014-02-11 17:55:00,64.443
2014-02-11 18:00:00,65.338
2014-02-11 18:05:00,64.134
2014-02-11 18:10:00,66.677
2014-02-11 18:15:00,65.629
2014-02-11 18:20:00,65.667
2014-02-11 18:25:00,64.479
2014-02-11 18:30:00,67.205
2014-02-11 18:35:00,66.752
2014-02-11 18:40:00,66.035
2014-02-11 18:45:00,67.267
2014-02-11 18:50:00,66.403
2014-02-11 18:55:00,67.362
2014-02-11 19:00:00,68.136
2014-02-11 19:05:00,68.812
2014-02-11 19:10:00,65.252
2014-02-11 19:15:00,66.167
2014-02-11 19:20:00,66.003
2014-02-11 19:25:00,66.229
2014-02-11 19:30:00,66.584
2014-02-11 19:35:00,66.448
2014-02-11 19:40:00,68.778
2014-02-11 19:45:00,67.666
2014-02-11 19:50:00,68.95
2014-02-11 19:55:00,68.876
2014-02-11 20:00:00,67.133
2014-02-11 20:05:00,69.235
2014-02-11 20:10:00,68.927
2014-02-11 20:15:00,68.646
2014-02-11 20:20:00,69.767
2014-02-11 20:25:00,68.913
2014-02-11 20:30:00,70.49
2014-02-11 20:35:00,70.86
2014-02-11 20:40:00,68.611
2014-02-11 20:45:00,69.657
2014-02-11 20:50:00,68.406
2014-02-11 20:55:00,69.476
2014-02-11 21:00:00,70.997
2014-02-11 21:05:00,69.611
2014-02-11 21:10:00,72.548
2014-02-11 21:15:00,70.035
2014-02-11 21:20:00,75.281
2014-02-11 21:25:00,71.809
2014-02-11 21:30:00,72.325
2014-02-11 21:35:00,71.79
2014-02-11 21:40:00,71.559
2014-02-11 21:45:00,74.088
2014-02-11 21:50:00,74.526
2014-02-11 21:55:00,72.841
2014-02-11 22:00:00,72.767
2014-02-11 22:05:00,72.412
2014-02-11 22:10:00,72.273
2014-02-11 22:15:00,73.872
2014-02-11 22:20:00,71.819
2014-02-11 22:25:00,72.855
2014-02-11 22:30:00,73.852
2014-02-11 22:35:00,74.311
2014-02-11 22:40:00,74.236
2014-02-11 22:45:00,74.096
2014-02-11 22:50:00,75.346
2014-02-11 22:55:00,75.442
2014-02-11 23:00:00,75.351
2014-02-11 23:05:00,75.468
2014-02-11 23:10:00,73.926
2014-02-11 23:15:00,78.135
2014-02-11 23:20:00,75.204
2014-02-11 23:25:00,76.737
2014-02-11 23:30:00,76.18
2014-02-11 23:35:00,76.834
2014-02-11 23:40:00,74.926
2014-02-11 23:45:00,76.694
2014-02-11 23:50:00,75.261
2014-02-11 23:55:00,75.482
2014-02-12 00:00:00,75.766
2014-02-12 00:05:00,75.732
2014-02-12 00:10:00,76.617
2014-02-12 00:15:00,77.676
2014-02-12 00:20:00,77.987
2014-02-12 00:25:00,78.659
2014-02-12 00:30:00,79.256
2014-02-12 00:35:00,79.843
2014-02-12 00:40:00,77.51
2014-02-12 00:45:00,78.184
2014-02-12 00:50:00,77.302
2014-02-12 00:55:00,79.927
2014-02-12 01:00:00,79.431
2014-02-12 01:05:00,79.781
2014-02-12 01:10:00,77.871
2014-02-12 01:15:00,79.112
2014-02-12 01:20:00,77.824
2014-02-12 01:25:00,78.739
2014-02-12 01:30:00,80.136
2014-02-12 01:35:00,78.917
2014-02-12 01:40:00,79.357
2014-02-12 01:45:00,78.821
2014-02-12 01:50:00,77.637
2014-02-12 01:55:00,78.589
2014-02-12 02:00:00,77.698
2014-02-12 02:05:00,79.897
2014-02-12 02:10:00,79.358
2014-02-12 02:15:00,79.894
2014-02-12 02:20:00,76.551
2014-02-12 02:25:00,78.41
2014-02-12 02:30:00,83.053
2014-02-12 02:35:00,79.468
2014-02-12 02:40:00,79.548
2014-02-12 02:45:00,79.299
2014-02-12 02:50:00,81.771
2014-02-12 02:55:00,78.8
2014-02-12 03:00:00,78.977
2014-02-12 03:05:00,80.946
2014-02-12 03:10:00,79.994
2014-02-12 03:15:00,80.513
2014-02-12 03:20:00,81.305
2014-02-12 03:25:00,80.346
2014-02-12 03:30:00,78.623
2014-02-12 03:35:00,80.71
2014-02-12 03:40:00,79.779
2014-02-12 03:45:00,79.191
2014-02-12 03:50:00,79.281
2014-02-12 03:55:00,80.573
2014-02-12 04:00:00,79.668
2014-02-12 04:05:00,81.324
2014-02-12 04:10:00,78.568
2014-02-12 04:15:00,79.192
2014-02-12 04:20:00,81.592
2014-02-12 04:25:00,80.169
2014-02-12 04:30:00,77.698
2014-02-12 04:35:00,79.738
2014-02-12 04:40:00,77.494
2014-02-12 04:45:00,79.446
2014-02-12 04:50:00,78.745
2014-02-12 04:55:00,79.01
2014-02-12 05:00:00,78.453
2014-02-12 05:05:00,76.612
2014-02-12 05:10:00,79.297
2014-02-12 05:15:00,80.49
2014-02-12 05:20:00,78.763
2014-02-12 05:25:00,79.528
2014-02-12 05:30:00,78.247
2014-02-12 05:35:00,78.528
2014-02-12 05:40:00,78.905
2014-02-12 05:45:00,79.312
2014-02-12 05:50:00,77.131
2014-02-12 05:55:00,79.333
2014-02-12 06:00:00,76.368
2014-02-12 06:05:00,78.274
2014-02-12 06:10:00,77.399
2014-02-12 06:15:00,77.009
2014-02-12 06:20:00,76.679
2014-02-12 06:25:00,77.676
2014-02-12 06:30:00,74.492
2014-02-12 06:35:00,75.63
2014-02-12 06:40:00,74.741
2014-02-12 06:45:00,76.469
2014-02-12 06:50:00,76.195
2014-02-12 06:55:00,79.334
2014-02-12 07:00:00,76.376
2014-02-12 07:05:00,76.297
2014-02-12 07:10:00,75.475
2014-02-12 07:15:00,77.44
2014-02-12 07:20:00,76.305
2014-02-12 07:25:00,76.551
2014-02-12 07:30:00,76.862
2014-02-12 07:35:00,77.682
2014-02-12 07:40:00,75.794
2014-02-12 07:45:00,75.397
2014-02-12 07:50:00,76.202
2014-02-12 07:55:00,73.257
2014-02-12 08:00:00,74.143
2014-02-12 08:05:00,76.787
2014-02-12 08:10:00,72.346
2014-02-12 08:15:00,74.65
2014-02-12 08:20:00,74.118
2014-02-12 08:25:00,74.09
2014-02-12 08:30:00,74.082
2014-02-12 08:35:00,74.757
2014-02-12 08:40:00,72.651
2014-02-12 08:45:00,71.789
2014-02-12 08:50:00,71.139
2014-02-12 08:55:00,73.79
2014-02-12 09:00:00,70.468
2014-02-12 09:05:00,70.957
2014-02-12 09:10:00,74.7
2014-02-12 09:15:00,71.824
2014-02-12 09:20:00,71.577
2014-02-12 09:25:00,72.463
2014-02-12 09:30:00,72.572
2014-02-12 09:35:00,70.3
2014-02-12 09:40:00,70.563
2014-02-12 09:45:00,69.336
2014-02-12 09:50:00,70.06
2014-02-12 09:55:00,69.628
2014-02-12 10:00:00,70.6
2014-02-12 10:05:00,71.562
2014-02-12 10:10:00,70.743
2014-02-12 10:15:00,68.472
2014-02-12 10:20:00,70.476
2014-02-12 10:25:00,70.798
2014-02-12 10:30:00,70.45
2014-02-12 10:35:00,71.103
2014-02-12 10:40:00,67.609
2014-02-12 10:45:00,69.553
2014-02-12 10:50:00,69.946
2014-02-12 10:55:00,68.428
2014-02-12 11:00:00,68.57
2014-02-12 11:05:00,68.91
2014-02-12 11:10:00,68.261
2014-02-12 11:15:00,69.649
2014-02-12 11:20:00,68.005
2014-02-12 11:25:00,66.04
2014-02-12 11:30:00,67.998
2014-02-12 11:35:00,68.686
2014-02-12 11:40:00,63.62
2014-02-12 11:45:00,65.535
2014-02-12 11:50:00,67.827
2014-02-12 11:55:00,67.562
2014-02-12 12:00:00,66.054
2014-02-12 12:05:00,67.009
2014-02-12 12:10:00,68.575
2014-02-12 12:15:00,65.05
2014-02-12 12:20:00,67.389
2014-02-12 12:25:00,65.411
2014-02-12 12:30:00,65.133
2014-02-12 12:35:00,63.656
2014-02-12 12:40:00,65.446
2014-02-12 12:45:00,65.515
2014-02-12 12:50:00,65.553
2014-02-12 12:55:00,66.288
2014-02-12 13:00:00,67.106
2014-02-12 13:05:00,64.751
2014-02-12 13:10:00,66.851
2014-02-12 13:15:00,64.513
2014-02-12 13:20:00,64.136
2014-02-12 13:25:00,64.262
2014-02-12 13:30:00,63.85
2014-02-12 13:35:00,64.551
2014-02-12 13:40:00,64.801
2014-02-12 13:45:00,66.918
2014-02-12 13:50:00,66.009
2014-02-12 13:55:00,65.761
2014-02-12 14:00:00,64.066
2014-02-12 14:05:00,64.375
2014-02-12 14:10:00,65.08
2014-02-12 14:15:00,65.585
2014-02-12 14:20:00,63.388
2014-02-12 14:25:00,62.361
2014-02-12 14:30:00,65.394
2014-02-12 14:35:00,63.863
2014-02-12 14:40:00,63.22
2014-02-12 14:45:00,62.617
2014-02-12 14:50:00,65.467
2014-02-12 14:55:00,66.716
2014-02-12 15:00:00,64.03
2014-02-12 15:05:00,63.692
2014-02-12 15:10:00,65.123
2014-02-12 15:15:00,65.37
2014-02-12 15:20:00,65.516
2014-02-12 15:25:00,63.878
2014-02-12 15:30:00,63.69
2014-02-12 15:35:00,62.893
2014-02-12 15:40:00,65.516
2014-02-12 15:45:00,62.807
2014-02-12 15:50:00,64.736
2014-02-12 15:55:00,65.422
2014-02-12 16:00:00,64.859
2014-02-12 16:05:00,63.122
2014-02-12 16:10:00,64.653
2014-02-12 16:15:00,65.961
2014-02-12 16:20:00,63.669
2014-02-12 16:25:00,66.769
2014-02-12 16:30:00,63.978
2014-02-12 16:35:00,64.925
2014-02-12 16:40:00,63.695
2014-02-12 16:45:00,65.633
2014-02-12 16:50:00,63.674
2014-02-12 16:55:00,65.421
2014-02-12 17:00:00,65.712
2014-02-12 17:05:00,64.627
2014-02-12 17:10:00,63.694
2014-02-12 17:15:00,63.617
2014-02-12 17:20:00,65.169
2014-02-12 17:25:00,64.933
2014-02-12 17:30:00,67.209
2014-02-12 17:35:00,61.639
2014-02-12 17:40:00,67.915
2014-02-12 17:45:00,66.487
2014-02-12 17:50:00,65.539
2014-02-12 17:55:00,67.046
2014-02-12 18:00:00,66.266
2014-02-12 18:05:00,64.07
2014-02-12 18:10:00,66.68
2014-02-12 18:15:00,67.537
2014-02-12 18:20:00,66.226
2014-02-12 18:25:00,66.038
2014-02-12 18:30:00,66.388
2014-02-12 18:35:00,65.489
2014-02-12 18:40:00,66.216
2014-02-12 18:45:00,64.483
2014-02-12 18:50:00,67.507
2014-02-12 18:55:00,69.372
2014-02-12 19:00:00,65.844
2014-02-12 19:05:00,67.937
2014-02-12 19:10:00,68.118
2014-02-12 19:15:00,67.91
2014-02-12 19:20:00,69.763
2014-02-12 19:25:00,67.734
2014-02-12 19:30:00,68.908
2014-02-12 19:35:00,67.18
2014-02-12 19:40:00,69.639
2014-02-12 19:45:00,70.154
2014-02-12 19:50:00,69.158
2014-02-12 19:55:00,70.418
2014-02-12 20:00:00,69.979
2014-02-12 20:05:00,71.005
2014-02-12 20:10:00,69.064
2014-02-12 20:15:00,71.018
2014-02-12 20:20:00,72.335
2014-02-12 20:25:00,67.737
2014-02-12 20:30:00,72.835
2014-02-12 20:35:00,73.022
2014-02-12 20:40:00,69.158
2014-02-12 20:45:00,70.531
2014-02-12 20:50:00,70.505
2014-02-12 20:55:00,72.661
2014-02-12 21:00:00,70.599
2014-02-12 21:05:00,73.046
2014-02-12 21:10:00,71.322
2014-02-12 21:15:00,72.383
2014-02-12 21:20:00,74.078
2014-02-12 21:25:00,72.067
2014-02-12 21:30:00,70.078
2014-02-12 21:35:00,71.475
2014-02-12 21:40:00,73.663
2014-02-12 21:45:00,72.66
2014-02-12 21:50:00,71.884
2014-02-12 21:55:00,74.354
2014-02-12 22:00:00,75.966
2014-02-12 22:05:00,72.737
2014-02-12 22:10:00,74.245
2014-02-12 22:15:00,74.029
2014-02-12 22:20:00,75.633
2014-02-12 22:25:00,77.112
2014-02-12 22:30:00,75.379
2014-02-12 22:35:00,75.562
2014-02-12 22:40:00,72.439
2014-02-12 22:45:00,75.191
2014-02-12 22:50:00,74.646
2014-02-12 22:55:00,75.752
2014-02-12 23:00:00,76.854
2014-02-12 23:05:00,76.365
2014-02-12 23:10:00,77.656
2014-02-12 23:15:00,79.087
2014-02-12 23:20:00,77.928
2014-02-12 23:25:00,75.966
2014-02-12 23:30:00,76.519
2014-02-12 23:35:00,77.283
2014-02-12 23:40:00,76.033
2014-02-12 23:45:00,79.942
2014-02-12 23:50:00,77.929
2014-02-12 23:55:00,76.157
2014-02-13 00:00:00,74.546
2014-02-13 00:05:00,78.301
2014-02-13 00:10:00,78.747
2014-02-13 00:15:00,77.536
2014-02-13 00:20:00,77.217
2014-02-13 00:25:00,78.301
2014-02-13 00:30:00,75.993
2014-02-13 00:35:00,76.766
2014-02-13 00:40:00,76.122
2014-02-13 00:45:00,79.56
2014-02-13 00:50:00,76.913
2014-02-13 00:55:00,77.65
2014-02-13 01:00:00,78.191
2014-02-13 01:05:00,79.211
2014-02-13 01:10:00,79.252
2014-02-13 01:15:00,79.319
2014-02-13 01:20:00,77.573
2014-02-13 01:25:00,79.935
2014-02-13 01:30:00,80.424
2014-02-13 01:35:00,78.487
2014-02-13 01:40:00,79.0
2014-02-13 01:45:00,77.983
2014-02-13 01:50:00,78.489
2014-02-13 01:55:00,77.963
2014-02-13 02:00:00,77.628
2014-02-13 02:05:00,78.94
2014-02-13 02:10:00,79.988
2014-02-13 02:15:00,80.197
2014-02-13 02:20:00,76.828
2014-02-13 02:25:00,81.369
2014-02-13 02:30:00,81.646
2014-02-13 02:35:00,78.182
2014-02-13 02:40:00,82.512
2014-02-13 02:45:00,79.509
2014-02-13 02:50:00,79.441
2014-02-13 02:55:00,80.229
2014-02-13 03:00:00,80.785
2014-02-13 03:05:00,79.974
2014-02-13 03:10:00,81.352
2014-02-13 03:15:00,78.542
2014-02-13 03:20:00,79.921
2014-02-13 03:25:00,78.117
2014-02-13 03:30:00,78.418
2014-02-13 03:35:00,79.09
2014-02-13 03:40:00,79.092
2014-02-13 03:45:00,80.724
2014-02-13 03:50:00,79.012
2014-02-13 03:55:00,80.999
2014-02-13 04:00:00,78.834
2014-02-13 04:05:00,81.64
2014-02-13 04:10:00,79.24
2014-02-13 04:15:00,82.431
2014-02-13 04:20:00,77.861
2014-02-13 04:25:00,82.872
2014-02-13 04:30:00,80.089
2014-02-13 04:35:00,78.259
2014-02-13 04:40:00,80.29
2014-02-13 04:45:00,79.509
2014-02-13 04:50:00,78.722
2014-02-13 04:55:00,78.506
2014-02-13 05:00:00,78.158
2014-02-13 05:05:00,80.037
2014-02-13 05:10:00,78.231
2014-02-13 05:15:00,78.197
2014-02-13 05:20:00,78.869
2014-02-13 05:25:00,76.931
2014-02-13 05:30:00,78.118
2014-02-13 05:35:00,78.958
2014-02-13 05:40:00,78.073
2014-02-13 05:45:00,78.302
2014-02-13 05:50:00,75.293
2014-02-13 05:55:00,76.541
2014-02-13 06:00:00,76.114
2014-02-13 06:05:00,77.68
2014-02-13 06:10:00,77.363
2014-02-13 06:15:00,77.388
2014-02-13 06:20:00,80.063
2014-02-13 06:25:00,76.484
2014-02-13 06:30:00,76.994
2014-02-13 06:35:00,77.267
2014-02-13 06:40:00,77.418
2014-02-13 06:45:00,77.251
2014-02-13 06:50:00,76.747
2014-02-13 06:55:00,75.698
2014-02-13 07:00:00,75.223
2014-02-13 07:05:00,75.799
2014-02-13 07:10:00,75.914
2014-02-13 07:15:00,74.248
2014-02-13 07:20:00,75.53
2014-02-13 07:25:00,75.046
2014-02-13 07:30:00,74.815
2014-02-13 07:35:00,76.13
2014-02-13 07:40:00,74.791
2014-02-13 07:45:00,74.77
2014-02-13 07:50:00,75.031
2014-02-13 07:55:00,72.786
2014-02-13 08:00:00,73.382
2014-02-13 08:05:00,74.683
2014-02-13 08:10:00,73.708
2014-02-13 08:15:00,72.841
2014-02-13 08:20:00,74.956
2014-02-13 08:25:00,74.165
2014-02-13 08:30:00,71.769
2014-02-13 08:35:00,73.703
2014-02-13 08:40:00,73.152
2014-02-13 08:45:00,71.811
2014-02-13 08:50:00,72.535
2014-02-13 08:55:00,73.254
2014-02-13 09:00:00,72.352
2014-02-13 09:05:00,72.325
2014-02-13 09:10:00,72.658
2014-02-13 09:15:00,72.526
2014-02-13 09:20:00,71.363
2014-02-13 09:25:00,69.769
2014-02-13 09:30:00,71.51
2014-02-13 09:35:00,71.805
2014-02-13 09:40:00,70.674
2014-02-13 09:45:00,69.315
2014-02-13 09:50:00,70.863
2014-02-13 09:55:00,71.346
2014-02-13 10:00:00,69.649
2014-02-13 10:05:00,70.385
2014-02-13 10:10:00,70.239
2014-02-13 10:15:00,72.153
2014-02-13 10:20:00,69.042
2014-02-13 10:25:00,70.482
2014-02-13 10:30:00,67.713
2014-02-13 10:35:00,67.725
2014-02-13 10:40:00,68.791
2014-02-13 10:45:00,68.711
2014-02-13 10:50:00,66.646
2014-02-13 10:55:00,68.486
2014-02-13 11:00:00,66.293
2014-02-13 11:05:00,69.594
2014-02-13 11:10:00,67.364
2014-02-13 11:15:00,69.437
2014-02-13 11:20:00,64.716
2014-02-13 11:25:00,68.722
2014-02-13 11:30:00,67.998
2014-02-13 11:35:00,67.563
2014-02-13 11:40:00,66.539
2014-02-13 11:45:00,65.494
2014-02-13 11:50:00,66.165
2014-02-13 11:55:00,66.156
2014-02-13 12:00:00,67.325
2014-02-13 12:05:00,66.343
2014-02-13 12:10:00,65.828
2014-02-13 12:15:00,66.357
2014-02-13 12:20:00,64.219
2014-02-13 12:25:00,65.468
2014-02-13 12:30:00,65.438
2014-02-13 12:35:00,64.144
2014-02-13 12:40:00,66.777
2014-02-13 12:45:00,64.753
2014-02-13 12:50:00,62.771
2014-02-13 12:55:00,63.843
2014-02-13 13:00:00,66.778
2014-02-13 13:05:00,64.496
2014-02-13 13:10:00,66.432
2014-02-13 13:15:00,63.125
2014-02-13 13:20:00,63.127
2014-02-13 13:25:00,64.268
2014-02-13 13:30:00,65.95
2014-02-13 13:35:00,64.419
2014-02-13 13:40:00,63.839
2014-02-13 13:45:00,62.586
2014-02-13 13:50:00,63.941
2014-02-13 13:55:00,63.978
2014-02-13 14:00:00,63.8
2014-02-13 14:05:00,63.743
2014-02-13 14:10:00,65.883
2014-02-13 14:15:00,64.611
2014-02-13 14:20:00,63.611
2014-02-13 14:25:00,63.953
2014-02-13 14:30:00,63.07
2014-02-13 14:35:00,63.369
2014-02-13 14:40:00,63.602
2014-02-13 14:45:00,63.459
2014-02-13 14:50:00,61.689
2014-02-13 14:55:00,63.658
2014-02-13 15:00:00,61.815
2014-02-13 15:05:00,64.209
2014-02-13 15:10:00,65.204
2014-02-13 15:15:00,64.059
2014-02-13 15:20:00,63.368
2014-02-13 15:25:00,61.724
2014-02-13 15:30:00,64.631
2014-02-13 15:35:00,63.47
2014-02-13 15:40:00,61.316
2014-02-13 15:45:00,64.682
2014-02-13 15:50:00,63.663
2014-02-13 15:55:00,64.625
2014-02-13 16:00:00,62.594
2014-02-13 16:05:00,61.03
2014-02-13 16:10:00,65.15
2014-02-13 16:15:00,62.183
2014-02-13 16:20:00,62.17
2014-02-13 16:25:00,64.838
2014-02-13 16:30:00,63.769
2014-02-13 16:35:00,62.984
2014-02-13 16:40:00,63.533
2014-02-13 16:45:00,63.051
2014-02-13 16:50:00,65.308
2014-02-13 16:55:00,62.222
2014-02-13 17:00:00,66.683
2014-02-13 17:05:00,62.681
2014-02-13 17:10:00,65.361
2014-02-13 17:15:00,63.992
2014-02-13 17:20:00,63.492
2014-02-13 17:25:00,64.622
2014-02-13 17:30:00,65.304
2014-02-13 17:35:00,64.436
2014-02-13 17:40:00,64.021
2014-02-13 17:45:00,65.481
2014-02-13 17:50:00,65.117
2014-02-13 17:55:00,65.966
2014-02-13 18:00:00,64.973
2014-02-13 18:05:00,66.011
2014-02-13 18:10:00,64.142
2014-02-13 18:15:00,65.01
2014-02-13 18:20:00,65.509
2014-02-13 18:25:00,65.798
2014-02-13 18:30:00,64.506
2014-02-13 18:35:00,67.747
2014-02-13 18:40:00,66.536
2014-02-13 18:45:00,65.074
2014-02-13 18:50:00,65.451
2014-02-13 18:55:00,68.019
2014-02-13 19:00:00,66.257
2014-02-13 19:05:00,68.463
2014-02-13 19:10:00,67.317
2014-02-13 19:15:00,68.376
2014-02-13 19:20:00,68.399
2014-02-13 19:25:00,69.211
2014-02-13 19:30:00,68.707
2014-02-13 19:35:00,68.339
2014-02-13 19:40:00,66.232
2014-02-13 19:45:00,70.29
2014-02-13 19:50:00,67.747
2014-02-13 19:55:00,68.925
2014-02-13 20:00:00,68.76
2014-02-13 20:05:00,68.956
2014-02-13 20:10:00,68.173
2014-02-13 20:15:00,68.439
2014-02-13 20:20:00,69.38
2014-02-13 20:25:00,68.7
2014-02-13 20:30:00,70.186
2014-02-13 20:35:00,69.327
2014-02-13 20:40:00,70.006
2014-02-13 20:45:00,70.487
2014-02-13 20:50:00,71.06
2014-02-13 20:55:00,70.428
2014-02-13 21:00:00,70.919
2014-02-13 21:05:00,69.517
2014-02-13 21:10:00,70.02
2014-02-13 21:15:00,70.497
2014-02-13 21:20:00,72.305
2014-02-13 21:25:00,69.765
2014-02-13 21:30:00,68.116
2014-02-13 21:35:00,72.171
2014-02-13 21:40:00,72.54
2014-02-13 21:45:00,70.787
2014-02-13 21:50:00,71.246
2014-02-13 21:55:00,73.578
2014-02-13 22:00:00,72.438
2014-02-13 22:05:00,72.275
2014-02-13 22:10:00,74.579
2014-02-13 22:15:00,72.317
2014-02-13 22:20:00,74.884
2014-02-13 22:25:00,73.59
2014-02-13 22:30:00,73.249
2014-02-13 22:35:00,71.033
2014-02-13 22:40:00,73.168
2014-02-13 22:45:00,74.207
2014-02-13 22:50:00,71.321
2014-02-13 22:55:00,74.523
2014-02-13 23:00:00,73.987
2014-02-13 23:05:00,74.441
2014-02-13 23:10:00,73.593
2014-02-13 23:15:00,74.673
2014-02-13 23:20:00,72.643
2014-02-13 23:25:00,73.274
2014-02-13 23:30:00,74.307
2014-02-13 23:35:00,74.184
2014-02-13 23:40:00,74.851
2014-02-13 23:45:00,76.14
2014-02-13 23:50:00,73.609
2014-02-13 23:55:00,76.465
2014-02-14 00:00:00,75.944
2014-02-14 00:05:00,75.32
2014-02-14 00:10:00,76.696
2014-02-14 00:15:00,75.861
2014-02-14 00:20:00,74.929
2014-02-14 00:25:00,77.556
2014-02-14 00:30:00,76.126
2014-02-14 00:35:00,77.412
2014-02-14 00:40:00,76.773
2014-02-14 00:45:00,75.5
2014-02-14 00:50:00,78.379
2014-02-14 00:55:00,76.966
2014-02-14 01:00:00,77.859
2014-02-14 01:05:00,75.826
2014-02-14 01:10:00,77.567
2014-02-14 01:15:00,76.724
2014-02-14 01:20:00,77.864
2014-02-14 01:25:00,76.746
2014-02-14 01:30:00,78.532
2014-02-14 01:35:00,76.75
2014-02-14 01:40:00,79.802
2014-02-14 01:45:00,77.671
2014-02-14 01:50:00,78.221
2014-02-14 01:55:00,77.044
2014-02-14 02:00:00,78.891
2014-02-14 02:05:00,78.519
2014-02-14 02:10:00,78.223
2014-02-14 02:15:00,77.946
2014-02-14 02:20:00,75.794
2014-02-14 02:25:00,79.764
2014-02-14 02:30:00,79.236
2014-02-14 02:35:00,78.357
2014-02-14 02:40:00,78.546
2014-02-14 02:45:00,77.829
2014-02-14 02:50:00,78.258
2014-02-14 02:55:00,79.452
2014-02-14 03:00:00,77.214
2014-02-14 03:05:00,75.452
2014-02-14 03:10:00,76.484
2014-02-14 03:15:00,80.284
2014-02-14 03:20:00,79.148
2014-02-14 03:25:00,77.997
2014-02-14 03:30:00,77.898
2014-02-14 03:35:00,79.475
2014-02-14 03:40:00,79.601
2014-02-14 03:45:00,77.368
2014-02-14 03:50:00,79.863
2014-02-14 03:55:00,78.42
2014-02-14 04:00:00,76.912
2014-02-14 04:05:00,77.266
2014-02-14 04:10:00,79.125
2014-02-14 04:15:00,77.387
2014-02-14 04:20:00,77.546
2014-02-14 04:25:00,79.313
2014-02-14 04:30:00,79.054
2014-02-14 04:35:00,78.329
2014-02-14 04:40:00,78.902
2014-02-14 04:45:00,79.54
2014-02-14 04:50:00,78.235
2014-02-14 04:55:00,76.992
2014-02-14 05:00:00,77.763
2014-02-14 05:05:00,78.494
2014-02-14 05:10:00,77.089
2014-02-14 05:15:00,77.78
2014-02-14 05:20:00,75.847
2014-02-14 05:25:00,76.736
2014-02-14 05:30:00,77.946
2014-02-14 05:35:00,78.1
2014-02-14 05:40:00,73.578
2014-02-14 05:45:00,76.059
2014-02-14 05:50:00,76.143
2014-02-14 05:55:00,75.541
2014-02-14 06:00:00,78.063
2014-02-14 06:05:00,77.084
2014-02-14 06:10:00,75.782
2014-02-14 06:15:00,75.645
2014-02-14 06:20:00,76.796
2014-02-14 06:25:00,75.0
2014-02-14 06:30:00,75.427
2014-02-14 06:35:00,76.873
2014-02-14 06:40:00,75.358
2014-02-14 06:45:00,74.738
2014-02-14 06:50:00,73.329
2014-02-14 06:55:00,74.12
2014-02-14 07:00:00,75.523
2014-02-14 07:05:00,75.062
2014-02-14 07:10:00,76.735
2014-02-14 07:15:00,75.295
2014-02-14 07:20:00,72.311
2014-02-14 07:25:00,72.848
2014-02-14 07:30:00,74.401
2014-02-14 07:35:00,74.59
2014-02-14 07:40:00,72.14
2014-02-14 07:45:00,72.906
2014-02-14 07:50:00,72.377
2014-02-14 07:55:00,71.434
2014-02-14 08:00:00,72.724
2014-02-14 08:05:00,72.006
2014-02-14 08:10:00,73.447
2014-02-14 08:15:00,75.307
2014-02-14 08:20:00,72.21
2014-02-14 08:25:00,69.957
2014-02-14 08:30:00,72.809
2014-02-14 08:35:00,71.994
2014-02-14 08:40:00,70.39
2014-02-14 08:45:00,69.924
2014-02-14 08:50:00,71.51
2014-02-14 08:55:00,70.035
2014-02-14 09:00:00,72.837
2014-02-14 09:05:00,71.072
2014-02-14 09:10:00,71.216
2014-02-14 09:15:00,70.19
2014-02-14 09:20:00,69.717
2014-02-14 09:25:00,70.345
2014-02-14 09:30:00,71.491
2014-02-14 09:35:00,70.589
2014-02-14 09:40:00,69.645
2014-02-14 09:45:00,70.064
2014-02-14 09:50:00,68.937
2014-02-14 09:55:00,68.596
2014-02-14 10:00:00,68.49
2014-02-14 10:05:00,66.518
2014-02-14 10:10:00,68.683
2014-02-14 10:15:00,67.509
2014-02-14 10:20:00,67.289
2014-02-14 10:25:00,66.974
2014-02-14 10:30:00,67.345
2014-02-14 10:35:00,66.183
2014-02-14 10:40:00,67.508
2014-02-14 10:45:00,66.428
2014-02-14 10:50:00,66.817
2014-02-14 10:55:00,67.13
2014-02-14 11:00:00,66.999
2014-02-14 11:05:00,66.971
2014-02-14 11:10:00,66.418
2014-02-14 11:15:00,65.252
2014-02-14 11:20:00,66.844
2014-02-14 11:25:00,65.358
2014-02-14 11:30:00,67.266
2014-02-14 11:35:00,67.147
2014-02-14 11:40:00,64.708
2014-02-14 11:45:00,64.584
2014-02-14 11:50:00,65.206
2014-02-14 11:55:00,65.357
2014-02-14 12:00:00,62.809
2014-02-14 12:05:00,65.727
2014-02-14 12:10:00,64.145
2014-02-14 12:15:00,65.93
2014-02-14 12:20:00,64.635
2014-02-14 12:25:00,65.865
2014-02-14 12:30:00,65.695
2014-02-14 12:35:00,65.132
2014-02-14 12:40:00,64.335
2014-02-14 12:45:00,61.84
2014-02-14 12:50:00,63.038
2014-02-14 12:55:00,60.69
2014-02-14 13:00:00,64.924
2014-02-14 13:05:00,65.113
2014-02-14 13:10:00,61.968
2014-02-14 13:15:00,62.085
2014-02-14 13:20:00,63.153
2014-02-14 13:25:00,61.389
2014-02-14 13:30:00,64.696
2014-02-14 13:35:00,61.681
2014-02-14 13:40:00,62.087
2014-02-14 13:45:00,61.554
2014-02-14 13:50:00,63.677
2014-02-14 13:55:00,61.98
2014-02-14 14:00:00,63.853
2014-02-14 14:05:00,60.548
2014-02-14 14:10:00,62.329
2014-02-14 14:15:00,63.727
2014-02-14 14:20:00,61.931
2014-02-14 14:25:00,62.538
2014-02-14 14:30:00,61.997
2014-02-14 14:35:00,61.814
2014-02-14 14:40:00,63.676
2014-02-14 14:45:00,60.312
2014-02-14 14:50:00,61.818
2014-02-14 14:55:00,61.431
2014-02-14 15:00:00,60.101
2014-02-14 15:05:00,61.579
2014-02-14 15:10:00,61.694
2014-02-14 15:15:00,60.588
2014-02-14 15:20:00,60.345
2014-02-14 15:25:00,62.391
2014-02-14 15:30:00,62.953
2014-02-14 15:35:00,60.747
2014-02-14 15:40:00,61.94
2014-02-14 15:45:00,62.406
2014-02-14 15:50:00,63.661
2014-02-14 15:55:00,61.029
2014-02-14 16:00:00,60.135
2014-02-14 16:05:00,59.595
2014-02-14 16:10:00,61.994
2014-02-14 16:15:00,62.792
2014-02-14 16:20:00,62.947
2014-02-14 16:25:00,62.475
2014-02-14 16:30:00,61.127
2014-02-14 16:35:00,64.283
2014-02-14 16:40:00,62.596
2014-02-14 16:45:00,62.988
2014-02-14 16:50:00,61.617
2014-02-14 16:55:00,62.365
2014-02-14 17:00:00,60.055
2014-02-14 17:05:00,64.667
2014-02-14 17:10:00,61.386
2014-02-14 17:15:00,60.871
2014-02-14 17:20:00,62.977
2014-02-14 17:25:00,62.01
2014-02-14 17:30:00,62.312
2014-02-14 17:35:00,63.523
2014-02-14 17:40:00,64.1
2014-02-14 17:45:00,63.26
2014-02-14 17:50:00,65.911
2014-02-14 17:55:00,64.268
2014-02-14 18:00:00,64.958
2014-02-14 18:05:00,64.626
2014-02-14 18:10:00,62.277
2014-02-14 18:15:00,64.53
2014-02-14 18:20:00,64.058
2014-02-14 18:25:00,64.57
2014-02-14 18:30:00,65.478
2014-02-14 18:35:00,64.142
2014-02-14 18:40:00,68.012
2014-02-14 18:45:00,65.959
2014-02-14 18:50:00,65.231
2014-02-14 18:55:00,65.001
2014-02-14 19:00:00,66.969
2014-02-14 19:05:00,63.988
2014-02-14 19:10:00,65.023
2014-02-14 19:15:00,65.505
2014-02-14 19:20:00,66.395
2014-02-14 19:25:00,64.686
2014-02-14 19:30:00,64.334
2014-02-14 19:35:00,63.378
2014-02-14 19:40:00,65.62
2014-02-14 19:45:00,67.964
2014-02-14 19:50:00,66.432
2014-02-14 19:55:00,65.97
2014-02-14 20:00:00,67.567
2014-02-14 20:05:00,68.799
2014-02-14 20:10:00,68.131
2014-02-14 20:15:00,66.9
2014-02-14 20:20:00,66.712
2014-02-14 20:25:00,65.416
2014-02-14 20:30:00,69.333
2014-02-14 20:35:00,66.586
2014-02-14 20:40:00,68.409
2014-02-14 20:45:00,67.503
2014-02-14 20:50:00,66.734
2014-02-14 20:55:00,69.365
2014-02-14 21:00:00,71.525
2014-02-14 21:05:00,68.869
2014-02-14 21:10:00,69.037
2014-02-14 21:15:00,70.179
2014-02-14 21:20:00,67.462
2014-02-14 21:25:00,70.298
2014-02-14 21:30:00,69.559
2014-02-14 21:35:00,70.972
2014-02-14 21:40:00,71.684
2014-02-14 21:45:00,68.61
2014-02-14 21:50:00,71.002
2014-02-14 21:55:00,70.959
2014-02-14 22:00:00,68.031
2014-02-14 22:05:00,69.462
2014-02-14 22:10:00,71.034
2014-02-14 22:15:00,71.697
2014-02-14 22:20:00,74.083
2014-02-14 22:25:00,69.803
2014-02-14 22:30:00,72.612
2014-02-14 22:35:00,71.682
2014-02-14 22:40:00,71.638
2014-02-14 22:45:00,69.88
2014-02-14 22:50:00,73.892
2014-02-14 22:55:00,72.367
2014-02-14 23:00:00,72.269
2014-02-14 23:05:00,72.737
2014-02-14 23:10:00,72.759
2014-02-14 23:15:00,72.633
2014-02-14 23:20:00,73.003
2014-02-14 23:25:00,73.058
2014-02-14 23:30:00,73.649
2014-02-14 23:35:00,73.017
2014-02-14 23:40:00,73.222
2014-02-14 23:45:00,72.816
2014-02-14 23:50:00,73.948
2014-02-14 23:55:00,73.754
2014-02-15 00:00:00,73.858
2014-02-15 00:05:00,75.122
2014-02-15 00:10:00,72.94
2014-02-15 00:15:00,74.85
2014-02-15 00:20:00,73.735
2014-02-15 00:25:00,77.242
2014-02-15 00:30:00,75.783
2014-02-15 00:35:00,74.815
2014-02-15 00:40:00,76.934
2014-02-15 00:45:00,76.172
2014-02-15 00:50:00,74.352
2014-02-15 00:55:00,75.524
2014-02-15 01:00:00,74.117
2014-02-15 01:05:00,74.504
2014-02-15 01:10:00,76.265
2014-02-15 01:15:00,73.911
2014-02-15 01:20:00,77.863
2014-02-15 01:25:00,76.653
2014-02-15 01:30:00,74.967
2014-02-15 01:35:00,77.341
2014-02-15 01:40:00,78.118
2014-02-15 01:45:00,76.271
2014-02-15 01:50:00,77.516
2014-02-15 01:55:00,76.947
2014-02-15 02:00:00,74.739
2014-02-15 02:05:00,75.006
2014-02-15 02:10:00,78.318
2014-02-15 02:15:00,76.986
2014-02-15 02:20:00,75.443
2014-02-15 02:25:00,77.512
2014-02-15 02:30:00,76.384
2014-02-15 02:35:00,76.28
2014-02-15 02:40:00,76.937
2014-02-15 02:45:00,75.867
2014-02-15 02:50:00,76.307
2014-02-15 02:55:00,75.313
2014-02-15 03:00:00,75.779
2014-02-15 03:05:00,77.128
2014-02-15 03:10:00,78.167
2014-02-15 03:15:00,77.076
2014-02-15 03:20:00,78.309
2014-02-15 03:25:00,76.963
2014-02-15 03:30:00,74.926
2014-02-15 03:35:00,76.682
2014-02-15 03:40:00,74.389
2014-02-15 03:45:00,76.055
2014-02-15 03:50:00,74.4
2014-02-15 03:55:00,76.2
2014-02-15 04:00:00,76.277
2014-02-15 04:05:00,74.987
2014-02-15 04:10:00,75.379
2014-02-15 04:15:00,74.986
2014-02-15 04:20:00,77.078
2014-02-15 04:25:00,75.556
2014-02-15 04:30:00,75.541
2014-02-15 04:35:00,75.257
2014-02-15 04:40:00,78.348
2014-02-15 04:45:00,74.294
2014-02-15 04:50:00,74.75
2014-02-15 04:55:00,76.498
2014-02-15 05:00:00,77.984
2014-02-15 05:05:00,75.947
2014-02-15 05:10:00,74.389
2014-02-15 05:15:00,75.701
2014-02-15 05:20:00,76.098
2014-02-15 05:25:00,75.654
2014-02-15 05:30:00,76.857
2014-02-15 05:35:00,75.609
2014-02-15 05:40:00,74.723
2014-02-15 05:45:00,76.499
2014-02-15 05:50:00,75.978
2014-02-15 05:55:00,72.326
2014-02-15 06:00:00,73.176
2014-02-15 06:05:00,72.791
2014-02-15 06:10:00,74.004
2014-02-15 06:15:00,72.838
2014-02-15 06:20:00,71.884
2014-02-15 06:25:00,73.507
2014-02-15 06:30:00,74.716
2014-02-15 06:35:00,74.498
2014-02-15 06:40:00,73.217
2014-02-15 06:45:00,75.282
2014-02-15 06:50:00,73.476
2014-02-15 06:55:00,73.68
2014-02-15 07:00:00,74.188
2014-02-15 07:05:00,72.647
2014-02-15 07:10:00,69.134
2014-02-15 07:15:00,72.997
2014-02-15 07:20:00,71.918
2014-02-15 07:25:00,72.781
2014-02-15 07:30:00,73.564
2014-02-15 07:35:00,69.281
2014-02-15 07:40:00,71.218
2014-02-15 07:45:00,72.511
2014-02-15 07:50:00,71.025
2014-02-15 07:55:00,72.516
2014-02-15 08:00:00,68.621
2014-02-15 08:05:00,71.535
2014-02-15 08:10:00,71.754
2014-02-15 08:15:00,69.176
2014-02-15 08:20:00,70.725
2014-02-15 08:25:00,67.884
2014-02-15 08:30:00,70.154
2014-02-15 08:35:00,70.081
2014-02-15 08:40:00,68.231
2014-02-15 08:45:00,70.034
2014-02-15 08:50:00,68.986
2014-02-15 08:55:00,67.51
2014-02-15 09:00:00,69.501
2014-02-15 09:05:00,68.547
2014-02-15 09:10:00,68.281
2014-02-15 09:15:00,66.666
2014-02-15 09:20:00,65.571
2014-02-15 09:25:00,67.783
2014-02-15 09:30:00,69.053
2014-02-15 09:35:00,69.49
2014-02-15 09:40:00,68.114
2014-02-15 09:45:00,68.168
2014-02-15 09:50:00,67.129
2014-02-15 09:55:00,66.755
2014-02-15 10:00:00,65.292
2014-02-15 10:05:00,65.964
2014-02-15 10:10:00,67.24
2014-02-15 10:15:00,66.297
2014-02-15 10:20:00,64.579
2014-02-15 10:25:00,63.618
2014-02-15 10:30:00,65.258
2014-02-15 10:35:00,65.605
2014-02-15 10:40:00,65.738
2014-02-15 10:45:00,64.688
2014-02-15 10:50:00,63.839
2014-02-15 10:55:00,64.331
2014-02-15 11:00:00,63.273
2014-02-15 11:05:00,62.707
2014-02-15 11:10:00,63.623
2014-02-15 11:15:00,64.983
2014-02-15 11:20:00,65.886
2014-02-15 11:25:00,64.048
2014-02-15 11:30:00,63.996
2014-02-15 11:35:00,61.797
2014-02-15 11:40:00,61.75
2014-02-15 11:45:00,64.138
2014-02-15 11:50:00,64.307
2014-02-15 11:55:00,64.857
2014-02-15 12:00:00,64.606
2014-02-15 12:05:00,65.21
2014-02-15 12:10:00,63.678
2014-02-15 12:15:00,61.624
2014-02-15 12:20:00,63.112
2014-02-15 12:25:00,62.771
2014-02-15 12:30:00,62.687
2014-02-15 12:35:00,61.028
2014-02-15 12:40:00,64.367
2014-02-15 12:45:00,61.74
2014-02-15 12:50:00,60.021
2014-02-15 12:55:00,60.922
2014-02-15 13:00:00,62.163
2014-02-15 13:05:00,58.783
2014-02-15 13:10:00,61.444
2014-02-15 13:15:00,62.34
2014-02-15 13:20:00,60.905
2014-02-15 13:25:00,61.177
2014-02-15 13:30:00,59.953
2014-02-15 13:35:00,60.455
2014-02-15 13:40:00,60.952
2014-02-15 13:45:00,61.758
2014-02-15 13:50:00,60.596
2014-02-15 13:55:00,60.609
2014-02-15 14:00:00,60.719
2014-02-15 14:05:00,61.991
2014-02-15 14:10:00,61.026
2014-02-15 14:15:00,59.401
2014-02-15 14:20:00,62.257
2014-02-15 14:25:00,59.145
2014-02-15 14:30:00,61.129
2014-02-15 14:35:00,61.564
2014-02-15 14:40:00,61.659
2014-02-15 14:45:00,59.507
2014-02-15 14:50:00,61.229
2014-02-15 14:55:00,59.598
2014-02-15 15:00:00,61.073
2014-02-15 15:05:00,61.648
2014-02-15 15:10:00,62.286
2014-02-15 15:15:00,60.799
2014-02-15 15:20:00,59.486
2014-02-15 15:25:00,60.399
2014-02-15 15:30:00,58.62
2014-02-15 15:35:00,59.227
2014-02-15 15:40:00,60.406
2014-02-15 15:45:00,61.693
2014-02-15 15:50:00,62.102
2014-02-15 15:55:00,60.739
2014-02-15 16:00:00,61.734
2014-02-15 16:05:00,63.98
2014-02-15 16:10:00,58.17
2014-02-15 16:15:00,62.502
2014-02-15 16:20:00,60.705
2014-02-15 16:25:00,61.682
2014-02-15 16:30:00,58.68
2014-02-15 16:35:00,61.945
2014-02-15 16:40:00,59.26
2014-02-15 16:45:00,57.869
2014-02-15 16:50:00,61.714
2014-02-15 16:55:00,60.59
2014-02-15 17:00:00,61.17
2014-02-15 17:05:00,59.474
2014-02-15 17:10:00,59.608
2014-02-15 17:15:00,60.912
2014-02-15 17:20:00,63.953
2014-02-15 17:25:00,60.155
2014-02-15 17:30:00,61.381
2014-02-15 17:35:00,62.569
2014-02-15 17:40:00,63.576
2014-02-15 17:45:00,61.59
2014-02-15 17:50:00,62.212
2014-02-15 17:55:00,60.857
2014-02-15 18:00:00,61.147
2014-02-15 18:05:00,63.832
2014-02-15 18:10:00,62.647
2014-02-15 18:15:00,63.841
2014-02-15 18:20:00,61.151
2014-02-15 18:25:00,63.118
2014-02-15 18:30:00,64.564
2014-02-15 18:35:00,65.014
2014-02-15 18:40:00,63.251
2014-02-15 18:45:00,61.783
2014-02-15 18:50:00,61.664
2014-02-15 18:55:00,62.142
2014-02-15 19:00:00,63.861
2014-02-15 19:05:00,65.042
2014-02-15 19:10:00,62.096
2014-02-15 19:15:00,62.857
2014-02-15 19:20:00,63.603
2014-02-15 19:25:00,64.978
2014-02-15 19:30:00,63.63
2014-02-15 19:35:00,65.245
2014-02-15 19:40:00,65.636
2014-02-15 19:45:00,65.315
2014-02-15 19:50:00,66.331
2014-02-15 19:55:00,65.314
2014-02-15 20:00:00,65.695
2014-02-15 20:05:00,65.52
2014-02-15 20:10:00,66.152
2014-02-15 20:15:00,66.562
2014-02-15 20:20:00,68.092
2014-02-15 20:25:00,65.011
2014-02-15 20:30:00,67.782
2014-02-15 20:35:00,66.237
2014-02-15 20:40:00,68.208
2014-02-15 20:45:00,68.572
2014-02-15 20:50:00,67.026
2014-02-15 20:55:00,65.645
2014-02-15 21:00:00,67.55
2014-02-15 21:05:00,67.859
2014-02-15 21:10:00,68.776
2014-02-15 21:15:00,69.13
2014-02-15 21:20:00,68.352
2014-02-15 21:25:00,69.357
2014-02-15 21:30:00,66.78
2014-02-15 21:35:00,70.429
2014-02-15 21:40:00,69.406
2014-02-15 21:45:00,68.422
2014-02-15 21:50:00,69.559
2014-02-15 21:55:00,68.722
2014-02-15 22:00:00,68.96
2014-02-15 22:05:00,68.493
2014-02-15 22:10:00,68.166
2014-02-15 22:15:00,70.946
2014-02-15 22:20:00,70.513
2014-02-15 22:25:00,72.668
2014-02-15 22:30:00,72.019
2014-02-15 22:35:00,69.123
2014-02-15 22:40:00,69.728
2014-02-15 22:45:00,70.609
2014-02-15 22:50:00,72.096
2014-02-15 22:55:00,71.53
2014-02-15 23:00:00,71.374
2014-02-15 23:05:00,72.093
2014-02-15 23:10:00,72.839
2014-02-15 23:15:00,72.545
2014-02-15 23:20:00,72.309
2014-02-15 23:25:00,72.253
2014-02-15 23:30:00,70.691
2014-02-15 23:35:00,71.152
2014-02-15 23:40:00,73.015
2014-02-15 23:45:00,71.292
2014-02-15 23:50:00,73.43
2014-02-15 23:55:00,73.725
2014-02-16 00:00:00,73.127
2014-02-16 00:05:00,72.899
2014-02-16 00:10:00,74.889
2014-02-16 00:15:00,72.825
2014-02-16 00:20:00,74.219
2014-02-16 00:25:00,75.137
2014-02-16 00:30:00,73.236
2014-02-16 00:35:00,74.194
2014-02-16 00:40:00,74.335
2014-02-16 00:45:00,72.449
2014-02-16 00:50:00,74.195
2014-02-16 00:55:00,75.12
2014-02-16 01:00:00,73.766
2014-02-16 01:05:00,73.214
2014-02-16 01:10:00,72.951
2014-02-16 01:15:00,74.215
2014-02-16 01:20:00,72.968
2014-02-16 01:25:00,74.843
2014-02-16 01:30:00,76.718
2014-02-16 01:35:00,76.189
2014-02-16 01:40:00,76.783
2014-02-16 01:45:00,75.997
2014-02-16 01:50:00,78.596
2014-02-16 01:55:00,73.749
2014-02-16 02:00:00,76.42
2014-02-16 02:05:00,74.662
2014-02-16 02:10:00,76.845
2014-02-16 02:15:00,75.306
2014-02-16 02:20:00,73.799
2014-02-16 02:25:00,76.444
2014-02-16 02:30:00,76.928
2014-02-16 02:35:00,73.146
2014-02-16 02:40:00,76.243
2014-02-16 02:45:00,76.516
2014-02-16 02:50:00,78.213
2014-02-16 02:55:00,74.224
2014-02-16 03:00:00,76.631
2014-02-16 03:05:00,75.426
2014-02-16 03:10:00,76.505
2014-02-16 03:15:00,74.52
2014-02-16 03:20:00,75.054
2014-02-16 03:25:00,74.855
2014-02-16 03:30:00,74.568
2014-02-16 03:35:00,73.622
2014-02-16 03:40:00,78.405
2014-02-16 03:45:00,73.436
2014-02-16 03:50:00,75.437
2014-02-16 03:55:00,76.001
2014-02-16 04:00:00,74.503
2014-02-16 04:05:00,74.808
2014-02-16 04:10:00,75.768
2014-02-16 04:15:00,76.44
2014-02-16 04:20:00,76.619
2014-02-16 04:25:00,74.925
2014-02-16 04:30:00,76.412
2014-02-16 04:35:00,74.88
2014-02-16 04:40:00,77.007
2014-02-16 04:45:00,75.177
2014-02-16 04:50:00,75.181
2014-02-16 04:55:00,74.648
2014-02-16 05:00:00,75.511
2014-02-16 05:05:00,76.389
2014-02-16 05:10:00,76.453
2014-02-16 05:15:00,75.188
2014-02-16 05:20:00,76.181
2014-02-16 05:25:00,73.404
2014-02-16 05:30:00,75.094
2014-02-16 05:35:00,71.599
2014-02-16 05:40:00,72.849
2014-02-16 05:45:00,74.999
2014-02-16 05:50:00,73.673
2014-02-16 05:55:00,73.465
2014-02-16 06:00:00,72.611
2014-02-16 06:05:00,76.05
2014-02-16 06:10:00,74.282
2014-02-16 06:15:00,73.772
2014-02-16 06:20:00,72.28
2014-02-16 06:25:00,74.511
2014-02-16 06:30:00,71.11
2014-02-16 06:35:00,72.784
2014-02-16 06:40:00,71.379
2014-02-16 06:45:00,71.192
2014-02-16 06:50:00,73.323
2014-02-16 06:55:00,70.537
2014-02-16 07:00:00,71.76
2014-02-16 07:05:00,73.894
2014-02-16 07:10:00,72.017
2014-02-16 07:15:00,71.889
2014-02-16 07:20:00,71.432
2014-02-16 07:25:00,72.038
2014-02-16 07:30:00,70.351
2014-02-16 07:35:00,71.091
2014-02-16 07:40:00,71.992
2014-02-16 07:45:00,67.536
2014-02-16 07:50:00,70.37
2014-02-16 07:55:00,71.854
2014-02-16 08:00:00,69.563
2014-02-16 08:05:00,70.195
2014-02-16 08:10:00,70.032
2014-02-16 08:15:00,69.318
2014-02-16 08:20:00,70.18
2014-02-16 08:25:00,68.654
2014-02-16 08:30:00,69.5
2014-02-16 08:35:00,70.715
2014-02-16 08:40:00,69.813
2014-02-16 08:45:00,70.565
2014-02-16 08:50:00,69.479
2014-02-16 08:55:00,66.315
2014-02-16 09:00:00,71.167
2014-02-16 09:05:00,68.524
2014-02-16 09:10:00,66.542
2014-02-16 09:15:00,69.162
2014-02-16 09:20:00,69.83
2014-02-16 09:25:00,67.937
2014-02-16 09:30:00,68.441
2014-02-16 09:35:00,66.127
2014-02-16 09:40:00,67.095
2014-02-16 09:45:00,64.659
2014-02-16 09:50:00,66.468
2014-02-16 09:55:00,68.438
2014-02-16 10:00:00,66.043
2014-02-16 10:05:00,65.782
2014-02-16 10:10:00,66.573
2014-02-16 10:15:00,64.488
2014-02-16 10:20:00,64.824
2014-02-16 10:25:00,66.856
2014-02-16 10:30:00,68.048
2014-02-16 10:35:00,65.708
2014-02-16 10:40:00,63.589
2014-02-16 10:45:00,64.287
2014-02-16 10:50:00,64.06
2014-02-16 10:55:00,66.796
2014-02-16 11:00:00,65.842
2014-02-16 11:05:00,63.725
2014-02-16 11:10:00,64.037
2014-02-16 11:15:00,62.157
2014-02-16 11:20:00,63.074
2014-02-16 11:25:00,62.619
2014-02-16 11:30:00,63.479
2014-02-16 11:35:00,62.371
2014-02-16 11:40:00,61.68
2014-02-16 11:45:00,62.588
2014-02-16 11:50:00,63.051
2014-02-16 11:55:00,63.585
2014-02-16 12:00:00,61.211
2014-02-16 12:05:00,60.043
2014-02-16 12:10:00,62.771
2014-02-16 12:15:00,60.908
2014-02-16 12:20:00,63.648
2014-02-16 12:25:00,62.539
2014-02-16 12:30:00,62.034
2014-02-16 12:35:00,62.965
2014-02-16 12:40:00,62.779
2014-02-16 12:45:00,62.707
2014-02-16 12:50:00,62.689
2014-02-16 12:55:00,62.499
2014-02-16 13:00:00,62.696
2014-02-16 13:05:00,60.139
2014-02-16 13:10:00,62.36
2014-02-16 13:15:00,61.325
2014-02-16 13:20:00,62.082
2014-02-16 13:25:00,60.569
2014-02-16 13:30:00,59.267
2014-02-16 13:35:00,61.931
2014-02-16 13:40:00,59.396
2014-02-16 13:45:00,59.731
2014-02-16 13:50:00,59.873
2014-02-16 13:55:00,62.458
2014-02-16 14:00:00,61.128
2014-02-16 14:05:00,61.873
2014-02-16 14:10:00,60.867
2014-02-16 14:15:00,58.835
2014-02-16 14:20:00,60.808
2014-02-16 14:25:00,61.721
2014-02-16 14:30:00,58.731
2014-02-16 14:35:00,62.971
2014-02-16 14:40:00,57.243
2014-02-16 14:45:00,60.657
2014-02-16 14:50:00,61.279
2014-02-16 14:55:00,58.186
2014-02-16 15:00:00,60.923
2014-02-16 15:05:00,58.36
2014-02-16 15:10:00,60.896
2014-02-16 15:15:00,60.428
2014-02-16 15:20:00,57.917
2014-02-16 15:25:00,58.864
2014-02-16 15:30:00,58.153
2014-02-16 15:35:00,61.107
2014-02-16 15:40:00,60.891
2014-02-16 15:45:00,59.058
2014-02-16 15:50:00,58.971
2014-02-16 15:55:00,60.485
2014-02-16 16:00:00,59.093
2014-02-16 16:05:00,61.349
2014-02-16 16:10:00,59.824
2014-02-16 16:15:00,59.598
2014-02-16 16:20:00,59.405
2014-02-16 16:25:00,59.279
2014-02-16 16:30:00,59.45
2014-02-16 16:35:00,60.627
2014-02-16 16:40:00,59.347
2014-02-16 16:45:00,60.622
2014-02-16 16:50:00,59.986
2014-02-16 16:55:00,62.109
2014-02-16 17:00:00,61.402
2014-02-16 17:05:00,60.345
2014-02-16 17:10:00,61.204
2014-02-16 17:15:00,62.36
2014-02-16 17:20:00,61.249
2014-02-16 17:25:00,61.031
2014-02-16 17:30:00,62.912
2014-02-16 17:35:00,64.283
2014-02-16 17:40:00,62.688
2014-02-16 17:45:00,62.492
2014-02-16 17:50:00,62.465
2014-02-16 17:55:00,62.417
2014-02-16 18:00:00,63.998
2014-02-16 18:05:00,62.234
2014-02-16 18:10:00,62.866
2014-02-16 18:15:00,59.68
2014-02-16 18:20:00,64.919
2014-02-16 18:25:00,64.182
2014-02-16 18:30:00,64.148
2014-02-16 18:35:00,60.98
2014-02-16 18:40:00,65.053
2014-02-16 18:45:00,62.995
2014-02-16 18:50:00,63.5
2014-02-16 18:55:00,65.41
2014-02-16 19:00:00,64.292
2014-02-16 19:05:00,64.99
2014-02-16 19:10:00,63.285
2014-02-16 19:15:00,63.972
2014-02-16 19:20:00,64.635
2014-02-16 19:25:00,65.306
2014-02-16 19:30:00,64.233
2014-02-16 19:35:00,67.118
2014-02-16 19:40:00,64.784
2014-02-16 19:45:00,64.523
2014-02-16 19:50:00,64.663
2014-02-16 19:55:00,64.704
2014-02-16 20:00:00,65.735
2014-02-16 20:05:00,67.529
2014-02-16 20:10:00,65.916
2014-02-16 20:15:00,65.602
2014-02-16 20:20:00,69.059
2014-02-16 20:25:00,68.882
2014-02-16 20:30:00,66.697
2014-02-16 20:35:00,64.923
2014-02-16 20:40:00,68.288
2014-02-16 20:45:00,69.479
2014-02-16 20:50:00,66.916
2014-02-16 20:55:00,68.493
2014-02-16 21:00:00,68.242
2014-02-16 21:05:00,68.777
2014-02-16 21:10:00,69.046
2014-02-16 21:15:00,68.712
2014-02-16 21:20:00,69.998
2014-02-16 21:25:00,67.522
2014-02-16 21:30:00,66.915
2014-02-16 21:35:00,67.377
2014-02-16 21:40:00,71.609
2014-02-16 21:45:00,68.252
2014-02-16 21:50:00,71.082
2014-02-16 21:55:00,71.266
2014-02-16 22:00:00,72.258
2014-02-16 22:05:00,69.349
2014-02-16 22:10:00,68.835
2014-02-16 22:15:00,70.703
2014-02-16 22:20:00,72.15
2014-02-16 22:25:00,72.908
2014-02-16 22:30:00,70.575
2014-02-16 22:35:00,71.323
2014-02-16 22:40:00,71.726
2014-02-16 22:45:00,71.095
2014-02-16 22:50:00,71.53
2014-02-16 22:55:00,69.374
2014-02-16 23:00:00,71.075
2014-02-16 23:05:00,71.314
2014-02-16 23:10:00,70.913
2014-02-16 23:15:00,73.394
2014-02-16 23:20:00,72.666
2014-02-16 23:25:00,73.078
2014-02-16 23:30:00,73.457
2014-02-16 23:35:00,74.336
2014-02-16 23:40:00,71.734
2014-02-16 23:45:00,74.435
2014-02-16 23:50:00,74.037
2014-02-16 23:55:00,73.606
2014-02-17 00:00:00,72.361
2014-02-17 00:05:00,72.124
2014-02-17 00:10:00,73.045
2014-02-17 00:15:00,75.573
2014-02-17 00:20:00,74.571
2014-02-17 00:25:00,74.757
2014-02-17 00:30:00,75.575
2014-02-17 00:35:00,73.72
2014-02-17 00:40:00,75.747
2014-02-17 00:45:00,74.938
2014-02-17 00:50:00,75.816
2014-02-17 00:55:00,76.597
2014-02-17 01:00:00,76.653
2014-02-17 01:05:00,74.025
2014-02-17 01:10:00,74.814
2014-02-17 01:15:00,73.98
2014-02-17 01:20:00,73.464
2014-02-17 01:25:00,73.78
2014-02-17 01:30:00,75.989
2014-02-17 01:35:00,77.367
2014-02-17 01:40:00,75.223
2014-02-17 01:45:00,74.905
2014-02-17 01:50:00,76.719
2014-02-17 01:55:00,74.681
2014-02-17 02:00:00,78.755
2014-02-17 02:05:00,76.7
2014-02-17 02:10:00,76.083
2014-02-17 02:15:00,75.797
2014-02-17 02:20:00,75.422
2014-02-17 02:25:00,74.878
2014-02-17 02:30:00,76.003
2014-02-17 02:35:00,78.959
2014-02-17 02:40:00,75.737
2014-02-17 02:45:00,78.374
2014-02-17 02:50:00,77.911
2014-02-17 02:55:00,76.408
2014-02-17 03:00:00,77.634
2014-02-17 03:05:00,74.891
2014-02-17 03:10:00,76.985
2014-02-17 03:15:00,78.25
2014-02-17 03:20:00,77.333
2014-02-17 03:25:00,77.087
2014-02-17 03:30:00,76.013
2014-02-17 03:35:00,75.435
2014-02-17 03:40:00,76.838
2014-02-17 03:45:00,80.67
2014-02-17 03:50:00,77.342
2014-02-17 03:55:00,75.066
2014-02-17 04:00:00,75.604
2014-02-17 04:05:00,77.475
2014-02-17 04:10:00,77.445
2014-02-17 04:15:00,74.45
2014-02-17 04:20:00,72.992
2014-02-17 04:25:00,78.478
2014-02-17 04:30:00,76.031
2014-02-17 04:35:00,77.027
2014-02-17 04:40:00,76.417
2014-02-17 04:45:00,77.887
2014-02-17 04:50:00,75.765
2014-02-17 04:55:00,78.062
2014-02-17 05:00:00,75.65
2014-02-17 05:05:00,74.419
2014-02-17 05:10:00,75.096
2014-02-17 05:15:00,74.142
2014-02-17 05:20:00,77.191
2014-02-17 05:25:00,77.508
2014-02-17 05:30:00,77.229
2014-02-17 05:35:00,74.311
2014-02-17 05:40:00,76.017
2014-02-17 05:45:00,76.673
2014-02-17 05:50:00,76.537
2014-02-17 05:55:00,76.281
2014-02-17 06:00:00,74.857
2014-02-17 06:05:00,74.886
2014-02-17 06:10:00,74.69
2014-02-17 06:15:00,76.581
2014-02-17 06:20:00,74.441
2014-02-17 06:25:00,75.186
2014-02-17 06:30:00,73.735
2014-02-17 06:35:00,75.117
2014-02-17 06:40:00,71.46
2014-02-17 06:45:00,75.387
2014-02-17 06:50:00,75.448
2014-02-17 06:55:00,74.824
2014-02-17 07:00:00,74.733
2014-02-17 07:05:00,74.229
2014-02-17 07:10:00,73.019
2014-02-17 07:15:00,72.71
2014-02-17 07:20:00,72.673
2014-02-17 07:25:00,73.368
2014-02-17 07:30:00,72.07
2014-02-17 07:35:00,71.239
2014-02-17 07:40:00,72.729
2014-02-17 07:45:00,72.324
2014-02-17 07:50:00,73.171
2014-02-17 07:55:00,70.542
2014-02-17 08:00:00,73.154
2014-02-17 08:05:00,73.454
2014-02-17 08:10:00,72.631
2014-02-17 08:15:00,70.331
2014-02-17 08:20:00,70.269
2014-02-17 08:25:00,70.173
2014-02-17 08:30:00,69.917
2014-02-17 08:35:00,69.687
2014-02-17 08:40:00,70.857
2014-02-17 08:45:00,70.851
2014-02-17 08:50:00,70.096
2014-02-17 08:55:00,69.877
2014-02-17 09:00:00,72.01
2014-02-17 09:05:00,70.414
2014-02-17 09:10:00,69.693
2014-02-17 09:15:00,68.234
2014-02-17 09:20:00,69.656
2014-02-17 09:25:00,69.28
2014-02-17 09:30:00,68.18
2014-02-17 09:35:00,69.254
2014-02-17 09:40:00,66.24
2014-02-17 09:45:00,69.031
2014-02-17 09:50:00,68.708
2014-02-17 09:55:00,67.161
2014-02-17 10:00:00,67.663
2014-02-17 10:05:00,67.766
2014-02-17 10:10:00,68.816
2014-02-17 10:15:00,67.357
2014-02-17 10:20:00,65.863
2014-02-17 10:25:00,67.777
2014-02-17 10:30:00,65.982
2014-02-17 10:35:00,65.662
2014-02-17 10:40:00,65.626
2014-02-17 10:45:00,65.562
2014-02-17 10:50:00,65.669
2014-02-17 10:55:00,66.614
2014-02-17 11:00:00,67.378
2014-02-17 11:05:00,63.807
2014-02-17 11:10:00,67.159
2014-02-17 11:15:00,65.653
2014-02-17 11:20:00,64.19
2014-02-17 11:25:00,65.787
2014-02-17 11:30:00,65.076
2014-02-17 11:35:00,66.044
2014-02-17 11:40:00,62.913
2014-02-17 11:45:00,64.851
2014-02-17 11:50:00,63.328
2014-02-17 11:55:00,66.123
2014-02-17 12:00:00,63.711
2014-02-17 12:05:00,63.703
2014-02-17 12:10:00,64.176
2014-02-17 12:15:00,63.539
2014-02-17 12:20:00,62.759
2014-02-17 12:25:00,66.364
2014-02-17 12:30:00,62.122
2014-02-17 12:35:00,63.738
2014-02-17 12:40:00,60.443
2014-02-17 12:45:00,62.973
2014-02-17 12:50:00,64.443
2014-02-17 12:55:00,62.082
2014-02-17 13:00:00,62.831
2014-02-17 13:05:00,63.383
2014-02-17 13:10:00,62.105
2014-02-17 13:15:00,63.832
2014-02-17 13:20:00,62.409
2014-02-17 13:25:00,62.375
2014-02-17 13:30:00,63.127
2014-02-17 13:35:00,62.165
2014-02-17 13:40:00,63.254
2014-02-17 13:45:00,60.639
2014-02-17 13:50:00,63.361
2014-02-17 13:55:00,63.522
2014-02-17 14:00:00,62.806
2014-02-17 14:05:00,61.246
2014-02-17 14:10:00,63.973
2014-02-17 14:15:00,62.069
2014-02-17 14:20:00,62.144
2014-02-17 14:25:00,61.543
2014-02-17 14:30:00,63.743
2014-02-17 14:35:00,60.23
2014-02-17 14:40:00,61.983
2014-02-17 14:45:00,60.701
2014-02-17 14:50:00,61.013
2014-02-17 14:55:00,63.815
2014-02-17 15:00:00,62.505
2014-02-17 15:05:00,61.751
2014-02-17 15:10:00,61.561
2014-02-17 15:15:00,61.162
2014-02-17 15:20:00,62.369
2014-02-17 15:25:00,60.292
2014-02-17 15:30:00,61.626
2014-02-17 15:35:00,62.263
2014-02-17 15:40:00,62.075
2014-02-17 15:45:00,60.969
2014-02-17 15:50:00,59.636
2014-02-17 15:55:00,61.304
2014-02-17 16:00:00,61.758
2014-02-17 16:05:00,61.555
2014-02-17 16:10:00,60.386
2014-02-17 16:15:00,62.397
2014-02-17 16:20:00,61.843
2014-02-17 16:25:00,62.148
2014-02-17 16:30:00,62.556
2014-02-17 16:35:00,62.503
2014-02-17 16:40:00,62.443
2014-02-17 16:45:00,62.456
2014-02-17 16:50:00,63.712
2014-02-17 16:55:00,60.981
2014-02-17 17:00:00,63.394
2014-02-17 17:05:00,62.788
2014-02-17 17:10:00,62.612
2014-02-17 17:15:00,62.918
2014-02-17 17:20:00,62.409
2014-02-17 17:25:00,62.615
2014-02-17 17:30:00,63.168
2014-02-17 17:35:00,62.37
2014-02-17 17:40:00,61.79
2014-02-17 17:45:00,62.959
2014-02-17 17:50:00,64.425
2014-02-17 17:55:00,62.982
2014-02-17 18:00:00,64.897
2014-02-17 18:05:00,65.492
2014-02-17 18:10:00,64.552
2014-02-17 18:15:00,64.072
2014-02-17 18:20:00,64.184
2014-02-17 18:25:00,65.845
2014-02-17 18:30:00,62.836
2014-02-17 18:35:00,64.161
2014-02-17 18:40:00,64.052
2014-02-17 18:45:00,65.11
2014-02-17 18:50:00,64.656
2014-02-17 18:55:00,65.942
2014-02-17 19:00:00,65.119
2014-02-17 19:05:00,65.531
2014-02-17 19:10:00,65.506
2014-02-17 19:15:00,66.601
2014-02-17 19:20:00,66.168
2014-02-17 19:25:00,69.027
2014-02-17 19:30:00,67.344
2014-02-17 19:35:00,65.508
2014-02-17 19:40:00,67.111
2014-02-17 19:45:00,65.098
2014-02-17 19:50:00,64.707
2014-02-17 19:55:00,67.362
2014-02-17 20:00:00,67.209
2014-02-17 20:05:00,66.462
2014-02-17 20:10:00,69.687
2014-02-17 20:15:00,68.824
2014-02-17 20:20:00,69.747
2014-02-17 20:25:00,69.949
2014-02-17 20:30:00,69.581
2014-02-17 20:35:00,69.773
2014-02-17 20:40:00,68.949
2014-02-17 20:45:00,69.935
2014-02-17 20:50:00,69.336
2014-02-17 20:55:00,69.203
2014-02-17 21:00:00,71.422
2014-02-17 21:05:00,69.423
2014-02-17 21:10:00,69.724
2014-02-17 21:15:00,71.21
2014-02-17 21:20:00,70.052
2014-02-17 21:25:00,70.998
2014-02-17 21:30:00,70.034
2014-02-17 21:35:00,70.681
2014-02-17 21:40:00,70.243
2014-02-17 21:45:00,71.51
2014-02-17 21:50:00,71.75
2014-02-17 21:55:00,75.03
2014-02-17 22:00:00,72.476
2014-02-17 22:05:00,72.164
2014-02-17 22:10:00,75.251
2014-02-17 22:15:00,73.356
2014-02-17 22:20:00,73.617
2014-02-17 22:25:00,73.611
2014-02-17 22:30:00,73.007
2014-02-17 22:35:00,72.534
2014-02-17 22:40:00,72.56
2014-02-17 22:45:00,72.315
2014-02-17 22:50:00,71.925
2014-02-17 22:55:00,73.961
2014-02-17 23:00:00,73.806
2014-02-17 23:05:00,73.878
2014-02-17 23:10:00,73.069
2014-02-17 23:15:00,73.851
2014-02-17 23:20:00,75.106
2014-02-17 23:25:00,75.155
2014-02-17 23:30:00,75.124
2014-02-17 23:35:00,75.111
2014-02-17 23:40:00,75.586
2014-02-17 23:45:00,72.724
2014-02-17 23:50:00,77.424
2014-02-17 23:55:00,75.545
2014-02-18 00:00:00,74.806
2014-02-18 00:05:00,75.518
2014-02-18 00:10:00,74.836
2014-02-18 00:15:00,76.493
2014-02-18 00:20:00,74.935
2014-02-18 00:25:00,76.005
2014-02-18 00:30:00,76.867
2014-02-18 00:35:00,75.904
2014-02-18 00:40:00,77.827
2014-02-18 00:45:00,75.959
2014-02-18 00:50:00,78.786
2014-02-18 00:55:00,75.846
2014-02-18 01:00:00,76.126
2014-02-18 01:05:00,77.971
2014-02-18 01:10:00,77.161
2014-02-18 01:15:00,75.959
2014-02-18 01:20:00,77.222
2014-02-18 01:25:00,77.187
2014-02-18 01:30:00,79.464
2014-02-18 01:35:00,77.371
2014-02-18 01:40:00,76.076
2014-02-18 01:45:00,76.927
2014-02-18 01:50:00,78.806
2014-02-18 01:55:00,76.153
2014-02-18 02:00:00,78.44
2014-02-18 02:05:00,76.286
2014-02-18 02:10:00,76.341
2014-02-18 02:15:00,78.182
2014-02-18 02:20:00,79.914
2014-02-18 02:25:00,76.596
2014-02-18 02:30:00,77.716
2014-02-18 02:35:00,78.872
2014-02-18 02:40:00,79.526
2014-02-18 02:45:00,78.478
2014-02-18 02:50:00,79.582
2014-02-18 02:55:00,78.556
2014-02-18 03:00:00,77.339
2014-02-18 03:05:00,78.944
2014-02-18 03:10:00,79.497
2014-02-18 03:15:00,79.564
2014-02-18 03:20:00,78.161
2014-02-18 03:25:00,77.297
2014-02-18 03:30:00,80.466
2014-02-18 03:35:00,78.215
2014-02-18 03:40:00,80.455
2014-02-18 03:45:00,77.871
2014-02-18 03:50:00,78.842
2014-02-18 03:55:00,78.941
2014-02-18 04:00:00,75.978
2014-02-18 04:05:00,76.651
2014-02-18 04:10:00,78.168
2014-02-18 04:15:00,77.367
2014-02-18 04:20:00,78.712
2014-02-18 04:25:00,77.941
2014-02-18 04:30:00,80.197
2014-02-18 04:35:00,77.439
2014-02-18 04:40:00,78.668
2014-02-18 04:45:00,79.027
2014-02-18 04:50:00,76.373
2014-02-18 04:55:00,79.145
2014-02-18 05:00:00,79.819
2014-02-18 05:05:00,78.176
2014-02-18 05:10:00,74.714
2014-02-18 05:15:00,78.583
2014-02-18 05:20:00,76.882
2014-02-18 05:25:00,77.012
2014-02-18 05:30:00,75.512
2014-02-18 05:35:00,76.357
2014-02-18 05:40:00,78.381
2014-02-18 05:45:00,76.383
2014-02-18 05:50:00,75.104
2014-02-18 05:55:00,75.065
2014-02-18 06:00:00,77.771
2014-02-18 06:05:00,77.699
2014-02-18 06:10:00,75.362
2014-02-18 06:15:00,77.838
2014-02-18 06:20:00,74.912
2014-02-18 06:25:00,76.535
2014-02-18 06:30:00,76.618
2014-02-18 06:35:00,77.531
2014-02-18 06:40:00,74.627
2014-02-18 06:45:00,73.487
2014-02-18 06:50:00,77.19
2014-02-18 06:55:00,75.623
2014-02-18 07:00:00,75.613
2014-02-18 07:05:00,74.326
2014-02-18 07:10:00,74.985
2014-02-18 07:15:00,73.065
2014-02-18 07:20:00,75.038
2014-02-18 07:25:00,77.133
2014-02-18 07:30:00,73.1
2014-02-18 07:35:00,74.087
2014-02-18 07:40:00,72.472
2014-02-18 07:45:00,73.979
2014-02-18 07:50:00,74.614
2014-02-18 07:55:00,74.43
2014-02-18 08:00:00,72.992
2014-02-18 08:05:00,71.846
2014-02-18 08:10:00,72.608
2014-02-18 08:15:00,71.26
2014-02-18 08:20:00,73.475
2014-02-18 08:25:00,74.618
2014-02-18 08:30:00,72.721
2014-02-18 08:35:00,71.043
2014-02-18 08:40:00,72.972
2014-02-18 08:45:00,71.492
2014-02-18 08:50:00,73.007
2014-02-18 08:55:00,70.476
2014-02-18 09:00:00,70.102
2014-02-18 09:05:00,71.232
2014-02-18 09:10:00,69.013
2014-02-18 09:15:00,70.98
2014-02-18 09:20:00,70.231
2014-02-18 09:25:00,72.49
2014-02-18 09:30:00,71.715
2014-02-18 09:35:00,69.542
2014-02-18 09:40:00,68.771
2014-02-18 09:45:00,71.912
2014-02-18 09:50:00,71.213
2014-02-18 09:55:00,68.733
2014-02-18 10:00:00,69.281
2014-02-18 10:05:00,68.908
2014-02-18 10:10:00,69.097
2014-02-18 10:15:00,71.016
2014-02-18 10:20:00,69.016
2014-02-18 10:25:00,67.383
2014-02-18 10:30:00,68.57
2014-02-18 10:35:00,67.509
2014-02-18 10:40:00,68.191
2014-02-18 10:45:00,67.958
2014-02-18 10:50:00,67.656
2014-02-18 10:55:00,68.826
2014-02-18 11:00:00,68.285
2014-02-18 11:05:00,66.074
2014-02-18 11:10:00,67.782
2014-02-18 11:15:00,65.215
2014-02-18 11:20:00,66.227
2014-02-18 11:25:00,66.094
2014-02-18 11:30:00,66.345
2014-02-18 11:35:00,66.255
2014-02-18 11:40:00,64.739
2014-02-18 11:45:00,68.628
2014-02-18 11:50:00,68.283
2014-02-18 11:55:00,67.1
2014-02-18 12:00:00,65.615
2014-02-18 12:05:00,66.326
2014-02-18 12:10:00,67.464
2014-02-18 12:15:00,65.674
2014-02-18 12:20:00,64.022
2014-02-18 12:25:00,65.87
2014-02-18 12:30:00,66.64
2014-02-18 12:35:00,66.008
2014-02-18 12:40:00,63.156
2014-02-18 12:45:00,66.445
2014-02-18 12:50:00,64.558
2014-02-18 12:55:00,63.123
2014-02-18 13:00:00,65.663
2014-02-18 13:05:00,63.685
2014-02-18 13:10:00,65.297
2014-02-18 13:15:00,64.877
2014-02-18 13:20:00,63.729
2014-02-18 13:25:00,64.549
2014-02-18 13:30:00,64.381
2014-02-18 13:35:00,66.057
2014-02-18 13:40:00,62.826
2014-02-18 13:45:00,61.584
2014-02-18 13:50:00,62.347
2014-02-18 13:55:00,64.851
2014-02-18 14:00:00,63.683
2014-02-18 14:05:00,62.269
2014-02-18 14:10:00,62.874
2014-02-18 14:15:00,61.521
2014-02-18 14:20:00,60.146
2014-02-18 14:25:00,64.714
2014-02-18 14:30:00,64.451
2014-02-18 14:35:00,62.982
2014-02-18 14:40:00,62.178
2014-02-18 14:45:00,62.937
2014-02-18 14:50:00,64.556
2014-02-18 14:55:00,62.302
2014-02-18 15:00:00,62.347
2014-02-18 15:05:00,62.665
2014-02-18 15:10:00,62.153
2014-02-18 15:15:00,63.902
2014-02-18 15:20:00,62.705
2014-02-18 15:25:00,62.494
2014-02-18 15:30:00,64.709
2014-02-18 15:35:00,66.232
2014-02-18 15:40:00,63.933
2014-02-18 15:45:00,64.214
2014-02-18 15:50:00,64.07
2014-02-18 15:55:00,63.449
2014-02-18 16:00:00,63.164
2014-02-18 16:05:00,61.93
2014-02-18 16:10:00,64.639
2014-02-18 16:15:00,62.706
2014-02-18 16:20:00,63.234
2014-02-18 16:25:00,61.936
2014-02-18 16:30:00,62.708
2014-02-18 16:35:00,64.556
2014-02-18 16:40:00,64.292
2014-02-18 16:45:00,63.809
2014-02-18 16:50:00,64.962
2014-02-18 16:55:00,62.334
2014-02-18 17:00:00,64.436
2014-02-18 17:05:00,65.132
2014-02-18 17:10:00,62.822
2014-02-18 17:15:00,64.94
2014-02-18 17:20:00,66.279
2014-02-18 17:25:00,64.083
2014-02-18 17:30:00,64.607
2014-02-18 17:35:00,66.307
2014-02-18 17:40:00,65.368
2014-02-18 17:45:00,65.316
2014-02-18 17:50:00,64.252
2014-02-18 17:55:00,64.863
2014-02-18 18:00:00,62.425
2014-02-18 18:05:00,66.433
2014-02-18 18:10:00,64.581
2014-02-18 18:15:00,65.856
2014-02-18 18:20:00,66.346
2014-02-18 18:25:00,66.008
2014-02-18 18:30:00,67.657
2014-02-18 18:35:00,66.428
2014-02-18 18:40:00,66.534
2014-02-18 18:45:00,66.211
2014-02-18 18:50:00,68.426
2014-02-18 18:55:00,65.379
2014-02-18 19:00:00,66.064
2014-02-18 19:05:00,67.21
2014-02-18 19:10:00,66.941
2014-02-18 19:15:00,66.497
2014-02-18 19:20:00,70.002
2014-02-18 19:25:00,69.176
2014-02-18 19:30:00,70.187
2014-02-18 19:35:00,69.004
2014-02-18 19:40:00,69.515
2014-02-18 19:45:00,70.161
2014-02-18 19:50:00,67.005
2014-02-18 19:55:00,69.854
2014-02-18 20:00:00,68.383
2014-02-18 20:05:00,68.803
2014-02-18 20:10:00,69.188
2014-02-18 20:15:00,71.838
2014-02-18 20:20:00,69.081
2014-02-18 20:25:00,69.07
2014-02-18 20:30:00,69.427
2014-02-18 20:35:00,71.982
2014-02-18 20:40:00,72.671
2014-02-18 20:45:00,70.61
2014-02-18 20:50:00,69.754
2014-02-18 20:55:00,73.068
2014-02-18 21:00:00,69.316
2014-02-18 21:05:00,70.905
2014-02-18 21:10:00,72.269
2014-02-18 21:15:00,71.799
2014-02-18 21:20:00,72.092
2014-02-18 21:25:00,71.721
2014-02-18 21:30:00,72.527
2014-02-18 21:35:00,73.544
2014-02-18 21:40:00,72.969
2014-02-18 21:45:00,73.168
2014-02-18 21:50:00,72.755
2014-02-18 21:55:00,74.42
2014-02-18 22:00:00,70.809
2014-02-18 22:05:00,75.523
2014-02-18 22:10:00,75.091
2014-02-18 22:15:00,73.318
2014-02-18 22:20:00,74.182
2014-02-18 22:25:00,74.149
2014-02-18 22:30:00,73.659
2014-02-18 22:35:00,74.208
2014-02-18 22:40:00,74.04
2014-02-18 22:45:00,73.884
2014-02-18 22:50:00,74.88
2014-02-18 22:55:00,76.258
2014-02-18 23:00:00,76.589
2014-02-18 23:05:00,74.444
2014-02-18 23:10:00,74.983
2014-02-18 23:15:00,75.777
2014-02-18 23:20:00,75.629
2014-02-18 23:25:00,77.68
2014-02-18 23:30:00,78.07
2014-02-18 23:35:00,76.201
2014-02-18 23:40:00,76.303
2014-02-18 23:45:00,77.974
2014-02-18 23:50:00,76.417
2014-02-18 23:55:00,76.991
2014-02-19 00:00:00,76.471
2014-02-19 00:05:00,77.627
2014-02-19 00:10:00,77.572
2014-02-19 00:15:00,75.06
2014-02-19 00:20:00,76.985
2014-02-19 00:25:00,77.401
2014-02-19 00:30:00,78.338
2014-02-19 00:35:00,75.989
2014-02-19 00:40:00,78.128
2014-02-19 00:45:00,78.292
2014-02-19 00:50:00,76.543
2014-02-19 00:55:00,79.613
2014-02-19 01:00:00,78.116
2014-02-19 01:05:00,77.081
2014-02-19 01:10:00,78.48
2014-02-19 01:15:00,78.309
2014-02-19 01:20:00,79.969
2014-02-19 01:25:00,78.134
2014-02-19 01:30:00,78.372
2014-02-19 01:35:00,79.112
2014-02-19 01:40:00,78.595
2014-02-19 01:45:00,80.37
2014-02-19 01:50:00,78.514
2014-02-19 01:55:00,78.836
2014-02-19 02:00:00,78.95
2014-02-19 02:05:00,80.002
2014-02-19 02:10:00,79.391
2014-02-19 02:15:00,78.625
2014-02-19 02:20:00,79.08
2014-02-19 02:25:00,79.587
2014-02-19 02:30:00,80.312
2014-02-19 02:35:00,78.235
2014-02-19 02:40:00,81.692
2014-02-19 02:45:00,80.501
2014-02-19 02:50:00,80.147
2014-02-19 02:55:00,80.498
2014-02-19 03:00:00,79.372
2014-02-19 03:05:00,81.323
2014-02-19 03:10:00,80.311
2014-02-19 03:15:00,78.187
2014-02-19 03:20:00,80.521
2014-02-19 03:25:00,78.862
2014-02-19 03:30:00,80.583
2014-02-19 03:35:00,79.76
2014-02-19 03:40:00,80.87
2014-02-19 03:45:00,80.276
2014-02-19 03:50:00,80.647
2014-02-19 03:55:00,79.769
2014-02-19 04:00:00,78.267
2014-02-19 04:05:00,79.459
2014-02-19 04:10:00,80.04
2014-02-19 04:15:00,80.293
2014-02-19 04:20:00,80.39
2014-02-19 04:25:00,77.293
2014-02-19 04:30:00,79.6
2014-02-19 04:35:00,80.593
2014-02-19 04:40:00,78.761
2014-02-19 04:45:00,77.432
2014-02-19 04:50:00,78.675
2014-02-19 04:55:00,78.865
2014-02-19 05:00:00,80.476
2014-02-19 05:05:00,80.02
2014-02-19 05:10:00,78.195
2014-02-19 05:15:00,77.66
2014-02-19 05:20:00,77.832
2014-02-19 05:25:00,80.223
2014-02-19 05:30:00,78.337
2014-02-19 05:35:00,78.721
2014-02-19 05:40:00,78.289
2014-02-19 05:45:00,81.099
2014-02-19 05:50:00,80.376
2014-02-19 05:55:00,77.674
2014-02-19 06:00:00,76.853
2014-02-19 06:05:00,75.074
2014-02-19 06:10:00,78.518
2014-02-19 06:15:00,78.256
2014-02-19 06:20:00,77.013
2014-02-19 06:25:00,76.362
2014-02-19 06:30:00,78.241
2014-02-19 06:35:00,78.812
2014-02-19 06:40:00,75.371
2014-02-19 06:45:00,77.457
2014-02-19 06:50:00,78.199
2014-02-19 06:55:00,77.091
2014-02-19 07:00:00,76.711
2014-02-19 07:05:00,74.534
2014-02-19 07:10:00,77.208
2014-02-19 07:15:00,75.171
2014-02-19 07:20:00,76.638
2014-02-19 07:25:00,75.471
2014-02-19 07:30:00,77.893
2014-02-19 07:35:00,73.548
2014-02-19 07:40:00,75.404
2014-02-19 07:45:00,77.043
2014-02-19 07:50:00,76.006
2014-02-19 07:55:00,74.116
2014-02-19 08:00:00,73.707
2014-02-19 08:05:00,74.398
2014-02-19 08:10:00,74.066
2014-02-19 08:15:00,74.599
2014-02-19 08:20:00,72.533
2014-02-19 08:25:00,74.873
2014-02-19 08:30:00,73.153
2014-02-19 08:35:00,73.474
2014-02-19 08:40:00,73.469
2014-02-19 08:45:00,72.586
2014-02-19 08:50:00,71.574
2014-02-19 08:55:00,73.517
2014-02-19 09:00:00,70.174
2014-02-19 09:05:00,74.007
2014-02-19 09:10:00,72.16
2014-02-19 09:15:00,72.423
2014-02-19 09:20:00,70.64
2014-02-19 09:25:00,70.15
2014-02-19 09:30:00,70.382
2014-02-19 09:35:00,73.419
2014-02-19 09:40:00,70.926
2014-02-19 09:45:00,71.437
2014-02-19 09:50:00,71.124
2014-02-19 09:55:00,71.431
2014-02-19 10:00:00,71.449
2014-02-19 10:05:00,70.925
2014-02-19 10:10:00,71.297
2014-02-19 10:15:00,70.749
2014-02-19 10:20:00,70.446
2014-02-19 10:25:00,69.751
2014-02-19 10:30:00,68.711
2014-02-19 10:35:00,69.43
2014-02-19 10:40:00,70.58
2014-02-19 10:45:00,69.553
2014-02-19 10:50:00,70.139
2014-02-19 10:55:00,68.278
2014-02-19 11:00:00,69.89
2014-02-19 11:05:00,65.914
2014-02-19 11:10:00,68.564
2014-02-19 11:15:00,66.863
2014-02-19 11:20:00,67.645
2014-02-19 11:25:00,66.412
2014-02-19 11:30:00,66.538
2014-02-19 11:35:00,68.331
2014-02-19 11:40:00,67.443
2014-02-19 11:45:00,69.055
2014-02-19 11:50:00,67.462
2014-02-19 11:55:00,66.658
2014-02-19 12:00:00,68.336
2014-02-19 12:05:00,67.447
2014-02-19 12:10:00,67.226
2014-02-19 12:15:00,66.702
2014-02-19 12:20:00,64.373
2014-02-19 12:25:00,67.11
2014-02-19 12:30:00,65.541
2014-02-19 12:35:00,68.171
2014-02-19 12:40:00,66.188
2014-02-19 12:45:00,65.764
2014-02-19 12:50:00,64.761
2014-02-19 12:55:00,68.257
2014-02-19 13:00:00,64.752
2014-02-19 13:05:00,65.893
2014-02-19 13:10:00,64.838
2014-02-19 13:15:00,64.066
2014-02-19 13:20:00,63.723
2014-02-19 13:25:00,65.031
2014-02-19 13:30:00,64.752
2014-02-19 13:35:00,65.642
2014-02-19 13:40:00,64.249
2014-02-19 13:45:00,62.806
2014-02-19 13:50:00,62.378
2014-02-19 13:55:00,63.597
2014-02-19 14:00:00,65.498
2014-02-19 14:05:00,65.978
2014-02-19 14:10:00,64.12
2014-02-19 14:15:00,63.404
2014-02-19 14:20:00,64.426
2014-02-19 14:25:00,65.229
2014-02-19 14:30:00,65.228
2014-02-19 14:35:00,64.277
2014-02-19 14:40:00,63.881
2014-02-19 14:45:00,63.55
2014-02-19 14:50:00,65.639
2014-02-19 14:55:00,65.63
2014-02-19 15:00:00,63.002
2014-02-19 15:05:00,63.521
2014-02-19 15:10:00,64.894
2014-02-19 15:15:00,62.159
2014-02-19 15:20:00,62.414
2014-02-19 15:25:00,65.434
2014-02-19 15:30:00,65.466
2014-02-19 15:35:00,64.067
2014-02-19 15:40:00,63.511
2014-02-19 15:45:00,63.516
2014-02-19 15:50:00,63.272
2014-02-19 15:55:00,62.099
2014-02-19 16:00:00,63.415
2014-02-19 16:05:00,63.602
2014-02-19 16:10:00,66.648
2014-02-19 16:15:00,64.497
2014-02-19 16:20:00,64.555
2014-02-19 16:25:00,65.602
